1|1|7,8,15;15,16,15;16,17,16;24,25,9;28,29,15;29,30,16;35,36,10
1|2|24,25,15;29,30,9;34,35,10
1|3|1,2,16;9,10,9;13,14,15;14,15,16;20,21,10
1|4|2,3,9;15,16,15;16,17,16;20,21,10
1|5|37,38,10
1|6|9,10,15;10,11,16;16,17,9;20,21,15;31,32,10
1|7|4,5,9;8,9,15;47,48,15;77,78,15;78,79,16;82,84,11;87,88,10
2|1|1,3,11;3,5,11
2|2|2,3,9;8,9,15;15,16,9;43,50,2;59,60,10
2|3|24,25,15;47,48,15;48,49,16;54,55,17;55,56,9;63,66,0;72,74,14;76,77,9;84,87,6;89,90,10
2|4|2,3,15;28,30,13;33,36,6;52,54,13;57,60,6;65,69,6;69,71,14;80,81,15;104,105,10
2|5|2,4,17;6,8,12;23,30,1;30,35,2;49,51,17;53,55,12;65,66,15;76,77,10
2|6|2,5,0;6,7,15;23,25,17;30,32,12;50,53,6;74,77,6;96,97,10
2|7|7,8,15;62,65,13;68,70,14;72,73,9;84,85,9;88,95,1;114,115,10
2|8|7,8,15;8,9,16;9,12,0;18,22,1;33,36,0;40,41,15;52,53,15;62,63,15;80,84,7;92,93,10
2|9|4,5,9;13,14,15;23,24,15;41,43,17;67,69,13;72,75,6;96,97,10
2|10|13,18,5;21,26,6;36,37,15;49,57,1;78,82,8;93,95,17;104,105,10
2|11|34,36,17;41,42,15;56,58,13;58,60,17;63,66,0;85,86,10
2|12|4,6,13;9,12,0;22,23,15;41,42,9;44,49,2;59,60,10
2|13|29,31,17;36,38,13;47,48,15;48,49,16;49,52,0;61,63,13;63,65,17;81,83,13;92,93,15;93,94,16;101,103,12;112,114,13;117,120,0;130,131,15;131,132,16;139,141,12;148,149,9;151,156,2;166,167,10
2|14|13,15,17;16,17,15;34,36,17;42,44,13;44,46,17;52,55,0;71,73,17;85,86,9;101,103,13;103,105,17;108,111,0;124,127,0;150,151,10
2|15|52,53,9;68,69,10
2|16|2,4,17;6,8,12;13,14,15;23,24,15;32,34,17;35,36,15;36,37,16;42,43,9;50,51,15;79,80,9;101,103,17;112,113,10
2|17|20,21,15;28,29,15;44,50,6;52,55,0;55,57,13;62,64,12;81,82,9;90,91,15;133,134,9;135,141,2;145,147,14;151,152,10
2|18|2,6,0;4,8,8;19,24,6;41,42,10
2|19|13,19,1;22,23,15;23,24,16;29,31,12;46,47,9;48,53,1;58,63,1;68,73,1;73,75,14;87,88,9;99,101,13;112,117,5;120,121,15;121,122,16;127,128,9;140,141,15;154,155,15;168,172,8;173,174,15;178,179,9;183,184,10
2|20|8,9,15;29,31,14;33,34,9;50,52,13;57,59,12;66,71,5;75,77,17;90,92,13;119,121,17;133,135,12;138,139,15;172,174,14;176,177,9;188,191,0;192,193,15;218,223,6;225,226,10
2|21|2,4,13;13,14,15;14,15,16;15,18,0;22,23,15;30,32,17;43,44,15;64,65,15;76,80,6;80,82,14;108,109,10
2|22|22,23,15;36,37,9;38,44,1;44,45,15;45,46,16;51,53,12;60,62,12;63,68,1;70,73,6;81,82,15;82,83,16;88,90,12;95,97,12;98,103,6;116,117,9;123,124,15;124,125,16;132,133,9;141,148,2;163,165,14;170,172,17;183,186,6;188,194,1;196,199,6;210,211,10
2|23|4,8,6;8,11,6;23,29,1;29,32,0;54,56,14;69,71,17;80,86,1;86,91,1;97,98,9;101,102,15;102,104,14;107,109,17;116,118,12;122,127,5;127,131,6;135,136,15;145,149,6;149,152,6;157,158,9;162,163,10
2|24|4,9,2;21,23,17;28,32,6;39,41,17;44,45,15;51,53,17;54,55,15;55,56,16;56,59,0;63,64,15;82,83,15;83,84,16;84,87,0;93,94,15;124,125,9;129,130,10
2|25|10,11,15;28,30,17;40,42,17;43,44,15;44,45,16;48,49,9;53,54,9;59,62,0;72,75,0;75,76,9;77,82,6;82,84,14;90,94,6;102,103,15;111,112,9;133,135,17;146,150,6;155,161,2;164,172,6;176,178,17;181,182,9;186,187,15;198,200,14;206,210,6;210,212,14;224,226,17;231,232,9;239,240,9;243,251,1;263,265,13;272,273,9;274,280,1;288,295,1;309,310,9;314,315,10
2|26|4,7,0;8,9,15;30,32,13;35,39,1;51,58,1;68,73,6;93,96,0;98,99,15;116,118,17;135,138,0;141,142,15;152,157,2;171,174,0;176,177,15;193,195,17;214,216,13;225,226,15;237,238,9;247,255,1;265,266,9;273,279,1;291,292,9;299,307,1;323,325,13;333,334,15;338,339,9;343,344,10
2|27|12,15,6;28,29,15;39,42,8;53,54,9;58,59,9;64,66,14;76,78,13;86,87,15;98,100,13;103,107,1;131,132,15;145,147,17;149,151,12;161,162,15;166,167,9;171,172,10
2|28|21,22,15;33,36,6;45,46,9;47,53,6;59,60,9;69,72,0;87,90,0;105,108,0;126,127,10
2|29|5,6,15;24,29,5;35,36,15;51,57,6;57,60,0;61,62,15;68,71,13;78,79,15;79,80,16;85,87,12;98,99,9;101,104,0;107,109,14;116,117,9;119,120,9;121,128,1;152,153,10
2|30|29,31,12;40,43,0;51,56,6;58,59,15;76,83,6;86,88,13;88,90,17;95,97,14;111,115,1;140,141,15;141,142,16;147,149,12;209,212,0;212,214,13;240,241,10
2|31|18,19,15;27,29,12;43,46,0;64,65,15;71,73,12;91,93,8;110,112,12;117,119,12;123,125,12;130,134,6;134,137,6;142,143,9;147,148,10
2|32|6,8,17;11,13,14;15,16,9;36,38,13;61,63,13;68,71,0;76,79,6;80,81,15;91,92,15;98,99,10
2|33|8,10,12;22,24,8;29,33,7;39,41,12;54,57,0;57,59,13;63,65,8;70,74,7;80,82,12;118,121,0;121,123,13;140,141,15;141,142,16;147,148,9;150,151,9;156,157,15;183,185,14;199,202,6;213,214,10
2|34|23,25,12;32,33,15;40,42,17;60,62,13;62,64,17;70,72,13;75,77,14;122,123,9;127,128,10
2|35|12,14,12;23,24,15;33,36,6;48,49,15;53,56,0;108,110,14;118,119,9;124,125,15;125,126,16;152,153,15;153,154,16;157,158,9;162,163,10
2|36|15,16,15;16,17,16;24,25,9;54,57,0;84,85,15;92,94,17;121,128,1;139,140,15;159,164,1;168,169,9;181,182,10
2|37|9,12,13;23,28,2;33,34,9;41,42,9;43,48,6;67,70,0;72,73,9;79,80,15;80,81,16;91,92,15;92,93,16;98,99,10
2|38|8,9,15;16,18,17;33,41,6;43,46,0;56,59,0;61,66,5;66,69,0;74,80,6;82,86,6;142,143,10
2|39|2,3,15;19,21,17;32,34,17;43,44,9;48,50,13;53,55,17;57,59,12;70,71,9;74,75,15;75,76,16;76,79,0;99,100,9;104,105,10
2|40|2,3,9;7,9,13;16,18,12;24,25,15;32,34,17;46,47,15;52,54,13;86,88,17;97,99,13;126,127,9;132,133,15;139,140,10
2|41|10,12,17;17,19,13;22,25,6;38,45,2;71,73,13;73,75,17;90,94,8;97,98,9;116,118,17;127,128,9;137,143,6;147,153,1;158,159,9;164,165,15;170,171,10
2|42|15,17,17;18,19,15;29,30,15;34,35,9;51,53,17;54,55,15;67,70,6;81,82,10
2|43|10,12,17;13,14,15;14,15,16;20,21,17;21,22,9;33,35,17;36,37,15;37,38,16;43,44,17;44,45,9;50,51,15;58,60,17;66,67,15;67,68,16;71,72,9;76,77,10
2|44|16,17,15;17,18,16;18,21,0;27,28,15;40,43,6;50,53,6;64,67,6;80,81,15;87,88,9;109,110,10
2|45|2,3,15;13,15,17;18,19,15;19,20,16;23,25,14;30,31,15;31,32,16;37,38,17;38,39,9;48,51,0;80,81,15;85,86,9;90,91,10
2|46|14,17,0;23,26,0;28,33,5;35,36,9;39,41,17;56,59,0;75,76,9;80,81,10
2|47|2,3,9;7,9,13;16,18,12;24,25,15;32,34,17;46,47,15;52,54,13;81,84,0;106,107,15;111,112,9;116,117,10
2|48|2,3,15;9,11,17;17,24,2;28,30,14;43,48,1;51,56,6;60,66,1;72,74,14;91,92,9;95,100,1;123,125,14;126,131,1;142,145,6;147,148,10
2|49|16,17,9;19,24,5;61,63,12;66,67,15;92,94,14;96,98,12;125,127,12;144,145,9;149,153,7;155,157,12;158,164,1;164,169,2;181,182,10
2|50|11,13,14;24,25,15;38,41,6;45,46,9;59,61,14;63,65,13;87,90,6;95,98,6;100,101,10
2|51|9,10,9;12,14,14;23,26,13;46,51,6;51,54,0;55,56,15;68,69,15;73,75,14;81,84,8;91,92,9;97,100,6;105,106,9;110,111,10
2|52|2,5,0;18,21,6;21,26,5;27,30,8;38,39,9;64,65,10
2|53|25,26,15;32,33,9;38,39,15;71,72,10
2|54|31,32,9;35,36,9;45,48,0;66,69,6;73,77,7;77,78,15;91,92,15;96,98,14;108,110,13;110,112,17;134,135,15;135,137,14;141,143,13;143,145,17;148,151,6;160,161,9;173,179,2;186,189,6;225,228,0;230,231,9;237,238,15;238,239,16;249,250,15;250,251,16;256,257,10
2|55|18,19,9;29,34,1;60,61,15;75,80,6;93,94,15;94,95,16;98,99,9;110,113,6;118,121,6;123,124,10
2|56|2,5,0;14,15,9;17,22,5;23,26,8;63,64,10
2|57|24,25,15;39,42,6;59,60,15;64,67,0;70,71,15;71,72,16;89,91,17;94,98,6;103,104,9;115,117,14;119,120,9;148,149,9;151,155,6;158,160,13;160,162,17;165,168,6;183,184,10
2|58|15,16,15;16,18,14;23,25,17;28,29,9;34,35,15;53,55,17;85,91,1;91,92,15;92,94,14;99,101,17;102,103,15;117,123,1;129,131,17;138,144,1;162,163,9;165,166,9;185,186,15;196,197,10
2|59|10,11,15;27,29,17;45,46,15;70,73,6;85,86,15;102,104,17;107,109,14;110,117,1;120,121,15;121,122,16;127,129,12;144,146,17;155,156,10
2|60|9,10,15;39,40,9;51,52,15;69,70,15;83,84,15;84,87,6;101,102,15;124,132,6;132,134,14;154,160,1;178,180,17;183,184,15;191,193,17;196,201,2;206,207,15;228,230,17;235,236,15;253,254,10
2|61|18,19,9;29,34,1;54,59,1;59,60,9;63,68,6;68,69,15;69,71,14;94,96,14;105,108,0;113,115,8;119,120,15;132,135,8;136,138,14;151,153,12;210,212,14;220,221,15;235,237,14;244,245,15;266,267,15;274,276,17;282,288,6;290,293,0;298,303,5;340,341,15;341,342,16;353,354,15;371,373,12;384,390,1;393,394,15;405,406,9;415,418,0;429,431,17;452,453,9;456,457,15;468,470,14;478,479,15;479,480,16;480,483,0;513,514,9;530,532,17;542,544,17;553,554,10
2|62|2,5,0;6,7,15;24,26,17;29,30,15;45,47,17;50,51,15;51,52,16;52,55,0;57,58,9;65,66,15;66,67,16;70,71,9;95,96,15;105,106,15;115,116,15;136,137,9;140,146,6;155,157,14;166,169,6;223,224,10
2|63|22,23,9;53,54,15;54,55,16;67,69,17;72,74,13;84,85,9;87,91,7;97,102,1;102,103,15;110,112,17;142,143,10
2|64|2,5,0;17,22,5;23,26,8;34,35,9;59,60,15;90,91,9;96,99,6;99,104,5;107,108,15;112,113,9;117,118,10
2|65|6,8,14;20,21,15;30,31,15;39,41,17;44,47,6;54,55,15;55,56,16;59,61,14;87,89,17;101,102,9;107,108,10
2|66|10,11,9;19,20,9;21,28,2;76,82,2;91,92,10
2|67|31,33,13;36,39,0;40,41,15;63,67,6;74,76,17;84,91,6;94,96,13;96,98,17;119,127,6;141,142,15;167,168,15;172,173,9;177,178,10
2|68|6,8,17;9,10,15;10,12,14;36,41,2;64,67,0;69,70,9;81,84,0;95,101,2;109,114,1;131,135,8;143,144,9;153,154,15;161,163,17;176,177,10
2|69|6,8,17;9,10,15;10,12,14;36,41,2;69,72,0;74,75,9;86,89,0;100,105,6;109,111,12;120,126,2;142,143,15;143,144,16;144,147,0;147,148,9;152,153,10
2|70|6,8,17;9,10,15;10,12,14;36,41,2;56,59,0;60,61,15;74,75,9;94,97,0;97,99,13;102,106,6;106,108,12;111,112,15;129,130,10
2|71|8,11,0;13,14,9;25,28,0;39,45,2;53,58,6;64,65,15;88,89,15;108,114,2;138,140,17;141,142,15;147,148,9;160,161,15;196,198,17;207,208,10
2|72|23,29,6;29,30,15;33,34,9;55,56,15;70,76,1;80,83,6;94,95,10
2|73|10,11,15;39,40,9;52,53,15;60,61,15;89,90,9;94,95,9;116,117,10
2|74|2,5,0;22,27,5;28,31,8;39,40,9;54,55,15;87,94,1;96,99,0;105,106,15;143,144,15;152,153,9;162,165,0;209,210,15;214,216,12;225,228,0;266,267,15;282,283,15;294,295,9;302,305,0;315,316,10
2|75|8,10,14;20,24,1;31,33,17;45,47,14;60,66,1;89,90,9;93,94,15;103,106,0;121,122,9;126,129,8;164,165,10
2|76|13,15,17;16,17,15;34,36,17;42,44,13;44,46,17;52,55,0;94,99,6;102,104,13;104,106,17;123,127,7;138,139,15;163,165,11;171,175,7;177,178,9;181,184,6;213,214,10
2|77|22,25,0;26,27,15;72,73,10
2|78|13,16,0;39,40,15;46,47,9;55,57,13;92,95,0;95,96,10
2|79|7,13,2;34,35,15;41,42,9;61,64,0;78,79,9;90,93,6;94,95,15;113,115,17;120,121,9;127,133,6;137,145,6;150,156,2;158,163,5;163,166,0;196,202,2;204,209,5;209,212,0;222,223,10
2|80|8,10,17;13,17,6;26,27,15;27,28,16;28,31,0;40,42,13;50,57,1;65,72,6;91,94,6;95,96,15;108,114,6;116,120,1;127,128,15;143,147,13;170,171,15;194,195,10
2|81|9,13,6;26,31,1;35,36,9;45,46,9;51,53,12;60,61,9;66,68,17;70,72,12;83,84,9;87,88,15;88,89,16;89,92,0;112,113,9;117,118,10
2|82|2,3,15;20,22,17;32,34,17;35,36,15;36,37,16;40,41,9;45,46,9;51,53,17;55,57,12;68,69,9;72,73,15;77,80,0;99,100,9;104,105,10
2|83|22,23,9;30,32,13;39,41,12;70,71,15;82,83,15;87,88,9;105,111,1;115,116,15;129,130,15;136,137,9;144,145,15;151,152,9;166,168,17;171,172,16;172,175,0;184,190,1;198,200,17;201,202,15;202,203,16;208,209,17;209,210,9;221,223,17;224,225,15;225,226,16;231,232,17;232,233,9;238,241,0;269,276,1;276,279,6;286,289,6;289,294,5;300,301,10
2|84|22,23,9;50,52,12;79,82,6;86,91,5;91,95,6;97,98,9;107,110,0;113,115,14;128,131,6;142,143,10
2|85|2,5,0;8,11,6;16,18,12;22,24,12;29,31,14;41,44,6;71,78,1;78,81,6;81,86,5;86,90,6;92,93,9;104,105,9;121,125,7;125,126,15;137,138,15;142,144,14;146,147,9;154,158,1;172,173,9;182,183,9;260,261,15;267,268,9;292,299,6;307,309,12;314,318,1;327,328,9;335,338,6;353,358,6;360,361,15;367,368,17;368,369,9;372,373,15;373,374,16;394,395,15;401,402,9;422,425,13;434,435,15;453,454,15;465,466,9;473,476,0;486,487,10
2|86|2,4,17;6,8,12;13,14,15;23,24,15;32,34,17;35,36,15;42,43,17;43,44,9;47,48,15;48,49,16;60,61,15;123,126,6;128,129,10
2|87|6,8,14;27,28,15;34,35,9;54,57,8;64,65,9;68,69,15;69,70,16;100,101,15;101,103,14;115,116,15;125,126,9;136,138,14;140,141,9;152,153,15;179,181,12;194,198,8;213,216,13;219,222,6;229,230,15;253,259,6;262,264,14;277,283,6;283,285,14;289,290,10
2|88|8,10,17;27,33,8;48,49,15;77,84,1;94,95,10
2|89|4,7,0;11,13,12;24,25,9;26,32,1;37,40,6;41,42,15;57,63,2;84,86,17;89,93,6;93,95,14;120,121,15;137,139,17;144,147,0;151,153,12;157,162,5;171,173,17;181,183,17;188,189,9;203,204,15;217,218,15;222,223,9;227,228,10
2|90|10,11,15;19,21,17;26,28,13;31,34,6;43,47,1;54,56,17;61,63,13;66,69,6;72,73,15;90,94,1;102,103,15;112,116,6;122,123,9;133,137,1;139,141,12;158,159,9;166,168,12;193,200,1;206,207,9;221,227,1;229,230,10
2|91|29,31,17;36,38,13;41,44,6;47,48,15;61,63,17;77,79,13;82,85,6;122,124,12;128,129,9;137,138,15;154,161,2;190,192,14;203,205,8;208,210,12;213,214,15;223,227,6;227,229,14;234,238,6;238,241,6;241,246,5;252,253,10
2|92|8,10,14;13,15,12;19,24,5;32,33,15;42,43,9;48,51,0;52,53,15;65,66,15;70,72,14;78,81,8;88,89,9;94,97,6;102,103,9;107,108,10
2|93|22,23,9;53,54,15;54,55,16;67,69,17;72,74,13;84,85,9;87,91,7;97,102,1;102,103,15;110,114,17;121,123,17;157,159,17;176,177,15;181,183,14;226,230,7;232,234,13;240,241,9;250,254,6;254,257,6;257,262,5;268,269,10
2|94|7,11,6;24,25,15;25,26,16;33,34,15;47,50,6;67,73,1;73,77,6;83,86,0;96,99,0;101,103,17;116,120,6;120,123,6;128,129,9;133,134,10
2|95|4,8,1;12,15,0;25,30,8;61,62,15;75,79,8;80,81,15;81,82,16;85,86,9;90,91,10
2|96|10,13,0;27,28,15;28,29,16;29,32,0;47,48,17;48,49,9;50,55,1;60,61,15;79,83,17;112,115,0;130,135,1;158,159,9;165,166,15;178,182,1;184,187,0;194,195,15;208,212,8;225,226,10
2|97|7,11,6;21,28,2;30,32,14;42,45,0;47,48,9;58,59,9;85,86,15;101,108,2;133,139,1;160,161,10
2|98|2,6,6;16,23,2;35,37,12;45,46,9;57,58,9;63,65,14;79,80,9;87,90,0;91,92,15;105,111,2;115,116,9;120,121,10
2|99|6,8,14;11,14,6;18,20,13;35,36,9;37,41,8;47,48,9;49,56,1;73,75,13;83,84,15;88,89,9;93,94,10
2|100|15,16,9;21,23,17;29,36,1;42,43,9;50,56,1;60,66,7;94,95,10
2|101|4,7,0;11,13,12;26,32,1;37,40,6;41,42,15;57,63,2;89,95,1;98,99,15;114,116,17;117,118,15;124,125,9;132,133,9;136,137,15;148,150,12;169,172,0;189,190,10
2|102|2,3,15;11,13,17;25,27,17;28,29,15;29,30,16;35,36,9;64,65,9;91,92,9;99,100,9;102,105,0;106,107,15;107,108,16;113,114,9;127,129,17;143,144,15;144,145,16;145,148,0;152,153,15;153,154,16;166,168,13;171,174,6;183,184,15;209,210,9;220,221,9;275,277,13;280,283,0;301,306,6;369,370,9;378,379,15;398,399,9;410,414,7;416,418,11;429,430,9;459,460,15;510,513,6;528,530,14;538,540,17;548,549,15;556,557,9;568,569,9;574,575,15;595,596,9;597,604,1;623,625,17;630,632,13;635,638,6;658,660,17;669,670,10
2|103|9,12,0;25,27,17;30,31,15;38,40,17;51,57,1;62,65,6;66,67,15;79,87,2;96,98,17;107,108,10
2|104|2,4,13;13,14,15;31,33,17;46,48,17;51,52,9;66,68,17;69,70,15;70,73,6;81,82,15;89,91,17;102,103,9;123,124,10
2|105|13,14,15;30,32,17;45,46,15;52,53,9;62,63,15;79,83,1;99,104,5;112,118,1;118,123,2;135,136,15;165,166,9;169,173,1;175,177,12;184,185,15;196,197,15;206,207,15;213,214,10
2|106|8,11,6;34,37,6;55,61,1;65,67,13;81,85,13;104,107,0;108,109,15;134,139,6;141,142,10
2|107|18,21,0;22,23,15;34,35,9;43,44,15;44,45,16;50,51,9;53,54,9;59,60,15;81,86,5;86,90,6;94,95,15;104,108,1;112,117,1;125,126,10
2|108|18,22,6;30,32,17;68,72,6;72,74,14;83,87,1;97,98,15;109,110,15;117,118,9;125,127,14;138,140,12;143,144,15;144,145,16;150,151,10
2|109|12,18,1;28,29,15;35,36,9;56,61,5;62,65,8;76,77,9;99,106,1;111,114,6;117,120,6;124,129,5;130,133,8;160,161,15;173,174,15;179,181,17;184,185,15;192,194,17;212,213,15;230,232,13;237,240,0;241,242,15;267,272,6;274,275,10
2|110|10,12,17;13,14,15;14,15,16;20,21,17;21,22,9;33,35,17;36,37,15;37,38,16;43,44,17;44,45,9;66,68,17;73,76,6;80,85,5;93,98,6;108,111,6;112,113,15;124,127,0;128,129,15;158,159,10
2|111|8,10,17;13,17,1;17,19,14;24,25,15;29,32,0;44,48,6;68,69,9;111,113,17;120,121,9;130,134,6;134,137,6;142,143,9;147,148,10
2|112|23,25,14;29,30,9;53,58,6;62,64,13;67,69,14;73,74,9;77,80,6;88,89,9;133,134,10
2|113|10,11,15;30,31,15;31,32,16;32,35,0;37,38,9;55,60,1;68,69,15;69,70,16;70,73,0;75,76,9;90,91,15;113,118,1;133,134,15;140,141,9;150,151,9;162,163,15;210,211,15;245,246,15;252,253,9;271,273,17;290,291,10
2|114|18,21,0;21,26,1;35,36,9;41,42,15;51,55,1;69,70,15;76,77,9;100,102,13;107,109,17;111,113,12;137,141,1;141,143,14;150,152,13;162,164,12;185,186,15;186,187,16;201,206,1;217,218,15;241,242,10
2|115|10,11,15;24,25,15;58,60,17;65,68,0;71,73,14;76,77,15;88,91,0;92,93,15;102,103,9;112,113,10
2|116|8,10,17;11,12,15;20,21,15;33,41,6;41,43,14;45,46,9;50,53,9;63,64,9;73,74,15;74,75,16;80,81,9;83,84,9;89,90,15;105,111,2;113,114,9;117,118,9;122,123,10
2|117|8,9,15;9,10,16;15,16,9;18,19,9;24,25,15;48,51,13;57,63,6;65,68,0;84,85,9;88,92,6;96,97,10
2|118|8,9,15;55,56,15;77,79,13;86,93,6;95,96,9;107,108,15;119,123,6;123,125,14;129,134,5;156,157,9;180,182,14;188,191,0;193,194,15;200,201,9;211,216,1;221,222,10
2|119|2,5,0;5,7,13;18,19,9;24,25,15;39,45,1;51,59,1;84,85,9;88,89,15;95,96,10
2|120|4,8,6;17,20,6;21,22,15;38,39,15;39,40,16;40,43,0;45,46,9;90,93,0;100,101,15;113,114,15;134,135,15;151,153,12;157,161,7;166,167,15;176,178,12;188,189,15;214,215,15;224,228,1;232,237,1;245,246,10
2|121|19,20,9;25,26,15;32,33,9;47,48,9;66,68,13;71,73,17;75,77,12;98,99,9;106,110,1;121,122,9;127,129,17;131,133,12;143,144,15;148,149,9;153,154,10
2|122|2,3,9;7,9,13;16,18,12;24,25,15;32,34,17;46,47,15;52,54,13;81,84,0;106,107,15;111,112,9;116,117,10
2|123|2,3,15;9,11,17;17,24,2;28,30,14;43,48,1;51,56,6;60,66,1;72,74,14;89,91,14;92,97,1;103,106,6;116,117,9;120,125,1;136,139,6;141,142,10
2|124|9,10,15;10,12,14;16,19,13;22,24,14;26,27,9;39,40,9;49,50,9;51,56,6;60,63,0;65,68,0;79,82,0;97,100,0;110,118,6;126,130,6;173,174,9;178,179,10
2|125|17,18,15;35,41,2;41,42,16;42,45,0;56,62,1;62,63,15;71,73,17;76,81,1;89,91,14;93,94,9;105,113,1;117,119,14;121,123,13;128,131,13;134,136,14;138,139,9;152,153,9;161,165,6;183,184,16;187,189,12;204,205,9;233,234,10
2|126|15,17,14;19,20,9;32,34,14;41,42,9;60,66,1;71,73,14;82,83,9;98,99,9;121,125,7;167,171,6;189,190,9;197,203,6;203,206,0;218,220,13;238,241,0;263,264,10
2|127|18,20,14;22,23,9;64,65,9;92,95,0;95,97,13;102,105,0;110,113,6;132,133,10
2|128|11,12,15;12,14,14;44,48,6;58,60,13;63,66,0;67,73,1;80,86,2;116,118,14;127,129,13;134,137,0;142,145,6;146,147,15;147,148,16;158,159,15;159,160,16;165,166,10
2|129|11,12,15;12,14,14;33,40,1;54,56,17;73,74,9;95,96,15;102,103,9;108,109,15;139,142,0;147,150,6;151,152,15;162,163,15;169,170,10
2|130|4,8,1;17,22,1;30,32,14;34,35,9;49,53,6;66,67,9;90,91,9;115,118,0;120,121,9;150,151,9;155,156,10
2|131|15,16,9;24,26,13;63,64,15;68,69,9;73,74,10
2|132|14,16,13;19,21,14;23,24,9;51,52,9;62,65,0;113,116,0;128,131,6;131,136,5;142,143,10
2|133|7,10,6;19,21,12;46,47,15;96,99,8;112,114,17;128,129,9;140,141,9;149,151,12;158,160,14;162,163,9;176,177,9;191,192,9;199,200,9;201,207,1;207,208,9;211,217,1;228,229,9;238,239,10
2|134|9,12,0;13,18,6;18,20,14;55,60,5;66,68,14;96,99,0;107,109,17;118,119,10
2|135|8,10,17;17,19,17;36,37,9;51,53,17;76,78,14;80,81,9;92,100,1;126,127,10
2|136|5,7,13;7,9,17;15,18,0;22,23,15;34,36,13;39,42,6;59,61,13;64,67,6;74,77,13;80,82,14;84,85,9;98,99,9;113,114,9;148,150,13;181,183,13;194,197,0;208,213,2;247,253,1;273,274,9;283,284,10
2|137|15,17,17;29,31,13;37,40,6;40,44,7;46,47,9;55,56,15;63,65,17;73,77,6;84,86,17;91,94,0;113,120,6;136,137,15;153,154,15;154,155,16;164,165,15;171,172,10
2|138|2,4,14;9,10,15;40,41,15;50,52,14;55,62,1;73,74,9;77,78,9;82,83,10
2|139|11,13,11;27,28,15;69,71,13;78,79,9;100,101,9;121,122,9;131,132,10
2|140|18,21,0;24,26,14;28,29,9;42,43,9;57,58,9;94,96,17;113,114,9;130,133,6;178,181,0;181,185,6;194,195,9;202,205,6;207,208,9;242,243,9;250,253,0;263,264,10
2|141|9,12,0;13,18,6;18,20,14;55,60,5;66,68,14;96,99,0;107,109,17;118,119,10
2|142|12,13,15;13,14,16;21,23,12;31,32,15;32,33,16;33,36,0;50,51,9;58,62,6;62,64,14;73,74,15;87,89,17;115,116,15;129,130,15;153,157,1;159,161,12;175,176,9;177,183,1;189,190,10
2|143|6,7,9;20,21,9;28,31,0;32,37,1;40,47,2;55,57,17;64,66,12;75,76,15;76,77,16;77,80,0;94,95,15;95,96,16;122,130,1;144,145,15;149,151,14;156,157,15;166,169,6;178,180,13;201,205,1;213,214,15;214,215,16;226,229,0;229,233,1;233,236,6;265,269,6;300,301,15;316,317,15;338,339,15;361,362,9;373,376,0;377,378,15;387,388,15;388,389,16;389,392,0;404,410,2;412,413,10
2|144|2,4,14;24,26,14;35,36,15;36,37,16;42,44,12;62,65,0;70,72,14;75,80,6;85,86,9;102,104,14;111,113,14;116,117,15;128,129,15;156,159,6;170,172,17;187,189,14;193,196,9;201,204,0;205,206,15;221,223,17;224,225,15;231,232,9;251,254,0;257,258,15;268,273,2;289,290,15;301,302,9;309,312,0;322,323,10
2|145|18,19,15;34,36,17;37,38,15;44,45,9;62,68,1;77,79,17;82,84,14;97,99,13;102,105,6;114,119,6;119,121,14;146,150,7;156,161,6;161,163,14;173,180,1;187,188,15;204,206,12;210,215,5;216,219,8;231,233,12;243,244,15;257,260,0;266,273,2;278,279,15;279,280,16;283,284,9;288,289,10
2|146|19,20,9;25,26,15;32,33,9;49,50,9;71,73,14;75,77,12;90,93,0;100,107,1;128,129,15;152,153,10
2|147|11,16,2;37,40,0;46,47,15;57,58,10
2|148|8,13,1;13,15,14;41,42,15;51,53,17;54,55,15;63,64,9;88,90,17;105,106,15;126,129,0;130,131,15;156,161,6;163,164,10
2|149|18,20,14;33,35,14;42,44,14;47,48,15;59,60,15;76,79,0;81,82,9;95,100,2;114,115,15;126,127,9;134,137,0;147,148,10
2|150|18,20,14;33,35,14;42,44,14;47,48,15;59,60,15;87,90,6;101,103,17;118,120,14;124,125,9;145,146,16;146,149,0;179,180,15;196,198,17;229,230,15;248,251,0;295,296,10
2|151|4,6,13;33,40,1;40,43,6;53,55,17;72,73,9;110,111,15;117,118,9;123,124,15;148,153,5;168,170,17;179,180,10
2|152|2,3,15;12,14,13;30,31,15;38,40,17;59,60,10
2|153|2,4,13;13,14,15;31,33,17;34,35,15;45,47,17;50,51,15;51,52,16;55,57,14;62,63,15;63,64,16;69,70,17;70,71,9;78,81,0;82,83,15;95,96,15;96,97,16;100,101,9;105,106,10
2|154|14,16,17;21,25,1;25,27,14;44,45,15;58,59,9;60,66,8;76,78,12;79,84,1;86,87,9;89,94,2;104,105,10
2|155|6,8,14;12,15,0;17,21,7;26,32,1;35,36,15;47,48,15;60,62,14;63,69,1;72,73,15;81,82,9;87,88,15;92,95,6;100,101,15;101,102,16;109,110,9;125,126,15;126,127,16;130,131,9;135,136,10
2|156|14,16,13;21,22,9;28,33,5;39,44,6;47,49,13;49,51,17;54,57,0;71,74,0;74,76,13;88,89,9;93,94,10
2|157|2,4,17;6,8,12;30,31,9;32,38,1;38,43,2;60,67,1;69,71,17;73,75,12;85,86,15;96,97,10
2|158|4,7,0;8,9,15;9,10,16;19,20,15;33,37,6;39,41,12;46,47,15;69,70,15;84,85,15;119,123,1;146,150,6;163,169,6;171,174,0;175,176,15;195,196,10
2|159|2,5,0;6,7,15;30,32,13;35,38,6;49,50,15;59,60,9;65,66,15;78,81,8;96,99,0;99,100,9;105,106,16;106,109,0;117,118,15;124,125,9;132,134,17;136,138,12;156,157,15;179,180,15;180,181,16;184,185,9;189,190,10
2|160|7,8,15;23,25,17;37,39,17;50,52,17;57,59,17;61,63,12;97,98,15;98,99,16;109,110,15;110,111,16;116,117,10
2|161|2,5,0;6,7,15;23,25,17;34,36,17;55,57,17;59,61,12;86,87,15;96,97,15;103,105,12;114,115,15;115,116,16;116,119,0;125,127,14;131,132,10
2|162|2,3,9;43,44,15;67,70,6;72,73,10
2|163|6,7,9;18,19,9;20,25,1;25,26,9;29,37,2;37,39,13;44,45,9;60,61,15;61,62,16;69,70,9;73,74,15;74,75,16;80,81,10
2|164|2,5,0;17,18,15;18,19,16;24,25,9;27,28,9;33,34,15;45,46,15;52,53,9;56,57,15;67,68,15;68,69,16;69,72,0;80,81,15;90,91,15;100,102,14;110,111,15;128,131,6;134,135,15;135,136,16;136,139,0;147,149,13;152,155,6;158,159,15;171,172,15;172,173,16;178,180,12;185,190,1;190,192,12;193,198,6;211,212,15;255,259,6;265,267,11;271,276,1;286,287,15;287,288,16;293,294,9;299,300,15;300,301,16;310,311,15;330,331,15;331,332,16;337,339,12;344,345,15;360,361,9;362,368,2;373,378,1;384,385,10
2|165|7,8,15;8,9,16;9,12,0;18,22,1;32,36,6;40,41,15;50,53,6;55,61,1;82,83,15;94,95,15;111,113,13;113,115,17;128,135,2;156,157,15;172,174,13;174,176,17;191,192,15;204,207,0;208,209,15;233,239,1;241,244,0;245,246,15;261,262,15;268,269,10;269,270,14
2|166|15,16,15;25,26,15;34,36,17;42,43,15;52,53,15;61,63,17;72,74,17;75,76,15;107,108,15;116,117,10;117,118,14
2|167|8,9,15;18,19,15;27,29,17;37,40,0;53,58,6;95,97,17;100,103,0;111,112,9;127,128,15;141,142,9;155,156,9;180,184,7;186,187,9;200,201,15;201,202,16;202,205,0;205,206,10
2|168|2,4,13;13,14,15;14,15,16;15,18,0;27,29,17;32,35,0;41,42,15;55,56,9;57,63,6;67,73,1;87,89,17;96,97,9;100,101,15;101,102,16;109,110,9;117,120,0;122,123,9;137,143,1;145,146,10
2|169|2,5,0;19,23,7;23,24,15;24,25,16;28,30,12;35,36,15;44,46,12;53,57,6;63,65,17;72,73,15;96,97,10
2|170|21,22,15;30,32,17;35,37,13;40,43,6;46,47,15;60,62,17;80,82,13;109,111,12;115,117,13;140,142,12;171,177,1;189,190,10
2|171|9,10,15;26,28,17;38,39,15;85,87,12;88,93,1;97,99,12;100,107,6;107,111,0;109,113,8;124,129,6;146,147,10
2|172|2,4,13;13,14,15;31,33,17;39,41,17;44,48,6;53,54,9;65,67,14;69,70,9;77,78,15;85,87,17;98,102,6;102,105,6;125,126,10
2|173|2,5,0;28,29,15;42,43,15;43,44,16;59,60,15;64,67,6;75,77,13;90,91,9;101,102,15;118,119,15;138,143,1;151,156,6;158,160,13;181,184,0;185,186,15;199,205,2;207,208,10
2|174|2,5,0;6,7,15;30,32,13;35,38,6;41,42,15;54,55,15;61,62,9;83,84,9;90,96,6;107,109,17;111,113,12;157,158,15;158,159,16;159,162,0;186,187,15;201,202,15;208,209,9;254,255,10
2|175|2,4,17;6,8,12;13,14,15;23,24,15;32,34,17;35,36,15;36,37,16;42,43,9;50,51,15;62,63,15;75,76,15;95,97,13;117,118,15;118,119,16;119,122,0;122,123,10
2|176|2,3,9;12,15,0;16,17,15;32,33,15;39,40,9;45,46,15;60,63,0;64,65,15;74,75,15;84,86,17;91,92,15;98,99,9;114,118,8;121,122,10;122,123,14
2|177|10,11,15;21,25,6;31,33,17;53,54,15;67,68,15;83,84,9;86,89,0;90,91,15;114,115,15;124,125,15;134,135,15;153,155,12;171,172,9;179,182,0;222,223,9;251,252,9;266,267,9;299,301,12;343,344,17;344,345,9;364,365,17;365,366,9;404,405,9;410,412,17;422,423,9;444,446,12;459,461,12;486,488,17;490,492,12;514,516,17;523,525,17;527,529,12;549,550,10
2|178|2,4,13;13,14,15;31,33,17;52,53,15;67,68,15;80,81,15;91,92,15;102,103,15;107,109,14;114,115,15;119,121,14;126,127,15;131,134,6;139,140,15;144,147,6;170,171,9;190,195,6;195,196,15;203,207,8;208,209,15;227,229,12;249,250,9;251,258,6;258,259,9;272,278,1;278,283,2;300,307,6;312,313,15;331,332,9;343,344,9;357,358,10
2|179|13,14,15;28,29,17;29,30,9;31,36,1;36,38,13;40,42,17;46,47,15;55,56,9;78,79,10
2|180|42,43,15;54,58,6;71,72,15;90,91,9;102,103,15;107,109,14;119,120,15;147,148,15;157,158,10
2|181|5,8,8;16,17,9;35,36,9;41,44,0;46,48,13;57,58,9;89,91,13;96,99,0;120,121,10
2|182|15,20,1;22,27,6;43,49,6;73,75,13;96,99,0;100,101,15;114,120,2;122,123,10
2|183|2,4,13;13,14,15;31,33,17;52,53,15;53,54,16;82,83,15;94,98,6;98,100,14;126,127,10
2|184|7,14,1;21,22,9;23,30,6;32,36,6;42,45,6;45,50,5;74,79,6;85,91,1;120,121,15;142,143,9;146,148,14;151,156,6;170,177,6;179,183,6;196,202,6;212,218,2;220,223,9;228,232,6;238,240,17;246,252,2;261,265,6;265,268,6;279,280,10
2|185|17,18,15;23,25,13;28,31,6;40,41,15;56,63,2;63,64,16;64,67,0;80,81,9;82,88,1;91,92,15;103,104,15;122,126,6;133,136,6;139,140,15;140,141,16;168,172,6;202,207,6;213,219,1;248,249,15;263,264,15;294,295,15;317,319,17;320,321,15;345,347,17;348,349,15;372,373,9;400,401,10
2|186|28,31,0;37,40,0;69,70,15;70,71,16;110,112,17;130,132,17;157,158,10
2|187|24,25,15;25,26,16;35,36,15;36,37,16;56,58,12;69,72,0;79,85,2;94,97,6;106,112,2;114,119,0;127,128,15;137,140,0;147,150,6;168,171,6;207,210,6;217,218,15;223,224,9;229,230,9;237,240,0;243,244,15;244,246,14;251,253,17;265,266,15;289,291,17;294,295,15;302,304,17;332,333,15;342,343,15;347,349,14;359,360,15;369,370,15;386,387,15;391,393,14;400,403,0;408,411,0;412,414,17;415,416,15;416,417,16;432,433,15;453,454,9;461,464,0;469,472,6;477,478,9;490,491,15;497,498,9;520,521,15;536,538,14;553,554,9;569,570,15;582,583,9;587,588,9;591,592,16;592,595,0;618,619,10
2|188|14,16,13;16,18,17;25,26,9;30,34,7;40,44,7;44,45,15;49,50,9;59,61,14;64,66,17;71,73,13;80,81,15;103,105,17;112,119,1;128,129,9;132,133,15;133,134,16;134,137,0;143,144,15;157,160,6;171,172,10
2|189|22,23,15;51,52,9;60,61,16;61,64,0;70,71,15;90,91,15;103,107,6;112,114,17;115,116,15;128,132,6;145,146,9;148,151,0;152,153,15;166,167,15;184,186,17;187,188,15;205,207,14;209,210,9;220,221,15;227,229,17;230,231,15;258,259,10
2|190|4,5,9;10,12,17;25,26,15;33,34,15;47,48,9;74,76,13;76,78,17;83,86,0;87,88,15;107,108,15;118,119,10
2|191|2,3,15;3,5,14;51,56,5;84,85,15;109,110,15;131,132,9;144,147,6;148,149,15;160,161,15;183,184,9;206,210,6;210,211,9;223,224,15;224,226,14;242,243,9;252,254,12;257,258,15;262,263,9;267,268,10
2|192|7,8,15;8,11,6;15,17,17;22,25,0;26,27,15;40,46,2;48,49,10
2|193|4,5,9;42,47,1;55,56,15;56,57,16;81,82,15;82,85,6;89,91,17;100,102,14;104,105,9;121,122,15;122,123,16;126,127,9;131,132,10
2|194|1,2,16;10,11,15;23,24,15;24,25,16;33,34,15;46,47,15;55,56,9;65,72,6;77,78,15;100,101,15;108,110,17;133,134,15;158,159,15;165,167,17;168,169,15;178,179,15;185,187,13;187,189,17;192,195,0;196,197,15;209,210,15;219,220,10
2|195|4,7,6;10,12,17;25,26,15;46,48,17;69,70,15;70,71,16;95,97,13;97,101,17;104,107,0;108,109,15;124,125,15;135,136,10
2|196|6,9,0;10,12,17;13,14,15;24,25,15;72,73,15;89,90,15;94,96,14;116,118,17;141,143,14;148,149,15;153,155,14;167,168,9;175,179,6;185,188,6;188,193,5;209,211,13;215,222,1;222,227,2;233,234,9;239,241,14;244,250,1;250,254,6;284,291,6;295,297,13;302,305,6;312,316,6;326,327,15;344,345,15;359,360,15;376,377,15;381,383,14;392,397,2;404,406,14;421,422,9;434,439,6;441,442,15;454,456,14;494,499,6;505,512,6;512,513,9;522,527,2;545,546,9;556,557,15;568,569,15;583,584,15;590,592,17;593,594,15;603,604,15;610,612,13;612,614,17;617,620,0;621,622,15;637,638,15;644,645,10;645,646,14
2|197|16,22,1;29,30,9;31,38,6;40,44,6;54,57,0;58,59,15;112,113,15;138,140,17;151,156,1;165,166,15;187,189,17;194,197,0;205,206,15;206,207,16;214,215,15;215,216,16;219,221,14;230,231,15;242,244,13;246,248,17;252,253,15;261,262,10;262,263,14
2|198|28,32,6;32,34,14;39,41,17;47,54,1;54,59,2;75,77,13;86,91,5;100,101,9;102,107,6;107,108,15;115,117,17;118,119,15;128,131,6;132,133,15;144,145,15;159,160,15;181,182,9;191,195,6;195,198,6;198,203,5;203,207,6;207,209,14;213,214,9;222,223,15;223,224,16;227,229,11;232,233,10
2|199|2,5,0;14,16,17;37,38,15;38,39,16;39,42,0;48,49,15;60,62,17;63,64,15;75,78,0;79,80,15;93,99,2;101,102,10
2|200|16,21,5;23,24,9;35,36,15;43,45,17;46,47,15;72,74,12;99,107,6;112,113,15;113,114,16;114,117,0;123,127,1;140,142,13;156,157,15;157,158,16;177,178,9;183,184,15;204,205,10
2|201|8,13,5;13,17,1;30,32,13;46,47,15;47,48,16;64,69,1;73,74,15;92,97,1;113,116,0;116,117,10
2|202|2,4,17;6,8,12;26,32,1;32,35,0;44,48,17;51,52,15;67,68,15;74,75,10;75,76,14
2|203|4,5,15;12,14,17;15,16,15;25,27,13;35,41,1;48,49,9;50,57,6;59,63,6;90,92,13;113,117,6;129,131,13;157,158,15;170,171,15;177,179,17;180,181,15;190,191,15;197,199,13;199,201,17;204,207,0;229,230,10
2|204|7,8,15;8,9,16;9,12,0;18,22,1;39,40,9;45,46,15;52,53,17;53,54,9;57,58,15;58,59,16;79,80,15;110,111,9;127,128,15;134,135,10
2|205|29,30,15;68,69,15;80,81,15;81,82,16;82,85,0;94,95,15;114,115,15;121,122,10;122,123,14
2|206|19,20,15;26,27,15;45,46,15;58,59,15;80,81,9;86,89,0;105,106,15;112,113,10;113,114,14
2|207|7,8,15;8,9,16;9,12,0;18,22,1;37,38,15;38,40,14;44,46,12;59,60,15;71,72,15;85,89,8;90,91,15;97,98,10;98,99,14
2|208|2,4,13;13,14,15;31,33,17;34,35,15;35,37,14;42,44,17;49,50,15;50,51,16;61,63,11;67,72,1;86,88,17;95,96,9;99,100,15;100,101,16;108,109,9;116,119,0;121,122,9;136,142,1;144,145,10
2|209|4,8,6;14,19,5;20,23,8;35,37,12;46,47,15;56,57,9;62,63,15;69,71,13;71,73,17;76,79,0;80,81,15;100,101,10
2|210|7,10,6;21,23,13;26,30,1;41,42,15;58,64,1;67,68,15;80,81,15;87,89,12;105,106,15;125,126,15;142,143,15;149,150,10
2|211|9,11,13;18,20,12;40,41,9;43,48,5;57,61,8;68,75,1;77,81,1;98,99,15;109,112,8;124,126,12;137,140,0;141,142,15;157,158,15;164,165,10;165,166,14
2|212|26,28,17;29,30,15;36,37,17;37,38,9;41,42,15;42,43,16;71,72,15;89,91,17;96,97,15;106,107,15;114,116,17;135,136,15;142,143,9;152,153,15;171,175,1;177,179,12;195,196,10;196,197,14
2|213|6,7,15;7,8,16;8,11,0;17,20,0;21,26,1;26,27,9;32,37,6;44,45,15;52,53,15;53,54,16;54,57,0;82,85,6;95,98,6;117,118,9;152,155,0;176,178,17;238,241,8;253,255,12;274,275,9;283,288,8;334,336,17;353,355,17;386,387,9;410,414,1;416,418,12;432,433,9;434,440,1;446,447,10
2|214|9,11,14;18,22,6;22,24,14;29,31,17;32,33,15;37,40,0;47,50,0;60,65,5;70,71,15;86,88,17;91,95,6;95,97,14;101,108,5;118,119,15;127,129,12;134,135,15;135,136,16;142,144,12;158,160,17;177,178,15;178,179,16;190,191,15;208,210,17;217,218,9;233,234,15;247,249,13;252,255,0;263,264,15;275,276,10;276,277,14
2|215|24,27,6;42,44,13;47,50,6;50,52,14;54,59,5;67,72,6;78,79,9;90,91,15;95,97,14;107,108,15;114,115,9;122,123,15;129,130,9;138,139,15;139,141,14;144,145,15;145,146,16;172,174,17;185,190,6;192,195,0;196,197,15;208,209,9;214,215,10
2|216|18,19,15;41,47,2;60,63,13;66,70,6;77,79,17;86,92,1;102,108,2;121,124,13;127,131,6;137,139,17;146,152,1;161,167,2;176,177,15;197,200,6;215,216,10
2|217|20,21,15;21,22,16;30,31,15;47,52,6;69,74,6;84,91,1;99,103,6;109,110,15;124,128,8;131,132,9;135,136,15;147,148,15;178,179,9;198,201,6;202,203,15;214,215,15;240,241,15;273,274,9;309,313,6;326,327,15;333,334,9;337,339,17;346,350,1;356,358,14;361,364,6;369,373,6;378,379,9;402,407,6;409,411,17;413,415,12;435,436,9;447,448,15;448,449,16;460,461,15;478,480,17;482,484,12;495,496,9;501,504,0;524,525,9;529,530,10
2|218|2,5,0;6,7,15;24,26,17;29,30,15;47,49,17;54,55,9;60,62,17;75,76,15;85,87,17;89,91,12;115,116,15;127,128,15;141,147,2;149,150,10
2|219|22,23,15;34,35,15;60,62,13;68,73,6;77,82,1;86,87,9;94,95,16;95,98,0;114,116,13;128,133,1;171,174,6;185,186,15;201,202,9;217,218,15;232,233,15;239,240,9;266,267,10
2|220|4,5,15;5,6,16;17,18,15;60,61,9;81,87,2;97,104,1;106,110,6;131,132,9;200,202,12;232,235,0;256,257,10
2|221|8,11,6;14,16,17;17,18,15;28,29,9;46,49,0;61,67,1;81,87,1;87,92,1;99,104,1;134,137,6;140,142,17;143,144,15;175,177,17;186,188,14;189,195,1;207,213,1;213,218,1;223,228,1;250,252,17;254,256,12;263,265,14;277,278,15;278,279,16;279,282,0;290,291,15;300,302,14;304,306,13;306,308,17;315,316,15;320,323,0;328,329,15;352,353,9;373,374,9;378,379,9;382,383,16;383,386,0;413,414,10
2|222|22,23,15;48,54,6;54,55,15;64,66,17;67,68,15;68,69,16;69,72,0;74,76,12;83,84,15;104,106,14;113,116,0;127,129,14;167,170,0;194,195,15;206,209,0;210,211,15;226,227,15;227,228,16;234,235,9;251,252,15;265,266,10
2|223|4,6,12;18,24,2;36,38,17;52,55,0;79,81,17;86,89,6;100,101,15;107,109,17;110,111,15;120,121,15;127,129,13;129,131,17;134,137,0;139,144,5;146,147,9;165,166,15;176,177,10
2|224|8,10,14;15,17,17;18,19,15;33,39,2;45,46,9;55,59,6;65,67,17;78,80,17;92,94,17;102,103,15;103,104,16;104,107,0;115,116,15;135,136,10
2|225|19,20,15;29,30,15;30,31,16;41,43,13;50,51,9;62,63,9;65,69,1;78,82,7;111,112,15;131,132,10
2|226|24,29,1;31,33,12;68,75,6;77,81,6;81,83,12;91,94,0;95,96,15;109,115,2;117,118,10
2|227|14,16,17;17,18,15;18,19,16;24,25,9;32,35,0;36,37,15;56,57,10
2|228|2,3,15;14,15,9;36,39,6;43,46,0;51,52,9;61,63,12;64,71,1;87,90,0;93,97,1;117,118,15;127,129,13;141,144,0;147,151,6;151,154,0;161,164,0;167,168,15;177,178,15;187,188,15;212,215,0;233,236,0;243,244,9;261,263,13;263,265,17;272,273,9;274,282,1;286,289,0;313,316,0;356,359,0;367,374,1;394,395,10
2|229|1,2,16;7,8,9;34,38,8;62,66,8;73,74,9;75,82,1;103,107,6;114,116,17;119,122,0;122,124,13;139,142,0;157,159,13;162,166,1;171,173,13;198,199,15;248,249,15;289,290,15;303,304,9;322,323,15;355,359,1;375,376,15;387,389,17;391,393,12;403,404,15;404,405,16;408,409,9;413,414,10
2|230|4,8,6;35,36,9;40,43,8;59,62,6;81,84,9;89,93,6;126,128,13;131,135,1;144,146,13;149,153,6;153,156,0;156,158,13;161,165,1;180,181,15;207,208,15;235,240,1;246,247,10
2|231|13,15,14;20,21,15;21,22,16;22,25,0;27,29,12;51,54,0;68,71,0;99,102,0;113,120,1;135,138,0;145,152,2;161,165,17;170,174,1;183,184,9;193,195,14;211,212,9;230,232,13;232,234,17;240,241,9;244,245,15;257,265,1;265,266,15;273,275,17;285,286,15;308,310,13;313,316,6;327,332,5;335,336,15;342,343,9;348,349,15;368,372,7;374,375,9;380,381,15;387,389,17;390,391,15;400,401,15;407,409,13;409,411,17;414,417,0;418,419,15;445,446,10
2|232|13,15,14;20,21,15;21,22,16;22,25,0;27,29,12;51,54,0;72,75,0;78,82,1;82,85,6;96,97,9;101,104,0;115,116,9;120,122,17;131,135,7;135,136,15;152,153,9;170,171,9;174,178,6;184,187,6;201,202,15;211,212,15;221,222,15;235,236,9;263,265,14;295,298,6;313,314,10
2|233|4,5,15;9,10,9;14,15,9;35,36,9;40,43,0;86,90,1;92,95,0;96,97,15;97,98,16;119,120,15;136,137,9;146,149,0;162,165,0;168,169,15;231,233,11;239,240,9;245,249,8;274,280,2;282,283,9;294,297,9;306,307,15;326,327,9;361,365,6;369,375,1;393,398,6;435,436,3;444,448,6;458,460,13;460,462,17;469,470,9;517,522,5;522,524,13;534,538,7;538,539,15;555,556,15;562,564,17;565,566,15;575,576,15;582,584,13;584,586,17;589,592,0;593,594,15;623,624,10
2|234|2,3,15;28,31,6;52,53,9;54,60,1;76,79,6;83,86,0;105,110,1;115,123,6;146,149,0;193,195,13;198,201,6;205,208,0;211,212,15;228,229,15;258,259,10
2|235|41,45,7;47,48,9;56,58,14;63,64,15;64,65,16;65,68,0;70,72,12;86,89,6;94,96,13;99,102,6;118,119,15;128,131,0;151,154,0;159,160,9;162,167,2;181,184,0;197,199,13;202,206,6;212,214,17;220,227,1;233,241,1;254,256,17;259,261,14;266,267,15;267,268,16;268,271,0;287,289,14;294,295,15;301,302,9;313,314,9;319,320,15;326,328,13;328,330,17;333,336,0;337,338,15;360,362,13;365,368,6;377,378,15;392,393,15;399,401,13;401,403,17;406,409,0;410,411,15;430,431,10
2|236|26,30,6;33,35,14;40,41,15;41,42,16;42,45,0;47,49,12;71,74,0;89,91,17;96,99,0;108,115,1;125,128,0;135,136,15;154,155,9;164,165,15;169,171,14;184,185,9;190,191,9;192,197,8;198,199,15;226,227,15;237,238,10
2|237|4,8,6;11,13,14;20,23,0;26,30,6;30,32,14;37,41,6;49,52,0;57,59,14;75,78,0;87,92,6;119,121,13;124,128,1;149,151,17;152,153,15;168,169,9;172,174,14;179,180,15;180,181,16;181,184,0;196,200,6;204,206,13;206,208,17;211,213,14;220,221,16;224,226,14;241,244,6;246,248,17;249,250,15;274,277,0;278,279,15;308,309,10
2|238|2,3,9;8,10,17;17,18,15;18,19,16;26,27,9;32,33,15;33,34,16;39,40,17;40,41,9;44,45,15;64,66,17;77,78,9;82,83,10
2|239|40,48,6;52,54,13;59,62,6;67,68,15;75,77,17;78,79,15;101,106,5;121,123,17;132,133,10
2|240|2,3,15;28,31,6;52,53,9;54,60,1;66,72,2;78,79,9;83,88,5;90,91,9;101,102,15;126,133,6;142,144,14;191,193,13;196,199,6;203,206,0;209,214,1;220,227,1;227,228,15;247,248,10
2|241|15,16,9;23,24,9;25,29,8;30,31,15;58,59,15;68,69,10
2|242|4,5,9;20,21,15;40,41,9;45,46,9;67,68,10
2|243|20,21,15;37,39,17;42,46,6;48,49,9;78,79,15;103,104,15;117,119,17;122,125,0;132,133,9;142,145,0;146,147,15;173,174,15;174,175,16;175,178,0;186,187,9;189,192,0;202,203,15;203,204,16;204,207,0;223,224,10
2|244|4,5,9;10,12,17;25,26,15;35,36,15;42,44,13;44,46,17;49,52,0;53,54,15;73,74,10
2|245|3,7,6;9,10,15;19,21,14;26,27,15;47,53,6;57,58,9;64,65,9;70,72,13;81,87,6;93,100,1;100,101,15;110,112,14;121,123,14;123,124,17;148,149,10
2|246|18,19,15;31,34,8;37,39,13;46,48,12;57,60,8;71,74,13;86,88,17;97,103,2;108,109,15;109,111,14;127,134,1;136,137,9;154,155,15;188,192,6;208,209,15;230,231,9;236,240,17;247,249,17;260,262,13;274,275,9;292,293,15;304,306,14;313,315,14;321,325,6;327,328,9;338,340,14;342,344,12;356,359,0;379,380,15;399,401,17;415,422,1;433,434,15;447,451,8;452,453,15;453,454,16;457,458,9;462,463,10
2|247|29,32,0;33,34,15;43,45,14;74,82,6;85,87,13;87,89,17;92,95,0;111,112,15;150,151,15;186,192,1;195,196,15;214,217,0;218,219,15;226,227,15;234,235,9;258,259,9;267,272,6;274,275,15;286,287,15;300,301,15;324,325,9;328,332,1;334,336,12;343,344,15;353,354,9;363,364,10
2|248|29,32,0;49,51,13;54,58,1;69,70,15;70,71,16;95,101,1;101,106,2;124,130,1;130,133,0;166,167,9;184,185,15;191,193,12;204,207,0;214,215,9;227,233,2;240,244,6;244,247,6;247,252,5;258,259,10
2|249|4,7,0;27,28,15;46,49,0;50,51,15;60,62,14;69,73,7;78,83,6;85,89,6;112,115,0;121,126,2;131,133,14;144,147,0;149,150,9;153,156,0;156,158,13;171,172,15;188,192,8;199,200,9;212,214,17;235,242,1;255,258,0;269,270,9;278,279,15;296,298,17;305,306,9;313,315,17;334,335,15;366,367,9;376,377,15;390,393,0;399,402,0;404,409,5;411,412,9;415,417,17;418,419,15;428,433,5;433,437,6;440,445,6;467,472,6;478,482,8;490,491,15;502,503,15;515,516,15;516,517,16;520,521,9;525,526,10
2|250|4,7,0;16,18,17;41,42,9;49,51,17;59,61,13;83,85,14;86,92,1;102,104,14;115,116,15;116,119,6;131,132,15;141,142,15;146,147,9;151,152,10
2|251|11,15,7;22,23,15;44,45,9;65,66,9;69,70,15;77,78,15;89,90,15;112,113,9;116,119,0;125,127,12;149,150,15;157,158,15;158,159,16;159,162,0;174,178,7;183,189,2;198,199,15;212,213,9;215,218,0;219,220,15;244,245,15;249,250,9;254,255,10
2|252|12,13,9;16,17,15;46,47,15;61,64,0;74,75,15;85,86,10
2|253|9,10,15;10,11,16;53,61,1;65,70,5;70,74,6;80,81,15;116,117,9;118,125,1;143,144,15;144,146,14;158,159,15;168,169,9;179,181,14;183,184,9;195,196,15;216,218,12;221,222,15;233,234,15;234,236,14;243,244,15;256,259,8;266,271,5;272,275,8;287,289,12;298,299,15;308,309,9;316,317,9;322,323,15;332,334,17;343,348,5;367,372,5;372,376,6;392,394,12;397,398,15;409,410,15;410,412,14;419,421,17;426,427,9;429,432,0;433,434,15;458,459,10;459,460,14
2|254|2,4,13;13,14,15;30,32,13;32,34,17;37,40,6;43,45,17;48,51,0;57,59,14;61,62,9;64,69,5;69,73,6;73,75,14;80,84,1;96,102,2;109,114,6;130,135,1;143,144,9;147,154,1;154,155,15;159,160,9;173,174,15;174,175,16;178,179,9;183,184,10
2|255|10,12,13;17,18,9;33,34,15;42,43,15;70,71,9;77,82,1;91,99,2;101,102,9;111,112,15;112,113,16;118,119,9;121,122,9;135,136,15;149,153,6;155,156,15;174,177,6;179,181,13;199,200,9;278,284,1;295,297,13;313,315,12;339,340,15;340,341,16;346,347,9;349,350,9;355,356,15;383,384,9;406,407,15;417,418,15;424,425,10
2|256|2,4,13;19,20,15;20,21,16;32,33,3;45,46,15;46,47,16;60,61,15;75,79,1;88,89,15;89,90,16;93,94,9;109,112,8;113,114,15;128,129,15;142,143,15;154,155,15;170,171,15;171,174,6;190,191,15;210,211,10
2|257|16,17,15;34,36,17;47,52,5;55,56,15;56,57,16;64,65,9;74,75,15;75,76,16;76,79,0;87,88,15;103,105,13;105,107,17;116,118,12;125,126,15;126,127,16;130,131,9;150,155,5;158,159,15;159,160,16;160,163,0;173,174,15;174,175,16;182,183,9;190,192,17;194,196,12;207,208,9;211,212,15;212,213,16;213,216,0;236,237,9;241,242,10
2|258|18,19,15;28,30,11;36,38,14;40,41,9;57,59,13;71,72,9;106,108,14;110,111,9;138,139,9;169,170,9;195,196,9;198,199,9;205,208,0;347,348,9;352,353,10
2|259|7,8,15;35,40,1;81,84,0;93,94,9;97,98,9;103,104,15;142,143,15;152,154,17;163,168,6;168,171,0;180,183,9;246,253,6;273,275,17;284,289,6;289,290,15;290,293,6;336,339,0;346,347,15;347,350,6;376,378,14;391,397,2;397,398,16;398,401,0;409,410,15;410,413,6;422,423,15;442,445,6;453,456,0;473,481,6;483,486,0;502,503,9;521,524,0;525,526,15;551,556,6;558,559,10
2|260|15,17,14;19,20,9;88,94,6;109,110,9;112,117,2;119,121,14;125,128,0;161,167,1;188,191,0;203,206,0;208,210,14;233,239,1;243,246,0;252,258,6;258,261,0;263,265,14;269,272,0;290,298,1;308,311,0;332,333,10
2|261|8,9,15;20,23,6;35,36,9;55,56,15;83,85,8;93,95,14;121,123,8;127,133,1;133,135,17;146,153,1;153,154,15;165,166,9;175,179,1;181,183,12;190,191,15;200,201,9;210,211,10
2|262|12,15,6;27,28,9;47,48,15;57,60,0;79,81,13;84,87,6;90,92,17;95,99,0;97,103,1;105,107,13;111,120,2;127,129,14;138,141,6;195,196,10
2|263|7,13,1;19,24,1;40,46,1;46,50,6;55,60,1;68,70,13;74,82,1;82,83,15;102,103,10
2|264|2,4,13;13,14,15;31,33,17;40,42,14;47,49,17;56,57,9;61,65,7;65,66,15;70,73,0;76,77,15;88,89,15;98,101,6;111,112,9;117,119,12;122,123,15;123,124,16;124,127,0;148,149,15;158,159,15;168,169,15;190,191,9;226,231,6;240,241,9;248,253,6;261,262,9;268,277,2;281,283,14;303,309,1;309,312,0;321,323,17;363,364,9;368,369,10
2|265|9,10,15;21,24,6;36,37,9;44,45,15;45,47,14;51,53,12;66,67,15;84,91,1;96,99,6;117,120,0;121,125,8;128,130,14;152,157,6;191,196,2;203,205,14;215,220,6;224,231,1;231,232,15;261,262,10
2|266|23,27,6;37,38,9;41,44,0;45,51,1;51,56,1;60,65,1;73,78,6;78,80,14;86,90,6;98,99,15;107,108,9;115,116,9;126,130,6;134,135,15;135,136,16;143,144,9;159,160,15;175,176,9;186,191,6;195,197,12;211,213,13;222,227,6;235,240,6;240,241,15;258,259,9;274,275,15;289,290,15;296,297,9;323,324,10
2|267|2,4,13;13,14,15;30,32,13;32,34,17;37,40,6;43,45,17;48,52,6;57,58,9;69,71,14;80,83,0;83,85,13;92,94,14;102,107,5;110,111,15;132,135,0;138,140,17;141,142,15;161,164,6;178,182,7;199,201,13;204,208,6;215,217,17;228,229,15;235,237,13;237,239,17;242,245,0;246,247,15;266,267,10;267,268,14
2|268|1,2,16;9,10,9;24,25,15;29,31,14;46,50,7;50,51,15;59,61,12;68,69,15;84,89,5;96,102,1;114,122,1;122,123,15;132,133,9;142,143,10
2|269|8,9,15;22,26,1;28,30,12;39,43,1;48,49,15;64,66,14;80,86,6;90,98,1;118,120,13;123,125,17;128,130,17;131,132,15;140,141,10;141,142,14
2|270|4,6,13;9,12,6;12,14,14;16,21,5;21,26,1;46,51,5;51,56,1;59,64,6;66,69,0;70,71,15;88,91,9;100,101,16;104,105,9;120,123,6;123,124,10
2|271|2,6,6;6,8,14;11,13,17;14,15,15;15,16,16;23,24,9;33,36,0;49,53,6;75,76,15;84,86,12;101,107,2;128,131,6;131,136,5;136,140,6;158,159,15;188,189,10
2|272|24,25,9;34,35,9;37,40,0;41,42,15;59,63,1;65,67,12;80,83,6;86,88,17;99,104,6;108,111,6;128,131,6;144,145,15;145,147,14;151,153,12;158,160,14;163,164,15;181,184,6;187,189,17;200,205,1;226,229,6;244,245,10
2|273|10,12,12;15,16,15;34,36,17;49,50,15;81,87,6;89,90,15;112,113,15;131,133,12;141,142,15;142,143,16;164,168,7;173,174,9;196,197,15;197,198,16;198,201,0;213,221,1;227,230,6;233,235,17;246,251,6;253,256,0;257,258,15;269,270,9;275,276,10
2|274|12,15,6;27,28,9;32,36,7;36,37,15;47,48,15;48,49,16;49,52,0;62,68,1;78,83,6;92,94,14;103,106,6;160,161,10
2|275|22,23,15;23,24,16;29,30,17;30,31,9;31,33,17;70,71,15;92,93,15;93,94,16;101,102,9;110,111,15;123,124,9;133,136,0;146,148,13;148,150,17;153,156,0;160,161,15;177,178,15;178,179,16;184,185,17;185,186,9;186,188,17;201,202,15;209,210,15;229,230,15;230,231,16;236,237,17;237,238,9;238,240,17;247,251,6;251,253,12;257,258,9;268,274,1;274,279,2;284,285,9;288,289,15;289,292,6;303,304,9;326,328,13;335,336,15;362,364,17;366,368,12;379,380,9;383,384,15;384,385,16;385,388,0;408,409,9;413,414,10
2|276|9,10,15;17,18,15;18,19,16;24,25,17;25,26,9;26,28,17;39,40,15;40,41,16;48,49,9;56,57,15;95,96,10
2|277|2,5,0;6,7,15;24,26,17;36,38,17;39,40,15;40,41,16;44,45,9;49,50,9;63,65,17;66,67,15;67,68,16;73,74,17;74,75,9;87,89,17;90,91,15;91,92,16;97,98,17;98,99,9;111,113,14;122,125,6;179,180,10
2|278|2,4,13;13,14,15;31,33,17;34,35,15;41,43,17;44,45,15;59,61,17;78,79,15;79,80,16;85,86,17;86,88,13;88,90,17;93,97,6;97,100,6;100,105,5;111,112,10
2|279|4,9,2;21,23,17;33,35,17;43,49,1;52,53,15;71,74,9;79,83,6;83,85,14;113,114,9;151,152,10
2|280|4,8,6;23,28,6;53,60,1;62,66,6;74,76,17;82,88,2;97,101,6;101,104,6;115,116,10
2|281|2,3,15;9,11,17;17,23,6;45,46,15;57,60,0;82,88,1;118,119,10
2|282|2,4,13;13,14,15;30,32,13;32,34,17;48,51,6;51,55,7;66,69,13;75,81,1;83,87,0;85,91,6;91,92,15;134,138,8;139,140,15;144,146,14;174,178,1;201,202,15;221,223,14;237,238,15;254,255,15;275,276,15;290,291,9;300,302,14;320,328,6;330,334,6;338,339,15;355,356,15;410,414,1;447,448,9;451,452,15;456,458,14;465,466,15;477,479,17;494,499,2;515,520,2;550,555,1;555,556,15;570,573,0;573,577,6;591,592,15;592,593,16;600,602,12;607,611,6;624,625,9;650,651,9;657,658,15;684,685,15;685,686,16;693,695,12;713,717,17;733,735,13;735,737,17;740,744,6;781,784,13;793,796,9;799,800,9;809,811,14;818,821,6;822,823,15;834,836,14;843,844,16;849,850,9;859,861,14;863,866,13;883,885,13;885,887,17;895,897,13;900,904,6;914,915,9;928,933,6;1016,1018,13;1018,1020,17;1053,1055,11;1065,1070,1;1080,1087,1;1089,1093,6;1100,1102,17;1107,1110,0;1112,1113,9;1120,1124,8;1134,1135,15;1141,1143,17;1144,1145,15;1170,1171,15;1182,1183,15;1209,1210,10
2|283|6,10,6;10,13,6;28,33,1;45,47,17;54,60,6;64,65,9;66,72,1;72,74,14;80,87,6;107,111,7;114,120,6;130,131,15;138,139,15;152,153,9;159,160,9;173,174,15;188,189,9;207,209,17;210,211,15;211,212,16;217,218,9;229,233,1;247,250,0;252,254,13;261,266,6;272,275,9;278,279,15;308,309,10
2|284|17,18,15;18,19,16;24,25,9;27,28,9;41,42,15;57,61,6;61,63,14;66,68,17;75,77,13;80,83,6;112,114,14;116,120,7;123,124,15;148,152,1;154,156,12;173,177,1;179,181,12;188,189,15;214,219,6;221,222,10
2|285|8,9,15;9,10,16;23,25,13;28,31,6;45,50,2;55,56,9;59,60,15;92,93,15;106,108,12;116,117,9;128,129,9;140,141,9;168,174,1;174,179,2;185,188,9;197,199,17;256,257,15;263,264,10
2|286|14,15,15;84,85,15;122,124,13;127,132,1;137,139,13;191,193,13;199,205,6;219,220,9;227,228,15;239,243,6;243,245,14;272,275,0;307,308,9;313,314,15;321,324,0;328,329,15;344,345,15;353,357,13;360,363,6;371,372,9;378,379,15;379,382,6;394,395,15;404,405,15;409,410,9;414,415,10
3|1|1,3,11;3,5,11
3|2|10,12,13;17,18,9;33,34,15;42,43,15;50,51,10
3|3|17,18,15;24,25,9;30,31,15;47,54,2;78,81,6;84,85,15;85,86,16;94,95,9;100,101,15;105,108,6;108,109,10
3|4|2,6,6;6,8,14;14,21,2;21,22,16;22,25,0;33,36,6;39,40,15;56,59,0;60,61,15;77,79,17;88,89,9;92,93,15;113,118,6;122,129,1;129,130,15;143,148,6;150,151,15;151,154,6;156,157,10
3|5|2,5,0;6,7,15;41,46,6;48,49,15;68,69,15;69,70,16;75,77,12
3|6|5,6,15;31,32,15;55,57,12;64,66,13;71,72,9;87,88,15;98,99,15;105,106,10
3|7|5,6,15;11,13,13;16,19,6;31,32,15;38,39,9;54,55,9;56,62,1;68,69,9;74,77,0;80,83,0;84,85,15;91,92,9;110,111,9;115,116,9;117,124,6;126,129,0;131,132,15;162,167,6;188,189,9;201,202,15;202,204,14;208,210,12;213,214,15;227,228,15;228,230,14;234,236,12;250,251,9;280,282,13;290,291,15;302,303,15;303,304,16;307,308,9;320,321,15;346,349,0;355,356,9;361,367,1;372,375,6;409,411,13;414,416,17;419,421,17;422,423,15;431,432,10;432,433,14
3|8|59,61,14;70,75,2;77,80,6;94,97,0;102,105,6;106,107,15;114,115,10;115,116,14
3|9|7,9,13;12,15,0;26,27,15;27,28,16;28,31,0;42,48,2;67,70,0;71,72,15;92,93,15;100,101,10;101,102,14
3|10|2,5,0;6,7,15;23,25,17;28,32,6;54,55,9;66,68,13;75,76,9;80,85,5;88,89,15;102,110,1;112,114,17;116,118,12;136,137,15;137,138,16;138,141,0;141,142,10
3|11|28,29,15;40,44,6;44,46,14;63,65,17;74,75,9;94,95,15;120,121,15;136,137,15;143,144,10;144,145,14
3|12|23,25,17;65,68,0;82,83,15;89,90,10;90,91,14
3|13|2,4,14;24,29,6;42,43,15;60,65,6;67,68,9;85,86,15;112,117,1;125,130,5;148,149,15;162,163,15;190,191,9;194,198,1;200,202,12;209,212,0;219,220,9;229,231,14;234,240,2;242,244,17;248,249,15;253,255,14;257,258,10
3|14|10,11,16;11,14,0;24,25,15;25,26,16;33,34,9;42,43,15;43,44,16;44,47,0;49,51,12;56,57,15;69,70,15;76,77,9;83,84,15;90,93,6;103,104,15;104,105,16;115,116,15;128,129,15;138,139,15;155,156,15;164,165,9;170,171,15;184,185,9;194,195,9;198,199,15;205,206,17;206,207,9;210,211,15;211,212,16;225,226,15;235,238,6;240,241,9;249,250,15;257,258,10;258,259,14
3|15|20,24,7;29,35,1;35,39,6;39,40,9;60,61,15;68,70,17;73,76,6;89,92,0;92,93,9;94,99,6;99,101,14;107,111,6;119,120,15;128,129,9;134,135,9;158,159,9;160,166,1;174,179,1;185,186,9;187,193,1;196,197,15;208,209,15;222,226,8;227,228,15;234,235,10;235,236,14
3|16|28,30,13;33,36,0;38,40,13;46,49,0;53,54,15;94,95,15;95,96,16;96,99,0;99,100,10
3|17|1,2,16;5,6,9;16,17,15;17,18,16;21,22,9;32,33,15;37,38,9;48,49,15;53,56,6;64,65,15;85,86,15;94,95,10
3|18|7,8,15;17,20,0;22,23,9;26,28,13;33,34,9;51,52,15;58,60,12;71,73,17;76,78,17;79,80,15;91,93,12;96,101,8;102,103,15;116,118,13;123,124,9;139,140,15;150,151,15;157,158,10
3|19|2,5,0;6,7,15;7,8,16;17,20,6;21,22,15;29,30,15;38,39,9;50,51,15;60,61,15;76,78,17;79,80,15;86,87,9;100,103,8;115,117,12;124,125,15;139,144,8;160,164,1;179,180,9;183,184,15;195,198,0;199,200,15;215,216,15;222,223,10;223,224,14
3|20|9,11,11;38,40,14;60,61,15;97,99,17;100,101,15;107,108,9;113,114,15;118,121,0;160,162,17;178,180,17;188,192,6;199,201,17;206,209,0;229,230,9;251,255,8;263,264,10
3|21|2,5,0;6,7,15;36,37,9;40,41,15;52,54,14;62,63,15;63,64,16;64,67,0;88,93,1;95,97,14;146,149,0;164,168,7;180,181,10
3|22|2,4,17;6,8,12;13,14,15;38,39,9;50,51,15;51,52,16;63,64,15;85,90,5;90,95,1;95,96,9;100,101,10
3|23|18,19,15;34,36,17;43,50,1;53,54,15;60,61,9;66,68,14;86,87,9;90,91,15;122,125,0;144,150,1;161,166,5;172,173,10
3|24|2,3,9;12,15,0;26,28,17;31,35,6;44,45,15;45,46,16;46,49,0;58,60,13;68,75,1;82,83,9;84,91,1;112,117,5;125,127,17;136,137,10
3|25|23,24,9;36,42,2;80,86,1;116,117,10
3|26|5,6,15;6,7,16;12,15,0;18,19,9;24,25,15;42,43,15;54,58,6;60,62,12;69,72,6;75,76,15;87,90,0;90,94,6;96,98,12;113,117,6;119,121,12;136,140,6;142,144,12;158,159,15;172,175,0;196,201,6;203,204,10
3|27|8,9,15;21,22,15;22,23,16;23,26,0;42,43,15;43,44,16;44,47,0;57,58,15;79,80,15;93,94,15;115,116,15;131,132,15;155,159,6;161,163,12;179,180,10;180,181,14
3|28|15,16,15;30,31,15;35,36,9;52,54,12;59,63,6;67,68,15;88,92,1;101,102,9;121,122,15;145,147,13;150,154,6;160,162,17;177,178,9;179,186,1;200,201,15;216,217,9;228,229,15;236,237,15;243,244,10
3|29|7,11,6;16,18,17;46,48,14;65,66,15;94,95,15;95,96,16;101,102,9;104,105,9;118,119,15;132,133,15;158,163,6;165,166,10
3|30|25,31,1;52,58,1;63,69,1;84,88,6;88,90,12;91,96,6;109,112,0;133,135,13;141,146,8;151,159,1;173,174,15;189,190,9;195,196,15;209,213,8;214,215,15;221,222,10;222,223,14
3|31|7,11,6;11,14,6;28,29,15;38,39,15;57,59,14;64,65,15;106,107,15;120,126,2;128,129,10
3|32|13,15,17;16,17,15;26,27,15;27,28,16;43,47,6;54,56,17;61,64,0;65,66,15;85,86,15;90,91,9;95,96,10
3|33|4,7,0;8,9,15;16,17,15;23,26,13;41,47,1;55,57,14;59,60,9;80,81,9;90,91,15;95,96,9;100,101,10
3|34|9,13,8;25,28,8;32,39,1;39,40,15;59,60,10
3|35|13,14,15;29,30,9;41,44,0;70,72,14;84,90,6;102,105,0;105,109,13;112,115,0;120,123,6;124,125,15;125,126,16;135,136,15;142,143,10
3|36|4,7,0;37,40,0;52,54,13;57,60,6;65,66,15;106,107,15;107,108,16;118,119,15;123,126,6;135,138,0;142,145,0;166,169,0;169,171,13;209,210,15;210,211,16;218,219,9;222,223,15;223,224,16;229,230,10
3|37|39,44,1;47,49,8;70,76,1;137,138,15;159,162,6;171,179,6;185,186,9;197,200,0;210,211,9;237,240,6;241,242,15;253,256,0;257,258,15;276,280,1;282,284,12;300,301,10;301,302,14
3|38|34,37,9;52,54,14;61,66,2;68,71,6;81,86,6;98,101,0;112,113,15;113,114,16;119,121,12
3|39|12,13,15;19,21,12;37,39,12;42,47,1;58,59,15;73,76,0;77,78,15;116,121,8;129,135,1;138,139,15;154,160,1;166,172,1;178,185,1;188,189,15;189,190,16;193,194,9;198,199,10
3|40|14,17,0;36,37,9;38,43,1;45,47,14;59,60,15;71,72,15;88,95,6;103,104,9;109,110,15;134,136,12
3|41|12,13,15;13,15,14;22,24,13;31,38,6;69,70,15;70,71,16;71,74,0;82,83,9;109,117,1;117,118,15;139,145,1;155,156,15;168,169,15;173,175,14;177,178,10
3|42|15,16,15;22,24,12;33,34,9;45,48,0;49,50,15;57,58,15;65,66,9;83,84,15;91,92,9;106,108,12;111,112,15;116,117,9;121,122,10
3|43|2,3,9;12,13,15;13,15,14;33,34,15;44,45,15;58,59,15;59,60,16;63,64,9;68,69,10
3|44|2,3,9;16,18,8;19,21,12;24,25,15;62,65,6;94,96,14;98,99,9;142,145,6;172,173,10
3|45|13,14,15;20,22,12;31,32,9;43,46,0;47,48,15;76,82,1;87,88,15;95,96,15;113,114,15;114,116,14;134,140,6;142,143,15;143,144,16;155,156,15;186,187,10
3|46|12,13,15;13,14,16;14,17,0;25,26,15;42,48,1;53,54,15;54,55,16;58,59,9;63,64,10
3|47|16,19,0;39,44,1;66,73,6;81,82,9;87,88,15;112,114,12;129,132,13;138,144,6;146,149,0;165,166,9;169,173,6;177,178,10
3|48|14,15,15;21,22,9;27,28,15;41,42,15;42,43,16;51,52,9;57,58,15;62,65,6;65,66,10
3|49|22,24,13;31,33,12;41,44,0;48,50,14;59,63,7;70,76,1;76,81,2;93,96,0;96,98,13;112,117,5;120,121,15;121,122,16;141,142,15;142,143,16;155,158,6;182,187,8;195,196,15;209,211,14;216,217,15;230,231,15;235,237,14;251,252,15;272,273,15;295,299,7;354,357,0;364,365,9;377,383,2;390,394,6;394,397,6;397,402,5;408,409,10
3|50|10,17,2;41,42,15;42,43,16;51,52,9;71,75,7;80,81,15;119,123,7;130,136,1;136,141,2;151,152,15;158,160,17;161,162,15;178,179,10
3|51|2,5,0;6,7,15;35,36,15;50,51,9;59,60,9;61,67,1;73,74,10
3|52|6,9,0;9,11,13;37,38,15;60,63,6;66,68,13;75,76,15;91,92,15;117,120,6;124,125,15;137,140,0;144,145,15;154,155,15;159,161,14;166,169,0;179,180,10
3|53|7,9,13;15,18,0;24,26,13;29,32,6;39,40,15;51,52,15;52,53,16;64,65,15;69,71,14;80,81,15;81,82,16;85,86,9;90,91,10
3|54|9,11,17;21,22,15;33,34,15;48,49,15;53,54,9;58,59,10
3|55|11,12,15;21,22,9;27,30,13;33,36,0;90,91,15;107,109,17;120,121,15;130,131,15;149,150,15;165,167,13;167,169,17;184,185,15;191,192,9;201,204,0;257,260,6;279,280,10
3|56|4,7,0;9,10,15;26,28,17;51,57,6;61,67,6;69,70,15;70,71,16;82,83,15;104,109,5;109,114,1;114,115,9;119,120,10
3|57|4,7,0;9,10,15;27,29,17;39,41,17;42,43,15;43,44,16;47,48,9;52,53,9;87,88,15;107,108,15;108,109,16;112,113,9;117,118,10
3|58|2,3,9;32,33,15;39,40,9;62,63,10
3|59|2,5,0;23,26,6;27,28,15;62,63,9;66,70,6;74,79,6;79,82,0;93,94,9;97,101,6;105,106,10
3|60|11,16,2;32,37,1;40,41,15;51,52,10
3|61|9,11,11;26,29,8;41,43,12;53,54,15;79,81,17;84,86,14;91,93,14;95,97,12;107,109,14;111,113,12;126,128,12;140,142,12;153,156,6;166,169,6;178,181,0;184,186,14;197,199,14;213,214,15;227,228,15;232,233,9;237,238,10
3|62|2,5,0;8,9,9;20,21,15;30,31,15;56,57,9;67,68,15;81,84,0;85,86,15;100,101,15;111,112,15;118,119,10
3|63|4,8,6;15,17,17;22,25,0;26,27,15;40,44,8;45,46,15;56,57,10
3|64|7,9,13;16,17,15;23,24,9;36,38,17;53,58,6;60,62,12;63,67,8;112,113,15;139,140,9;147,153,1;193,200,1;200,204,6;208,209,15;222,226,6;233,235,17;244,246,17;247,248,15;255,257,17;262,265,0;275,276,10
3|65|2,4,13;11,12,15;18,19,9;31,33,11;42,44,13;47,49,14;51,52,9;62,64,13;67,70,6;75,76,15;76,77,16;85,86,9;91,92,15;96,99,6;113,116,8;123,125,13;144,145,10
3|66|2,4,13;6,9,6;14,16,12;20,22,12;27,28,9;30,32,14;48,52,7;54,55,9;61,66,6;75,77,11;102,106,7;108,109,9;115,122,1;122,123,15;143,146,6;161,162,10
3|67|12,14,14;16,17,9;32,38,1;53,59,1;61,62,9;64,68,6;78,85,1;90,96,1;111,112,15;122,123,10
3|68|2,5,0;14,15,15;15,16,16;16,19,0;27,29,14;31,32,9;49,50,15;65,66,9;70,71,15;71,72,16;72,75,0;83,84,15;101,103,17;108,109,15;124,125,15;135,136,10
3|69|5,6,3;10,12,12;17,23,1;33,34,15;40,41,9;86,88,13;91,94,6;115,116,10
3|70|2,4,13;11,12,15;18,19,9;47,48,9;51,52,15;63,66,6;77,78,10
3|71|2,4,13;11,12,15;18,19,9;39,40,15;50,51,15;55,56,9;75,76,15;88,91,6;102,103,10
3|72|7,8,3;12,14,12;19,25,1;35,36,15;42,43,9;54,56,17;59,60,15;65,67,13;70,73,6;82,83,15;100,102,17;105,107,14;110,111,15;111,112,16;112,115,0;123,124,15;130,132,13;132,134,17;144,145,9;166,167,10
3|73|14,16,13;16,18,17;30,34,6;56,59,0;60,61,15;76,77,15;86,90,1;94,97,13;103,109,1;116,118,13;139,141,11;152,155,6;175,178,0;179,180,15;196,197,15;216,220,1;222,224,12;231,232,15;241,242,9;251,252,10
3|74|22,23,9;26,30,1;32,34,12;41,42,15;53,54,15;63,64,15;70,71,10
3|75|16,17,15;23,24,9;34,38,6;51,54,6;56,61,1;68,70,13;88,93,5;98,102,6;120,126,2;137,139,13;178,180,12;183,191,6;191,192,9;201,204,0;215,217,17;239,240,15;244,247,0;259,264,1;314,315,10
3|76|31,32,9;35,36,15;48,51,0;52,53,15;68,69,15;78,79,10
3|77|2,5,0;6,7,15;37,38,15;53,54,9;66,72,6;81,83,17;85,87,12;100,101,9;115,116,15;163,166,6;194,195,9;240,241,10
3|78|4,7,0;25,31,1;35,36,9;51,55,7;55,56,15;62,63,9;85,86,15;92,93,9;112,113,15;119,120,9;148,151,6;152,153,15;178,181,6;182,183,15;209,210,15;217,218,15;242,243,10
3|79|21,25,1;34,35,15;42,43,15;49,50,9;55,56,15;67,68,15;68,69,16;69,72,0;82,85,0;96,97,16;97,100,0;110,112,17;119,126,2;130,134,6;138,139,15;150,151,9;153,157,6;161,163,17;169,170,9;186,189,6;212,213,9;226,229,6;234,236,14;240,241,10
3|80|21,25,6;33,35,17;36,37,15;43,45,12;54,55,15;55,56,16;56,59,0;92,96,7;120,123,6;123,128,5;134,135,10
3|81|14,15,15;27,28,9;31,32,15;32,33,16;33,36,0;48,50,13;62,67,5;67,71,6;73,74,9;75,80,1;87,92,6;92,95,0;98,100,12;113,119,1;125,131,2;154,157,0;162,163,9;170,173,6;175,178,0;180,181,9;194,196,14;227,228,9;250,252,13;252,254,17;257,259,14;285,287,17;303,308,5;316,317,9;321,322,10
3|82|4,8,6;25,26,9;35,37,17;39,41,12;51,52,15;56,57,9;61,62,10
3|83|17,18,15;27,29,14;41,43,13;55,59,6;61,62,15;62,63,16;68,69,9;71,72,9;77,78,15;92,98,1;103,109,1;126,127,10
3|84|10,13,0;17,18,15;29,31,13;34,37,6;54,56,13;59,62,6;69,72,13;75,77,14;79,80,9;94,95,9;109,110,9;127,128,15;144,146,13;175,176,15;176,177,16;177,180,0;191,196,2;230,236,1;256,257,9;266,267,10
3|85|4,8,1;8,10,14;22,23,15;31,32,9;39,45,6;47,51,1;51,53,14;76,77,15;98,99,9;103,104,10
3|86|15,16,15;28,34,6;39,41,17;54,55,9;70,72,13;72,74,17;77,80,0;81,82,15;82,83,16;96,101,1;103,105,12;112,113,15;122,123,9;130,131,15;150,151,15;160,161,15;161,162,16;165,166,9;170,171,10
3|87|2,4,17;6,8,12;17,19,12;28,31,0;52,53,15;62,63,15;69,71,12;80,81,15;81,82,16;82,85,0;91,93,14;97,98,10
3|88|2,3,9;41,42,15;65,68,6;70,71,10
3|89|7,8,15;23,25,17;29,32,8;40,41,9;57,59,17;64,67,0;68,69,15;82,88,2;90,91,10
3|90|2,5,0;6,7,15;23,25,17;38,39,9;48,51,0;52,53,15;61,63,17;69,76,2;76,80,6;80,82,14;104,106,17;108,110,12;120,121,15;121,122,16;125,127,11;130,131,10
3|91|2,5,0;6,7,15;23,25,17;34,36,17;51,56,6;58,62,1;62,64,14;82,87,5;92,93,15;107,113,1;118,119,15;132,136,13;139,141,17;143,145,12;171,176,1;184,189,5;189,194,1;194,195,9;199,200,10
3|92|2,6,6;12,14,17;15,16,15;34,37,6;40,42,17;45,48,0;71,74,6;77,79,17;82,86,6;89,94,6;96,99,0;100,101,15;112,113,9;118,119,10
3|93|8,9,15;9,10,16;29,36,2;40,42,13;49,51,12;82,84,12;105,106,9;109,113,6;113,115,14;120,124,6;132,133,15;133,134,16;142,143,9;160,162,17;165,166,15;166,167,16;175,176,9;181,182,15;189,191,13;194,198,6;198,201,6;206,207,9;211,212,10
3|94|7,8,15;23,24,15;31,32,15;44,47,8;55,56,9;65,67,17;69,71,12;81,82,15;82,83,16;86,87,9;91,92,10
3|95|12,13,15;24,25,15;33,35,17;46,48,14;50,51,9;63,69,1;84,85,15;95,96,10
3|96|2,5,0;19,24,1;31,32,16;32,35,0;66,72,1;75,82,2;86,87,9;91,92,10
3|97|11,12,9;13,17,8;23,24,9;25,31,1;39,41,14;43,44,9;56,60,6;66,67,9;80,88,1;102,103,15;103,104,16;104,107,0;117,118,15;132,133,15;158,166,1;168,172,6;181,184,0;185,186,15;206,207,15;211,212,9;216,217,10
3|98|7,9,13;16,17,15;23,24,9;52,53,9;56,57,15;66,67,15;101,102,10
3|99|7,9,13;16,17,15;23,24,9;45,49,6;55,56,15;78,80,14;94,100,1;102,105,6;114,116,12;127,128,15;139,140,9;147,150,0;160,161,10
3|100|2,4,13;13,14,15;30,32,13;32,34,17;37,41,6;47,49,17;56,63,1;66,67,15;82,84,17;85,86,15;92,93,9;106,110,7;120,121,9;130,131,9;135,136,10
3|101|25,28,6;56,57,9;60,61,15;87,88,9;95,99,1;105,109,7;109,110,15;121,123,14;142,143,9;144,150,1;156,157,10
3|102|2,4,13;13,14,15;31,33,17;34,35,15;41,43,17;44,45,15;67,68,9;82,85,0;97,100,6;100,105,5;111,112,10
3|103|2,3,15;12,14,17;19,21,14;24,25,15;38,44,1;58,62,17;65,66,15;73,75,17;85,86,15;111,114,6;123,125,12;126,131,6;170,174,7;184,186,13;193,194,9;195,201,1;203,206,6;229,235,1;238,239,15;239,240,16;240,243,0;251,254,6;258,263,5;275,276,9;291,292,15;311,312,9;316,317,9;338,339,10
3|104|8,13,1;13,16,6;21,24,0;25,30,1;30,32,14;44,45,15;70,71,15;101,102,15;106,109,6;118,120,17;122,124,12;134,135,15;145,146,10
3|105|14,16,17;19,20,15;39,41,17;44,45,15;54,56,17;60,63,8;75,77,12;84,85,15;94,95,9;104,106,17;108,110,12;134,135,10
3|106|9,11,14;23,28,1;44,51,6;53,56,0;58,59,15;68,69,15;101,105,7;115,116,9;131,133,17;134,135,15;153,156,6;167,168,10
3|107|4,7,0;9,10,15;19,20,15;20,22,14;57,58,15;79,80,9;84,85,10
3|108|12,13,9;16,17,15;46,47,15;63,64,15;84,91,2;95,96,9;100,101,10
3|109|18,19,15;19,20,16;25,26,9;28,29,9;42,43,15;62,63,15;79,80,15;86,87,10
3|110|2,5,6;17,20,0;36,37,16;37,40,0;58,59,15;89,90,15;94,97,6;116,117,15;148,149,15;155,156,9;172,179,2;181,188,5;195,196,15;225,226,15;230,231,9;235,236,10
3|111|2,6,1;22,24,13;28,36,1;38,42,1;44,45,9;68,69,15;73,75,14;83,86,0;93,96,6;98,99,10
3|112|20,21,15;21,22,16;48,50,13;50,52,17;64,66,14;67,73,1;76,77,15;88,90,14;91,97,1;100,101,15;101,102,16;102,105,0;113,115,12;126,132,1;135,136,15;165,166,15;183,184,9;193,196,0;207,209,17;230,231,9;234,235,15;246,248,14;256,257,15;262,264,8;267,269,12;285,292,6;292,293,9;309,311,17;321,323,17;332,333,10
3|113|9,11,17;16,18,12;19,27,1;37,38,15;44,45,9;50,53,0;54,59,6;59,61,12;66,71,1;84,85,9;88,89,15;101,103,12;106,107,15;130,131,10
3|114|14,15,15;24,25,15;34,35,15;96,99,6;108,109,9;130,131,9;138,140,17;142,144,12;159,160,9;164,165,10
3|115|15,17,17;28,33,6;35,39,1;53,54,15;67,71,8;72,73,15;82,83,10
3|116|2,5,0;6,7,15;23,25,17;28,32,6;54,55,9;66,68,13;75,76,9;80,85,5;88,89,15;102,110,1;112,114,17;116,118,12;129,130,9;133,134,15;134,135,16;135,138,0;158,159,9;163,164,10
3|117|13,16,6;28,29,9;34,35,15;41,42,17;42,43,9;46,47,15;47,48,16;70,75,6;108,113,6;117,119,13;119,121,17;124,127,6;168,169,15;180,181,9;188,191,6;206,207,10
3|118|2,4,13;13,14,15;31,33,17;48,50,17;59,65,1;65,69,6;101,107,1;111,113,17;130,132,14;140,141,15;149,151,12;165,166,9;212,214,14;220,223,0;232,233,15;239,240,9;247,251,6;251,254,6;265,266,10
3|119|2,4,13;6,9,6;14,16,17;18,20,12;75,76,15;82,83,9;93,94,9;118,120,13;120,122,17;128,131,0;147,149,17;156,158,17;170,171,15;188,189,15;211,213,17;231,234,0;235,236,15;249,253,8;260,261,15;261,262,16;267,268,10
3|120|2,6,6;24,29,6;42,46,6;48,50,14;63,68,1;75,77,17;90,94,6;101,103,17;114,116,17;157,160,0;161,162,15;191,192,10;192,193,14
3|121|40,41,15;59,60,9;81,82,15;101,102,10
3|122|7,10,0;10,11,3;15,17,12;29,32,6;37,41,6;51,52,15;82,83,15;106,107,15;117,118,10
3|123|6,8,14;20,21,15;32,34,14;35,40,1;42,45,6;56,63,6;63,64,15;70,72,17;73,74,15;101,102,10
3|124|33,37,1;50,54,1;71,75,7;79,80,9;90,91,9;92,98,1;101,102,15;108,110,12;119,122,6;124,125,10
3|125|4,9,13;12,16,6;23,25,17;36,38,17;50,55,5;55,59,6;70,71,9;81,83,14;95,99,7;113,114,9;115,121,1;124,125,15;131,133,12;149,150,10
3|126|15,16,15;52,54,14;58,61,0;71,75,7;77,78,9;87,88,15;88,89,16;89,92,0;111,114,6;115,116,15;123,124,15;134,135,15;141,142,10
3|127|4,6,14;16,23,1;26,27,15;42,44,13;44,46,17;69,72,6;77,79,17;82,84,12;88,89,10
3|128|17,18,15;81,84,0;91,92,9;96,97,10
3|129|18,19,15;19,20,16;25,26,9;28,29,9;42,43,15;67,71,1;73,75,12;92,96,1;98,100,12;107,108,15;121,127,2;129,130,10
3|130|2,4,13;13,14,15;31,33,17;47,49,17;50,51,15;51,52,16;57,58,17;58,60,13;60,62,17;69,70,9;71,78,1;80,81,9;86,93,1;93,94,15;100,102,17;103,104,15;131,132,10
3|131|2,3,15;9,11,17;12,13,15;13,14,16;14,17,0;21,22,15;27,29,13;46,47,9;51,52,10
3|132|10,12,17;13,14,15;23,24,15;24,25,16;54,55,10
3|133|11,13,13;13,15,17;32,38,1;38,43,2;55,58,0;71,72,15;72,73,16;78,79,9;81,82,9;87,88,15;118,119,10
3|134|12,15,6;25,26,15;26,27,16;33,35,12;40,41,15;41,42,16;48,50,12;55,56,15;60,61,9;69,70,15;81,82,15;98,99,15;99,100,16;100,103,0;111,112,15;127,128,15;138,139,10
3|135|2,3,15;25,27,17;30,31,9;49,51,13;51,53,17;56,59,6;73,75,17;76,77,15;86,87,15;98,100,17;119,123,1;130,131,15;131,132,16;148,149,15;171,173,17;192,194,17;210,211,10
3|136|2,4,17;6,8,12;17,19,12;23,28,5;35,41,1;41,46,2;58,61,0;61,62,9;63,68,6;68,70,14;76,80,6;88,89,15;97,98,9;103,104,9;132,134,14;137,138,15;142,143,9;147,148,10
3|137|2,4,14;14,18,6;18,20,14;32,37,6;43,45,17;50,51,15;62,63,15;63,66,6;69,71,17;87,88,9;95,96,15;107,108,10
3|138|2,3,9;13,19,2;19,20,16;20,23,0;32,38,1;47,53,2;62,63,10
3|139|13,15,17;31,33,17;38,41,6;44,45,15;60,64,6;64,67,6;67,72,5;78,79,10
3|140|2,6,1;22,27,6;29,31,14;38,39,15;53,59,1;65,68,9;78,79,15;110,111,15;111,112,16;112,115,0;132,133,15;140,141,15;158,160,17;175,178,6;187,189,12;196,197,15;216,217,15;217,218,16;221,222,9;226,227,10
3|141|14,15,15;22,23,15;40,42,17;54,55,15;59,60,9;64,65,10
3|142|9,11,14;18,22,6;22,24,14;29,31,17;32,33,15;37,40,0;47,50,0;61,62,15;69,70,15;81,82,9;87,89,17;92,95,6;109,110,15;110,111,16;114,115,9;119,120,10
3|143|6,8,14;11,14,6;21,24,0;29,30,15;41,45,6;45,47,14;52,56,6;69,71,14;90,93,6;98,101,6;103,104,10
3|144|10,13,0;29,34,6;34,36,14;46,50,6;50,52,14;57,58,15;58,59,16;75,77,17;77,82,1;98,99,15;99,102,6;104,106,14;115,118,13;125,126,9;139,143,1;143,146,6;148,150,14;173,177,1;183,184,15;197,205,1;209,211,14;215,216,15;223,224,15;224,225,16;228,229,9;233,234,10
3|145|23,27,6;49,50,15;61,62,9;63,70,1;76,84,1;86,90,1;92,94,14;103,104,15;104,105,16;122,123,9;136,140,1;142,144,14;153,154,15;173,174,9;191,193,14;202,203,9;207,208,10
3|146|9,14,1;14,19,1;23,28,6;28,29,9;40,41,9;60,65,6;76,78,17;83,85,13;110,111,15;131,133,17;140,141,15;151,153,17;158,159,15;174,175,15;175,176,16;179,180,9;184,185,10
3|147|28,30,13;33,37,6;41,43,17;53,54,15;95,97,13;120,122,14;133,134,15;134,137,6;149,150,15;159,160,15;164,165,9;169,170,10
3|148|9,10,9;15,16,15;31,32,15;32,33,16;59,60,15;102,103,10
3|149|2,4,13;13,14,15;30,32,13;32,34,17;37,41,6;47,49,17;50,51,15;67,69,17;87,90,13;97,98,9;109,112,6;117,119,17;122,123,9;127,128,10
3|150|5,6,15;20,21,9;42,43,15;43,44,16;44,47,0;47,48,9;52,53,10
3|151|22,23,15;39,41,17;42,43,15;43,44,16;56,58,13;68,70,17;73,74,15;104,105,9;112,113,9;114,122,1;129,130,9;135,136,15;136,137,16;137,140,0;163,164,15;164,165,16;168,169,9;173,174,10
3|152|6,8,14;20,21,15;36,38,13;56,60,7;68,71,9;77,80,13;104,105,9;118,119,15;138,143,5;144,147,8;155,157,13;163,164,9;166,171,5;188,191,6;191,196,5;196,200,1;206,207,15;207,208,16;221,224,6;224,229,5;229,233,1;239,240,15;255,258,0;283,285,14;304,306,14;315,318,6;361,362,10
3|153|31,32,9;39,42,13;48,53,1;53,54,15;54,55,16;66,68,14;78,80,13;88,89,9;100,101,9;110,114,0;112,117,8;120,124,0;122,128,2;145,147,17;177,179,13;184,185,9;196,197,15;210,214,8;227,228,10
3|154|2,5,0;8,11,6;22,27,5;28,31,8;37,38,15;42,45,0;53,59,1;63,69,1;78,80,12;85,91,1;91,94,6;103,105,12;110,115,6;115,117,14;122,125,0;134,137,6;148,151,0;157,158,15;172,173,15;183,186,0;187,188,15;192,193,9;232,233,15;244,248,6;251,258,6;263,266,0;267,268,15;284,285,9;308,310,13;313,316,6;320,325,5;333,335,14;381,382,15;396,402,1;416,417,9;437,440,6;468,469,15;496,497,15;535,537,14;544,545,15;610,611,15;624,628,8;635,636,15;636,637,16;642,643,10
3|155|2,5,0;6,7,15;25,27,17;30,33,6;43,44,15;52,53,15;67,70,0;74,75,15;89,90,15;90,91,16;98,99,9;122,124,17;133,135,14;142,143,15;163,166,0;167,168,15;187,188,10
3|156|2,4,13;13,14,15;31,33,17;46,48,17;51,52,15;68,70,17;79,81,17;90,91,9;111,113,17;118,119,15;139,141,17;146,153,2;162,164,17;167,170,6;184,186,17;200,202,17;207,209,14;214,215,15;224,225,9;237,242,6;260,261,15;274,275,9;290,291,15;320,321,10
3|157|6,10,6;31,32,15;63,69,1;72,73,15;96,102,1;102,105,0;109,111,14;115,116,10
3|158|6,11,1;41,42,15;57,58,10
3|159|15,21,1;24,25,15;34,37,6;56,59,6;75,76,15;87,88,15;88,91,6;95,97,17;116,117,15;133,134,15;170,171,15;217,218,15;229,232,0;233,234,15;249,250,15;263,264,10
3|160|2,6,1;6,9,6;16,17,15;51,55,1;70,74,6;76,77,15;86,89,6;93,98,5;99,102,8;109,110,9;121,122,15;145,146,15;156,157,10
3|161|24,28,1;40,44,1;77,78,15;84,85,9;94,97,0;119,125,1;155,156,10
3|162|9,10,15;24,25,9;28,29,15;41,44,8;45,47,12;57,63,1;66,67,15;83,84,9;91,94,0;108,109,15;115,116,10
3|163|11,12,9;17,20,6;21,22,15;33,34,15;47,51,8;64,65,10
3|164|4,6,14;9,12,0;13,14,15;27,28,15;68,75,1;80,83,6;97,99,17;116,117,9;121,122,9;154,155,15;161,162,9;167,168,15;183,187,6;191,193,17;196,200,6;200,202,14;215,216,9;217,223,1;225,226,10
3|165|6,9,0;9,11,13;16,17,9;23,28,5;34,39,6;39,41,14;46,48,14;50,55,5;76,79,0;84,85,9;108,111,6;114,117,6;128,131,0;132,133,15;158,163,6;165,166,10
3|166|4,6,13;11,12,9;26,27,15;35,36,15;59,60,15;80,81,15;91,92,10
3|167|13,14,15;31,35,17;60,62,17;65,66,9;71,73,17;86,87,15;99,100,15;100,102,14;107,109,17;118,120,17;141,148,2;148,149,15;158,159,9;195,197,14;220,221,9;245,246,9;250,255,5;284,285,15;315,316,10
3|168|16,18,17;27,28,9;44,46,17;75,77,17;87,88,15;88,90,14;95,97,17;105,108,6;115,116,15;127,131,6;131,134,6;139,140,9;144,145,10
3|169|14,17,0;18,19,15;35,37,17;50,51,15;64,65,9;66,73,8;83,85,12;90,93,6;112,113,10
3|170|14,16,13;23,24,9;29,30,15;39,43,6;49,50,9;59,61,14;71,72,15;95,97,17;102,107,5;165,166,10
3|171|8,10,14;27,33,1;36,37,15;51,56,1;58,61,0;62,63,15;84,86,14;89,90,15;100,101,10
3|172|10,11,15;21,23,17;34,35,15;35,36,16;48,51,8;59,61,13;74,75,15;106,108,17;120,121,15;128,130,17;133,135,14;142,143,10
3|173|23,24,15;24,25,16;25,28,0;34,37,0;38,39,15;39,40,16;40,43,0;49,51,14;59,61,17;71,72,15;100,101,9;102,108,1;114,116,17;127,128,15;144,145,15;151,152,10
3|174|2,3,15;3,6,6;11,13,17;23,29,1;32,33,15;47,53,2;71,73,12;74,79,1;79,80,15;88,90,17;97,98,9;101,102,15;113,114,15;136,137,10
3|175|2,5,0;11,12,9;19,20,15;20,21,16;28,29,9;50,52,12;56,57,9;90,94,6;94,97,6;97,102,5;108,109,10
3|176|12,15,6;16,17,15;30,31,9;43,44,15;57,60,0;67,71,1;77,79,17;80,81,15;94,102,1;108,109,15;125,127,14;143,149,6;151,152,15;186,187,10
3|177|2,5,0;6,7,15;16,17,15;25,27,17;28,29,15;40,41,15;48,49,9;54,58,1;64,66,17;67,68,15;81,87,1;106,107,10
3|178|14,17,0;18,19,15;34,36,13;36,38,17;41,44,0;68,74,2;76,79,6;90,93,0;123,125,13;125,127,17;133,141,1;154,160,1;162,163,10
3|179|11,12,15;28,29,15;52,54,13;57,60,6;88,89,15;104,105,15;105,106,16;129,130,15;141,143,14;158,159,15;172,173,9;175,178,0;179,180,15;189,191,14;199,204,2;210,211,9;214,218,1;220,222,12;238,240,17;243,244,15;261,264,9;269,273,6;280,282,17;293,295,17;307,309,14;316,317,10
3|180|14,17,0;18,19,15;30,32,14;44,46,13;53,54,9;59,60,15;69,73,6;79,80,9;91,98,2;100,106,7;118,124,2;157,159,17;164,165,9;173,174,15;180,181,9;203,204,9;207,208,15;208,209,16;214,215,9;217,218,9;223,224,15;237,238,15;267,268,10
3|181|5,7,14;15,16,15;30,31,15;45,47,13;47,49,17;52,55,0;56,57,15;70,75,1;90,92,12;118,120,17;134,135,15;140,142,8;145,147,12;163,168,1;182,184,17;193,194,15;200,201,10;201,202,14
3|182|2,3,9;40,43,0;44,45,15;68,74,2;80,81,10;81,82,14
3|183|15,17,13;17,19,17;22,25,0;26,27,15;49,51,13;108,113,6;122,123,15;123,124,16;124,127,0;140,142,14;145,147,12;159,165,1;165,169,6;169,171,14;177,178,15;187,188,9;195,196,15;237,241,6;241,244,6;249,250,9;254,255,10
3|184|4,8,6;21,23,14;37,43,1;43,47,6;47,49,14;56,58,12;64,65,15;74,75,9;80,81,15;81,82,16;92,93,15;99,100,9;103,104,15;110,111,10
3|185|11,16,6;16,18,12;25,26,15;41,44,0;79,80,15;86,87,9;98,102,6;114,115,15;115,116,16;116,119,0;127,129,14;134,135,15;139,142,0;149,151,14;166,167,15;173,174,17;174,175,9;178,179,15;179,180,16;187,189,13;201,202,9;205,206,15;212,213,10
3|186|6,8,14;12,15,0;18,20,13;27,28,9;39,42,6;61,64,0;70,71,15;86,88,17;89,90,15;96,97,9;102,106,6;106,108,14;122,123,15;140,142,13;142,144,17;148,154,6;158,166,1;168,172,6;179,181,17;192,194,17;199,202,0;205,206,9;223,224,15;230,231,10
3|187|14,15,15;27,28,9;31,32,15;47,49,17;50,51,15;57,58,9;72,75,0;77,78,9;81,82,16;82,85,0;108,109,9;126,128,12;145,146,15;154,156,17;161,162,9;168,174,6;178,186,6;205,206,10
3|188|12,15,0;16,17,15;42,44,13;50,52,17;69,73,1;80,82,17;103,105,17;120,123,0;125,129,7;137,143,1;146,147,15;180,181,10
3|189|17,18,15;18,19,16;24,25,9;27,28,9;33,34,15;47,48,15;73,78,6;80,81,10
3|190|2,5,0;17,18,15;18,19,16;24,25,9;27,28,9;33,34,15;45,46,15;52,53,9;56,57,15;67,68,15;68,69,16;69,72,0;84,85,9;86,92,2;94,96,17;109,110,10
3|191|22,23,15;34,35,9;36,42,1;48,54,1;101,102,15;102,103,16;108,109,9;111,112,9;117,118,15;144,146,14;151,152,9;158,159,9;162,168,6;168,170,14;172,173,9;194,195,15;195,196,16;196,199,0;199,200,10
3|192|7,9,13;12,15,0;20,24,6;24,26,14;31,32,15;32,33,16;33,36,0;44,46,14;59,60,9;71,72,16;75,76,9;91,94,6;94,95,10
3|193|8,10,13;13,16,0;38,44,1;60,61,9;77,79,17;100,103,0;118,119,15;155,158,0;193,194,15;198,200,14;202,203,10
3|194|28,29,3;75,76,15;82,83,9;92,95,0;111,112,15;119,120,10;120,121,14
3|195|2,3,15;32,35,0;39,41,13;59,60,9;63,69,1;69,72,6;72,77,5;77,81,6;93,96,6;109,114,5;115,118,8;122,129,6;129,130,15;147,149,17;161,163,17;166,170,6;172,173,9;188,190,17;208,209,9;214,216,17;226,228,17;240,243,0;275,277,14;281,284,0;291,294,0;294,295,9;296,301,6;301,303,14;309,313,6;321,322,15;330,331,9;340,347,1;352,355,6;356,357,15;368,369,15;378,381,6;383,384,9;392,393,15;393,394,16;399,400,10;400,401,14
3|196|11,14,0;27,28,15;44,46,17;51,52,15;58,59,10;59,60,14
3|197|4,5,9;6,11,6;15,20,6;20,23,0;31,32,9;41,44,0;58,59,15;65,66,10;66,67,14
3|198|2,3,9;8,9,15;18,19,15;26,28,17;48,51,0;51,52,9;53,58,6;58,60,14;66,70,6;78,79,15;87,88,9;93,94,9;114,121,1;126,129,6;130,131,15;148,151,6;152,153,15;165,171,2;175,177,14;179,180,10
3|199|4,7,0;20,21,15;27,28,9;35,39,1;48,49,15;60,62,13;65,68,6;86,88,13;91,94,6;110,111,9;151,152,9;155,156,15;168,174,6;185,187,17;189,191,12;205,207,14;216,219,6;234,237,0;238,239,15;254,255,15;261,262,10;262,263,14
3|200|2,4,13;13,14,15;31,33,17;34,35,15;42,44,17;55,57,17;68,70,17;73,74,15;80,82,17;83,84,15;111,112,10
4|1|2,4,13;13,14,15;14,15,16;15,18,0;22,23,15;29,31,17;42,43,15;58,63,5;63,68,1;71,76,1;76,77,9;82,87,1;136,142,6;146,152,1;156,158,12;159,166,1;166,167,15;173,175,17;176,177,15;184,185,15;196,198,12;210,211,9;214,215,15;231,234,0;235,236,15
4|2|8,10,17;11,12,15;18,19,9;21,24,13;31,32,9;59,61,17;62,63,15;75,76,15;76,77,16;102,104,13;104,106,17;113,114,9;125,128,13;135,136,9;147,150,0;152,153,9;164,170,6
4|3|25,27,14;32,34,17;39,40,15;46,47,9;54,55,15;55,58,6;61,63,17;78,83,5;86,87,15;87,88,16;88,91,0;93,95,12;113,114,9;123,124,9;161,163,17;168,169,9;200,201,9;212,213,9;220,222,14;224,227,13;243,245,17
4|4|8,10,17;11,12,15;12,13,16;13,16,0;18,20,12;29,30,9;34,37,0;45,52,6;54,58,6;58,60,14;72,76,6;79,85,1;95,101,6;113,115,12;117,124,1;126,128,12
4|5|13,15,17;16,17,15;17,18,16;25,27,12;36,37,9;44,45,15;59,60,15;78,79,9;80,86,1;86,87,15;108,109,15;127,129,17;142,149,1
4|6|2,3,15;3,5,14;10,12,17;13,14,15;20,21,9;31,34,13;48,50,17;51,52,15;52,53,16;53,56,0;78,83,5;95,101,6;101,102,15;102,104,14;108,110,13;110,112,17;130,131,9;157,159,13;168,174,1;185,189,1;196,198,17;205,209,6;219,225,6;246,250,6;260,266,6;279,280,15;330,331,9;349,351,17;376,377,15
4|7|3,4,16;19,25,1;25,28,0;37,38,15;42,43,9;53,54,15;58,60,14;72,73,16;73,76,0;78,80,12;89,95,1;95,98,0;107,108,15;112,113,9;123,124,15;128,130,14;140,143,0;178,185,1
4|8|15,16,15;29,31,17;34,36,17;37,38,15;51,52,15;58,59,9;66,67,15;73,74,9;82,83,15;92,97,5;110,112,17;125,132,1
4|9|11,12,15;33,35,17;61,66,6;68,69,9;79,81,17;105,107,17;108,109,15;128,130,17;136,142,6
4|10|2,5,0;6,7,15;34,35,9;38,39,15;45,46,9;61,64,0;100,108,1
4|11|11,12,15;21,23,13;30,31,9;42,43,16;64,65,15;69,72,6;85,89,6;89,92,0;97,99,12;100,105,6;110,111,15;128,131,0;157,161,6;169,170,9;175,180,6;186,187,15;187,188,16;188,191,0;223,224,9;227,233,1;241,242,15;242,243,16;253,256,0;267,271,6;279,280,9;286,293,6;295,300,2;307,312,2;314,315,9;321,326,1;334,336,13;353,356,0;359,360,15;360,361,16;375,379,6;387,389,13;397,402,6;406,409,0;412,413,15;413,414,16;427,430,8;444,449,1;458,460,13;480,482,12;493,495,14;497,499,12;512,514,14;532,534,14;551,559,6;565,571,1;574,575,15;586,589,0;590,591,15
4|12|35,36,9;45,50,2;57,62,2;64,67,0;73,80,6;82,86,6;94,97,0;103,108,6;115,116,15;116,117,16;127,130,0;146,149,8;163,168,1;179,181,13;192,199,1;203,206,0;207,208,15;208,209,16;219,222,0;237,242,2;249,254,2;264,271,6;273,277,6;293,298,6;302,305,0;306,307,15;307,308,16;318,321,0;331,338,5;339,342,8;356,361,6;372,374,13;385,392,1;394,398,6;407,412,1;422,423,9;433,434,15;441,446,1;450,452,13;468,473,6;483,484,9;487,493,1;501,502,15;502,503,16;517,521,6;524,526,13;526,528,17;540,544,6;544,545,9;563,565,12;572,573,15;573,574,16;587,590,8;604,609,1;619,621,13;645,647,11;649,656,1;662,668,1;671,672,15;683,684,15;703,704,10
4|13|15,16,15;29,33,1;38,39,15;57,58,9;61,63,14;72,75,0;75,76,9;77,82,6;82,84,14;90,94,6;102,103,15;111,112,9;117,118,9;139,140,9;145,146,15;155,156,15;162,163,10
4|14|4,8,1;13,14,15;32,33,9;55,56,9;59,61,14;77,78,9;81,87,6;98,99,9;106,112,1;114,115,10
4|15|2,3,15;6,7,9;21,22,15;26,27,9;36,41,1;43,45,12;54,55,15;66,68,17;77,80,0;90,96,1;96,99,6;108,112,6;117,119,17;133,136,0;141,142,15;170,171,9;173,176,0;177,178,15;194,196,14;201,202,15;213,216,0
4|16|2,3,15;20,21,9;29,32,6;56,60,6;88,90,17;99,101,13;106,109,0;110,111,15;131,138,2
4|17|2,5,0;9,10,15;10,11,16;27,28,15;58,59,15;59,60,16;63,65,12;74,75,9;78,83,6;83,86,0;100,104,6;108,113,6;115,117,17;119,121,12;134,135,15;163,164,15
4|18|11,12,15;12,13,16;46,47,15;47,48,16;66,69,13;94,95,15;112,115,0;119,121,14;124,125,15;130,131,9;140,141,15;181,183,17;185,187,12;198,200,14
4|19|2,4,13;13,14,15;31,33,17;55,59,6;64,66,17;67,68,15;68,69,16;69,72,0;74,76,12;84,92,1;107,110,0;122,124,17;136,138,13;153,156,0;162,164,13;167,171,1;183,184,9;189,195,1;203,210,1;220,223,0;226,227,15;245,249,6;260,263,0;270,273,13;276,280,6;287,289,17;296,302,1;304,306,14;311,312,15;330,336,6
4|20|11,12,3;18,19,15;23,25,14;36,42,1;53,58,1;77,78,9;80,83,0;86,89,6;91,97,6;110,112,17;146,147,9;154,155,9;156,162,1;167,174,1
4|21|22,23,9;28,30,14;63,68,1;79,82,6;82,87,5;90,91,9
4|22|8,11,6;14,16,17;33,35,12;39,44,5;47,48,15;48,49,16;49,52,0;54,56,12;72,74,14;86,89,0;91,92,9;101,102,9;107,112,1;114,116,14;117,123,1;125,127,12
4|23|23,26,0;28,29,9;58,59,9;70,73,0;73,74,9;85,86,9;88,89,9;106,107,15;124,125,15;138,141,0;143,144,9;151,152,15;155,156,9;158,160,13;184,185,9;189,194,5;197,198,15;198,199,16;204,205,9;214,217,0;219,220,9;227,229,12;242,244,12;253,254,15;257,258,9;275,280,5;280,285,1;287,289,12;296,297,15;300,301,9;313,317,7;319,322,0;327,332,2;343,345,17;354,358,7;360,363,0;395,397,12;404,406,14;408,410,12;417,418,15;438,439,9;450,454,6;454,456,14;461,463,17;471,472,15;498,500,14;512,515,0;516,517,15;536,543,2
4|24|4,5,15;15,16,9;24,25,15;25,26,16;26,29,0;31,33,12;62,63,9;76,77,9;80,81,15;115,120,5;126,128,12;133,134,9;143,147,6;147,149,14;154,156,17;165,166,9;170,175,5;196,197,9;213,214,15;226,230,7;232,233,9;240,243,0;255,258,0;268,271,0;280,287,1;321,322,9;328,332,7;334,335,9;339,342,8;348,349,15;365,368,0;369,370,15
4|25|4,9,2;25,28,6;41,45,1;45,48,6;51,52,15;62,63,9;66,67,15;77,78,9;85,90,1;107,108,9;112,117,5;117,121,6;125,126,9;133,134,15;144,145,9;152,153,15;176,177,9;181,187,7;193,198,5;199,202,8;206,213,6;213,214,15;214,217,6;222,225,0;243,246,0;257,260,0;270,273,0;276,277,15;297,298,9;312,313,9;317,318,9;319,324,1;337,338,9;349,356,6;360,362,13;369,372,0;393,394,9;399,404,6;412,415,0;433,434,15;444,445,9;453,454,15;468,469,9;488,489,15;500,503,6;512,516,6;523,525,17;531,537,2;546,547,15;560,566,2;568,569,10
4|26|8,9,15;57,58,15;69,73,6;73,75,14;107,108,15;127,128,10
4|27|2,3,15;20,24,1;51,52,15;74,75,15;75,76,16;83,84,9;89,93,6;99,101,17
4|28|8,9,15;18,22,1;32,35,6;49,50,15;54,57,6;57,58,9
4|29|2,4,13;13,14,15;31,33,17;46,48,13;48,50,17;57,58,9;62,66,7;72,76,7;76,77,15;81,82,9;92,94,13;97,101,6;111,112,9;119,123,6;127,133,1;133,136,6;149,151,14;155,157,13;157,159,17;162,165,6;176,179,0;180,181,15
4|30|4,8,1;17,18,9;25,27,14;29,30,9;31,37,1;42,48,6;69,77,1;85,86,9;97,98,15
4|31|2,6,6;6,8,14;15,17,17;22,24,12;63,66,6;89,91,14;97,102,5;102,104,14;107,113,6
4|32|12,15,0;17,19,17;32,33,15;44,45,9;69,77,2;77,78,16;93,99,1;99,102,0;104,105,15;114,118,17;123,124,16;124,127,0;129,131,12;140,146,1;146,149,0;151,152,15;158,160,14;175,177,17;178,179,15;188,192,6;198,202,13;205,208,0;209,210,15
4|33|8,13,6;25,26,9;33,36,0;45,46,15;50,51,9;61,62,15;66,68,14;80,81,15;105,106,9;143,146,0;147,148,15;179,184,6
4|34|1,2,16;16,17,9;29,30,15;30,31,16;31,34,0;36,38,12;55,56,15;86,91,1;95,97,13;100,103,6;106,108,17;120,121,9;132,133,15;133,134,16;137,138,9;142,143,9;148,149,9;153,154,9;159,160,9;164,165,9;166,172,2;194,195,15;206,207,15;210,211,9;235,238,0;248,251,0;254,255,15;264,267,0;272,273,15;287,288,15;297,300,0;331,333,14;336,338,17;347,350,0;364,367,0;368,369,15;388,394,6
4|35|38,39,15;39,41,14;46,48,17;54,61,1;72,73,9;81,88,1;99,101,13;104,108,1;113,115,13;122,123,9;124,130,1;138,139,15;156,160,13;163,166,0;167,168,15
4|36|4,5,15;12,14,17;15,16,15;38,40,17;45,46,9;53,61,1;63,64,15;68,69,9;84,85,9;86,92,1;98,99,15;112,113,15;119,120,9;127,128,15;134,135,9;143,144,15;156,157,15;170,171,15;179,180,15;191,192,15;192,193,16;204,205,15;210,212,8;216,217,15;217,219,14;222,223,15;223,224,16;254,255,9;266,269,0;270,271,15;292,296,6;308,314,6
4|37|12,14,14;36,37,15;37,38,16;38,41,0;47,48,15;73,75,13;82,83,9;88,89,15;98,102,6;108,109,9;120,122,14;132,133,9;147,154,1
4|38|2,3,15;14,17,6;29,30,9;41,43,12;46,47,15;47,48,16;48,51,0;75,76,15;91,92,15;101,102,15;117,121,1;135,136,9;143,144,9;151,157,6;159,161,12
4|39|33,35,17;38,39,15;48,49,15;58,59,15;72,75,6;78,80,17;83,86,0
4|40|2,5,0;6,7,15;43,50,1;52,56,6;66,71,1;73,74,9;93,98,2;107,109,14
4|41|25,29,6;35,38,0;39,43,8;50,55,1;77,79,12;83,85,12
4|42|9,14,1;20,21,15;37,39,17;48,50,17;51,52,15;52,53,16;84,85,15;112,113,15
4|43|2,4,13;13,14,15;31,33,17;40,42,14;47,49,17;50,51,15;51,52,16;57,58,17;58,59,9;66,69,6;76,77,9;99,101,17;174,176,17;183,187,6;187,190,6;190,195,5;199,202,13;229,231,12;239,245,1;245,248,6;248,253,5;256,257,15;261,263,12;275,276,9;285,286,15;286,287,16;287,290,0;292,294,12;311,313,17;316,318,12;319,324,6;328,331,0;334,336,17;343,349,6;353,359,6;359,360,15;367,369,17;402,405,0;406,407,15
4|44|18,19,15;34,36,17;43,50,1;53,54,15;60,61,9;76,77,15;77,78,16;83,84,9;104,108,6;114,116,17;117,118,15;118,119,16;124,125,10
4|45|2,3,15;27,29,12;49,50,15;63,69,1;78,79,15
4|46|6,7,15;22,24,17;38,39,15;50,55,1;64,65,9;103,104,15;125,130,1;132,133,9;143,148,8;171,177,6;179,180,15;180,181,16;199,202,0;213,215,17;240,241,15;250,251,15;251,254,6;273,280,2;289,291,14;300,301,9;303,308,2;317,318,15
4|47|2,4,13;13,14,15;29,31,17;32,33,15;39,40,9;51,53,17;79,86,2;96,101,5;101,105,6;105,107,14;112,117,1;117,119,14;130,136,6;151,154,13;157,159,14;166,168,13;197,200,0;200,202,13;209,210,9;213,214,15;214,215,16;218,220,14;240,241,15
4|48|2,5,0;6,7,15;29,33,1;44,45,9;69,70,9;79,83,1;85,87,12;96,100,1;109,110,15;124,125,15;131,134,13
4|49|18,19,15;41,44,6;48,54,7;57,58,15;76,80,1;82,84,12
4|50|1,4,6;32,33,15;40,41,15;65,67,13;73,80,1
4|51|18,19,15;34,36,17;43,50,1;53,54,15;60,61,9;78,79,15;83,85,14;90,91,15;91,92,16;95,96,9;133,135,17;138,140,12;144,146,12;163,164,15;181,183,17
4|52|2,4,17;6,8,12;13,14,15;34,35,15;48,52,1;59,60,15;71,75,6;84,85,9
4|53|18,24,1;27,28,15;42,49,2;61,62,15;62,63,16;63,66,0
4|54|17,18,15;18,19,16;19,22,0;35,37,13;44,45,9;50,51,15;60,64,6;70,73,9;78,80,14;90,92,13;101,103,14;105,106,9;112,113,15;119,120,9;125,126,15;148,149,9;151,156,5
4|55|8,13,5;28,29,9;38,43,5;43,47,6;75,78,0
4|56|2,5,0;6,7,15;23,25,17;34,35,9;64,70,6;95,99,7;106,107,9;141,143,17;144,145,15;159,162,0;163,164,15
4|57|2,3,15;20,22,17;32,34,17;35,36,15;36,37,16;40,41,9;45,46,9;53,55,14;66,69,0;69,70,9;71,76,6;76,78,14;84,88,6;96,97,15;105,106,9;111,112,9;125,127,13;133,142,2;152,154,13;161,162,9;163,169,1;177,184,1;186,188,14;201,207,6
4|58|4,7,0;8,9,15;31,35,6;41,43,17;44,45,15;51,52,9;54,55,9;62,65,13;92,96,7;101,102,15;102,103,16;103,106,0;112,116,6;123,125,17;128,129,15;133,135,14;142,145,0;146,147,15;158,161,0;171,175,7;177,179,13;184,187,0;188,189,15;208,213,8
4|59|2,4,13;13,14,15;30,32,13;32,34,17;43,45,17;46,47,15;64,66,17;67,68,15;68,69,16;82,84,17;88,89,15;100,103,6;112,116,6;118,119,9;137,142,6;157,158,15;167,168,15;168,169,16;180,184,6;184,187,6;204,205,15;214,215,15;224,225,15;238,239,9;249,254,1
4|60|18,19,15;42,45,0;58,60,17;65,67,13;70,73,6;89,91,13;94,97,6;102,106,6;106,108,14;126,130,1;139,141,13;141,143,17;150,151,15;151,152,16;155,156,9;166,168,14;175,177,13;177,179,17;182,186,1;193,195,17;200,201,9;212,213,15;213,214,16;221,222,9;227,231,1;245,246,9;247,252,8
4|61|30,32,17;42,44,13;47,50,6;53,54,15;69,70,15;70,71,16;89,90,15;96,97,9;118,121,6
4|62|13,15,13;20,21,9;27,32,5;38,42,8;71,74,0;77,79,12;99,100,15;116,118,14;120,122,13;128,130,13;137,138,9;139,145,1
4|63|2,4,17;6,8,12;13,14,15;32,33,15;107,109,13;112,115,6;127,132,8
4|64|4,6,13;21,26,2;58,59,15;77,80,0;87,88,3;96,98,13;98,100,17;103,106,6;115,117,12;125,126,15;137,139,17;140,141,15;150,151,15;169,170,15;170,171,16;189,191,17;192,193,15;207,214,2
4|65|80,83,0;95,97,17;100,102,13;105,108,6;120,127,1;127,130,0;153,155,17
4|66|9,12,0;18,20,14;40,41,15;41,43,14;47,49,13;49,51,17;54,57,6;69,70,15;77,79,17;82,86,6;88,89,9;93,98,5;123,129,1;147,150,0;162,164,17;184,185,9;199,206,2
4|67|20,21,9;23,28,5;28,33,2;35,38,0;38,40,13;43,45,14
4|68|12,13,9;22,23,9;24,31,1
4|69|4,8,1;13,14,15;23,24,15;24,25,16;38,40,17;42,44,12;54,55,15;73,74,15;89,94,5;97,98,15;98,99,16;99,102,0;138,140,12;150,151,9;172,174,17;176,178,12
4|70|2,3,9;8,9,15;23,24,15;44,45,15
4|71|2,4,13;13,14,15;31,33,17;39,41,17;55,56,15;56,59,6;62,64,17;78,79,15;79,82,6;85,87,17
4|72|4,7,0;10,13,6;20,25,2;34,37,0;49,50,9;56,61,5;67,72,6;78,80,14;90,91,15;120,125,1
4|73|13,14,9;26,32,1;35,36,15;52,55,0;60,65,2;73,76,8;96,97,9;106,111,1;111,112,9;124,127,6
4|74|10,11,9;28,29,15;36,37,15;56,57,15;63,64,17;64,65,9;68,69,15;69,70,16;81,82,15;99,103,1;105,106,9;135,137,14;153,155,14;177,179,14
4|75|21,22,9;42,43,15;52,53,15;76,77,15;77,78,16;89,90,15;90,91,16;91,94,0;96,98,12;103,104,15;112,113,9;116,117,15;144,146,13;153,155,14;166,167,9;172,173,15;184,185,15;185,186,16;207,208,15;208,210,14;223,228,2;230,233,6;240,246,1;246,247,15;247,249,14;262,267,2;269,272,6
4|76|18,20,17;25,26,9;46,47,15;58,59,15;75,77,17;82,83,9;103,104,15;104,105,16;108,109,9;119,120,9;124,126,13;126,128,17;137,139,12;142,143,15;143,144,16;151,152,9;159,162,0;170,171,15;171,172,16;179,180,9
4|77|18,19,15;46,48,13;48,50,17;74,76,17;77,78,15;78,79,16;84,85,17;85,86,9;97,99,17;100,101,15;101,102,16;107,108,17;108,109,9;116,119,0;139,140,15;162,168,1;186,187,15;187,188,16;188,191,0;206,207,15;234,241,1;247,249,17;268,270,14;283,284,15;300,302,13;314,316,13;321,324,13;330,335,6;339,346,6;353,354,9;357,358,15;358,359,16;374,379,1;379,380,15;396,402,2
4|78|18,20,17;23,25,14;34,35,15;53,56,6;69,75,1;83,90,1;92,96,6;98,100,14;112,117,1;123,125,17;128,129,9;133,134,9;142,145,6;146,147,15;160,164,6;166,168,14;181,186,1;192,194,17;197,198,9;202,203,9;211,214,6;228,234,1;239,242,6;243,244,15;263,265,12;269,271,12;274,275,15
4|79|3,5,13;28,33,6;38,39,15;52,54,13;67,71,6;77,82,6;84,89,1;110,111,9;116,117,16;117,120,0;130,138,1;147,148,15
4|80|3,7,1;12,13,15;13,14,16;27,29,14;38,39,15;52,56,6;68,70,13;81,82,9
4|81|19,24,6;37,39,17;47,50,6;63,65,12;70,76,1;90,91,15;110,111,15;184,185,15;205,206,15
4|82|23,24,15;58,61,6;69,70,15;86,88,17;95,96,15;102,103,9;104,110,6
4|83|10,12,12;24,30,1;33,34,15;48,49,15;66,68,17;73,76,9;99,100,15;100,101,16;116,119,13;122,124,17;128,129,15;158,159,15;175,177,8;185,186,9;215,216,15;246,247,9;250,251,15;263,264,15;264,265,16;272,273,9
4|84|4,5,9;22,23,15;72,73,15;95,96,15;105,109,1;122,123,15;139,141,17;146,147,15;167,173,1;183,186,6
4|85|3,7,1;18,19,9;31,36,1;38,43,2;45,46,9;53,59,1;71,75,1;86,87,9;90,95,6;101,106,1;108,113,2;115,116,9;122,128,1;144,145,15;170,176,1
4|86|16,20,7;28,33,6;39,41,17;59,61,13;75,79,13;82,85,0;86,87,15
4|87|10,12,13;17,18,9;39,41,14;45,48,0;67,68,15;74,75,9;120,121,15
4|88|19,20,15;26,27,9;48,49,15;66,70,7;80,82,13;82,84,17;102,106,6;111,113,17;127,128,15;141,145,1;152,153,15;164,168,6;177,178,9
4|89|6,8,17;39,41,17;59,61,12;62,69,6;83,85,17;103,105,12;126,128,17;141,142,15;155,159,6;166,168,17;183,184,15;184,186,14;207,208,3;237,239,17;255,261,1
4|90|7,8,15;39,43,8;63,68,5;71,72,9;82,84,12;115,119,1;121,122,9;141,142,9;147,149,17;172,174,12;177,178,15;216,217,9;236,237,15;262,263,9;283,285,17;297,298,15;298,299,16;320,321,15
4|91|36,40,1;63,65,17;92,94,13;94,96,17;103,104,15;124,126,17;140,145,2;172,174,13;174,176,17;188,189,15;189,190,16;207,209,13;209,211,17;239,240,15;240,242,14;281,283,17;285,287,12;328,329,9;330,337,1
4|92|25,29,1;29,31,14;59,67,1;69,73,6;94,100,6;117,123,1;130,135,1;140,146,1;160,163,13;172,174,13;180,182,13;185,189,1;198,200,17;207,211,6;217,221,6;232,238,2;257,262,6;279,285,1;292,299,1;301,305,6;311,315,6;318,322,8;342,347,5;350,351,9;352,357,6;362,368,1;382,385,13;394,395,9;415,421,1;428,435,6;437,442,2;449,451,14;496,502,1;505,506,15;523,524,15
4|93|4,8,1;8,10,14;22,29,1;33,36,0;37,43,6;47,49,12;53,54,9;59,62,0;67,68,9;71,77,6;91,92,15;118,119,9;134,135,9
4|94|2,4,13;13,14,15;30,32,13;32,34,17;45,47,14;64,65,15;84,86,17;101,103,17;117,120,13;132,133,15;133,134,16;139,140,9;157,163,6;163,165,14;180,181,15;187,188,17;188,189,9;192,193,15;193,194,16;207,210,6;211,212,15;237,244,6;246,247,9;254,257,6;257,262,5;262,266,6;266,268,14;275,278,0;279,280,15;309,311,13;311,313,17;318,321,0;322,323,15
4|95|15,16,15;20,21,9;34,35,15;58,60,17;64,65,15;65,66,16;76,77,15;83,84,9;104,105,15;120,121,9;132,135,6;152,153,15;160,161,15;167,168,9;184,185,9;196,199,6;212,213,15;217,218,9;233,240,1;244,250,1;255,256,15;263,264,15;287,288,15;295,296,15;302,303,9;317,318,15;322,323,9;333,335,14
4|96|6,7,9;8,14,1;30,35,1;42,49,1;55,56,15;69,76,2
4|97|2,5,0;6,7,15;24,25,9;30,31,15;37,39,12;53,55,13;58,61,6;74,76,17;85,88,6;99,101,17;104,107,0;129,130,15;146,148,13;148,150,17;172,173,15;182,183,9;188,193,6;203,205,17;219,221,17;223,225,12;237,238,9;247,250,0;259,261,12
4|98|7,8,15;31,32,15;32,33,16;44,45,15;45,46,16;46,49,0;51,53,12;58,59,15;67,68,9;96,101,1
4|99|4,6,17;8,10,12;21,22,15;31,35,1;61,62,15
4|100|6,10,1;30,31,15;42,44,14;49,50,15;63,64,9;67,73,6;77,83,1;88,95,1;97,101,1;105,107,14;111,114,8;121,122,9;140,141,15;159,160,9;163,166,0;169,171,14;178,179,15;192,194,14;204,206,14;210,211,9;218,219,15;236,237,15;250,257,2
4|101|12,14,14;23,24,15;63,67,6;67,69,14;74,76,17;82,83,15;83,84,16;89,90,17;90,91,9;110,114,1;125,126,15;141,143,13;143,145,17;150,153,0;154,155,15;159,160,9;174,176,17;190,197,1
4|102|10,13,6;40,41,15;41,42,16;47,48,17;48,49,9;65,67,12;72,78,1;82,87,5;104,106,13;106,108,17;139,141,17;154,156,17;159,163,1;165,167,12;187,189,12;218,220,17;233,235,17;256,258,17;295,296,15;312,314,17;390,395,5;400,405,1;405,406,9;411,418,1;443,447,6;461,468,1;468,473,1;485,488,6;488,493,5;497,500,13;503,507,6;511,513,13;513,515,17;540,542,17;558,561,0;562,563,15;584,585,9;599,606,1
4|103|19,20,15;20,21,16;26,27,17;27,28,9;33,34,15;41,43,17;44,45,15;56,57,9;58,64,1;70,76,1;105,106,15;106,108,14;114,117,6;130,132,17;133,134,15;134,135,16;140,141,17;141,142,9;149,152,0;153,154,15;154,155,16;160,161,17;161,162,9;179,180,15;198,199,9;200,207,1
4|104|13,15,17;20,21,15;21,23,14;27,29,12;32,33,15;46,50,6;56,58,17;75,78,0;132,133,15;168,169,15
4|105|2,5,0;5,7,13;10,13,6;17,19,13;29,30,15;36,37,9;42,43,15;69,70,15;70,71,16;71,74,0;82,84,13;90,91,9;94,95,15;114,119,2;123,125,12
4|106|2,3,15;14,15,15;26,29,0;30,31,15;50,57,2
4|107|10,11,9;21,22,15;46,49,6;60,63,0;64,65,15;86,90,6
4|108|19,20,15;20,21,16;21,24,0;53,54,15;117,118,15;137,138,15
4|109|2,4,13;6,9,6;14,16,12;20,22,12;27,28,9;50,51,15;57,58,17;58,59,9;62,63,15;63,64,16;77,81,1;83,84,9;89,90,15;113,114,15;120,121,9;128,133,5;133,137,1
4|110|4,8,1;17,19,12;45,46,9;49,52,0;66,67,15;81,82,15;95,102,2
4|111|4,8,1;12,14,14;20,26,6;28,31,0;45,46,9;62,63,9;74,75,15
4|112|4,8,1;12,14,14;19,21,12;37,43,6;43,46,0;58,59,9;64,66,12;68,74,6;79,80,15;95,96,9;97,103,1;108,115,1
4|113|17,18,15;46,47,9;52,55,0;55,56,3;60,62,12;67,73,1;82,86,1;117,119,13;122,125,6;155,159,6;162,169,1;171,174,6;177,178,15;194,195,15;201,202,9;207,208,15;244,248,6;272,273,15
4|114|24,30,1;30,35,1;35,37,14;40,41,9;102,103,9;104,108,8;114,115,15;115,116,16;116,119,0;129,133,1;142,143,9;148,149,15;149,151,14;155,157,12;170,171,15;199,201,14
4|115|4,8,1;16,17,15;17,18,16;30,33,8;58,59,15;95,96,15;119,120,9;145,146,9;151,154,0;163,165,12
4|116|2,5,0;6,7,15;29,33,1;44,45,9;69,70,9;79,83,1;85,87,12;96,100,1;109,110,15;121,123,14;134,135,9;136,141,8
4|117|2,6,1;6,8,14;16,20,6;25,27,13;33,35,13;40,41,9;42,48,1;50,54,1;54,56,14;75,76,9;77,84,1
4|118|10,11,15;39,42,0;64,71,1
4|119|11,14,0;27,30,0;32,35,0;50,53,0;71,74,0;93,94,9;107,110,0;128,131,0;153,157,1;174,175,9;184,191,1;191,195,6;211,213,14;229,236,1
4|120|17,20,0;45,46,15;46,47,16;54,55,9
4|121|2,4,17;6,8,12;20,21,9;30,33,0
4|122|2,3,15;20,22,17;32,34,17;35,36,15;36,37,16;40,41,9;45,46,9;53,55,14;66,69,0;69,70,9;71,76,6;76,78,14;84,88,6;96,97,15;105,106,9;111,112,9;125,127,13;133,141,1;146,147,15;158,166,1;185,186,15
4|123|29,31,13;50,51,15;57,58,9;65,69,1;78,80,12;81,87,1;87,89,14;96,97,9;108,110,14;115,116,9;119,123,6;127,128,15;141,147,1
4|124|4,8,1;20,21,15;21,22,16;25,26,9;30,31,9;36,40,6;52,55,6;72,77,6;79,81,17;83,85,12;92,94,14;102,103,15;107,110,0
4|125|20,27,1;27,30,0;44,46,14;50,51,9;74,79,1;79,80,15;98,100,14;102,103,9;115,123,1;123,124,15;132,133,15;142,144,14;146,147,9
4|126|18,19,15;19,20,16;25,26,9;28,29,9;42,43,15;62,63,15;83,89,1
4|127|22,23,15;23,24,16;24,27,0;29,31,12;41,42,15;66,69,0;100,101,15;107,108,9;119,120,9;124,125,15;125,126,16;126,129,0;131,133,12;136,137,15;140,141,9;160,163,0;179,182,0;199,203,6;203,206,6;211,214,0;217,218,15;241,242,15;250,251,9;258,262,6;268,270,17;279,280,9;287,288,15;314,316,17;327,332,6;334,337,0;338,339,15;356,357,9
4|128|7,8,15;28,31,8;62,68,6;90,92,13;95,99,1;124,132,1;132,133,15;133,134,16;147,154,1;165,166,15;170,173,6;176,177,15;177,178,16;191,195,6;202,204,17;215,217,17;222,225,0;226,227,15
4|129|4,8,6;17,19,13;19,21,17;24,28,6;35,37,17;45,46,15;46,47,16;47,50,0;52,54,12;91,93,17;100,101,15;125,126,15;146,150,6;157,159,17;170,172,17;177,180,0;181,182,15;201,208,2
4|130|4,8,1;26,27,15;38,45,1;45,49,6;55,58,9;67,68,15;77,78,9
4|131|18,19,15;19,20,16;25,26,9;28,29,9;42,43,15;60,62,14;74,75,15;90,92,17;93,94,15;100,101,9;106,110,6;110,112,14;137,138,15;144,146,17;147,148,15;161,165,6;172,174,17;179,182,0;199,200,15;200,201,16;206,207,9;209,210,9;223,224,15;243,244,15
4|132|18,19,15;19,20,16;25,26,9;28,29,9;42,43,15;65,66,15
4|133|2,6,1;17,19,14;33,34,15;34,35,16;35,38,0;75,76,15;92,93,9
4|134|3,7,6;27,28,15;28,29,16;42,45,6;46,47,15;62,63,15;63,64,16;75,76,15;111,116,8
4|135|4,6,13;15,16,15;33,35,17;42,44,17;50,51,9;59,60,15;75,77,12;99,102,13;105,108,6;120,121,15;125,126,9;137,138,15;142,144,14;156,160,1;185,191,6;191,192,15;234,236,17;237,238,15;244,247,13;250,254,6;261,265,17;270,274,6;278,280,13;280,282,17;297,299,17;304,307,0;308,309,15
4|136|2,4,13;13,14,15;30,32,13;32,34,17;43,45,17;48,49,15;67,68,9;71,72,15;78,79,9;82,83,15;114,115,9;118,119,15;125,126,9;129,130,15;135,137,13;140,143,6;148,152,6;152,154,14;163,167,1;176,177,15;190,192,12;200,201,9;212,213,9;224,225,9;228,229,15;238,239,15;252,254,14;265,266,9;267,272,8
4|137|2,5,0;6,7,15;24,26,17;29,32,0;40,42,17;45,48,0;57,59,17;62,65,0;73,75,17;78,81,0;82,83,15;91,93,17;99,106,2;116,117,15
4|138|8,9,15;15,16,9;28,31,0
4|139|23,24,15;28,29,9;45,47,12;52,56,6;60,61,15;81,83,14;93,96,6;101,102,15;116,119,0;120,121,15
4|140|4,6,14;30,31,15;37,38,9;68,69,9;72,73,15;124,126,14;131,133,17;159,161,17;182,184,13;189,192,0;200,207,1;220,223,0;224,225,15;240,241,15;247,248,9;258,259,15;263,264,9;280,283,0
4|141|36,40,6;56,62,1;65,66,15;78,80,13;80,82,17;94,99,1;110,114,6;124,125,9;139,144,6;147,149,13;149,151,17;195,200,5;203,204,15;222,223,15;257,258,15;264,265,9;276,280,1;280,282,14;287,288,15;301,302,9;316,317,15
4|142|2,5,0;6,7,15;13,14,9;26,27,9;35,36,15;52,53,9;75,77,13;77,79,17;86,87,15;87,88,16;93,94,17;94,95,9;104,106,17;121,123,12;129,130,15;130,131,16;131,134,0;156,157,15
4|143|5,7,14;24,25,9;32,34,13;44,46,12;50,52,12;59,61,13;71,73,12;77,79,12;88,92,1;99,100,15;111,115,6;124,125,9
4|144|2,4,13;13,14,15;31,33,17;48,50,17;51,52,15;56,57,9;73,75,12;80,84,6;88,89,15;120,124,6;124,126,14;131,133,17;159,160,9;161,168,1
4|145|2,5,0;6,7,15;13,14,9;26,27,15;27,28,16;36,37,15;53,54,15;54,55,16;55,58,0;66,70,6
4|146|7,8,15;23,25,17;37,39,17;42,43,15;52,54,17;57,58,15;76,78,17;101,103,17;105,107,12;117,118,15;150,151,15;158,159,15;175,177,14
4|147|14,15,15;38,42,6;58,61,6;74,75,15
4|148|15,16,15;23,24,15;35,36,15;36,37,16;40,42,12;50,51,15;69,73,6;88,89,15
4|149|2,6,6;6,8,14;11,13,17;49,51,17;54,58,6;58,60,12;61,66,6;68,71,0;72,73,15;92,98,6
4|150|2,5,0;6,7,15;30,31,15;48,49,9;65,69,1;77,79,17;87,88,15;105,106,9;136,141,1;157,162,1;175,179,1;187,189,17;199,200,9
4|151|2,4,17;6,8,12;18,19,15;23,24,9;36,44,1;50,52,14;62,63,9;77,84,1
4|152|2,3,15;20,22,17;25,26,15;43,44,9;62,64,17;77,83,1;92,94,17;96,98,12;144,145,15;158,165,2
4|153|19,20,15;26,27,9;32,36,6;59,60,9;61,68,1;71,72,15;72,73,16;78,80,12;89,91,14;99,101,17;107,110,13;122,126,6;126,127,9;139,141,13;141,143,17;152,153,15;167,172,6;185,186,15;186,187,16;190,191,9;215,218,0;219,220,15;228,230,17;231,232,15;236,238,14;244,247,8;259,261,12;270,271,15;280,281,9;298,302,6;302,303,9;337,338,9;339,346,1
4|154|23,24,15;24,25,16;39,40,9;64,65,15;65,67,14;72,74,17;75,76,15;90,96,1;122,124,17;129,130,15;130,131,16;134,136,14;157,162,5;165,166,9
4|155|10,12,14;16,21,5;24,25,9;42,46,7;52,53,9;56,57,15;77,78,15;83,85,8;88,90,12;106,111,1;138,144,8;155,156,15
4|156|50,51,9
4|157|15,18,0;30,31,15;48,49,15;49,51,14;71,72,15;115,116,9;118,122,6;141,144,0;145,146,15;155,156,15;165,167,17;184,190,1;205,209,7;211,212,9;232,233,15;242,243,15;243,244,16;247,250,0
4|158|2,3,4;14,15,15;41,42,15
4|159|4,9,1;19,20,15;26,27,9;47,50,0;55,56,9;59,61,14;72,73,9;85,86,15;92,93,9
4|160|9,15,1;18,19,15;34,36,17;66,67,9;103,107,6;113,114,15
4|161|13,14,15;14,15,16;20,21,17;21,22,9;22,24,17;29,31,14;37,39,17;66,67,9;70,71,15;71,72,16;72,75,0;81,82,15;86,87,9;102,104,14;114,115,9
4|162|3,4,9;9,10,15;10,11,16;14,15,9;27,28,15;48,49,15;79,81,13;84,87,6;103,105,13;108,111,6;116,120,6;120,122,14;131,132,15;145,146,15;146,147,16;152,153,17;153,154,9;161,162,15;174,175,15;175,176,16;181,182,17;182,183,9;188,189,15;205,206,15;215,216,15;225,226,15;237,239,17;241,243,12;264,266,14
4|163|4,7,0;7,9,13;20,22,13;36,38,13;49,51,13;63,68,1;68,69,15;69,70,16;70,73,0;84,87,8;94,95,9;110,112,13;117,120,13;123,125,14;127,128,9;142,143,9;157,158,9;223,224,9;240,241,9;264,265,9
4|164|7,13,6;13,15,14;24,25,9;41,45,6;45,47,14;57,64,2;69,71,14;101,102,15
4|165|6,13,1;28,31,6;56,57,16;57,60,0;70,71,15;84,88,8;94,95,15;95,96,16;114,115,15
4|166|3,4,9;9,10,15;30,32,13;35,38,6;54,57,6;61,62,9;73,76,9;79,80,15;86,88,12;120,121,15
4|167|2,5,0;6,7,15;23,25,17;34,36,17;39,43,6;49,50,15;59,61,14;68,70,17;75,76,9;77,82,8
4|168|2,5,0;6,7,15;23,25,17;35,37,17;50,51,15
4|169|19,22,0;27,28,9;41,43,13;49,57,1;65,66,9;77,78,15
4|170|2,4,13;13,14,15;14,15,16;15,18,0;24,26,14;29,31,12;38,39,15;39,40,16;51,52,15;62,67,2;86,88,17;94,101,2;112,116,6;123,125,17;130,133,0;150,151,15;151,152,16;157,158,9;160,161,9;166,167,15;186,187,15
4|171|2,4,13;11,12,15;18,19,9;33,35,17;64,66,17;73,74,15;88,89,15;101,104,0;108,109,15;126,127,15;127,129,14;149,150,15;169,171,13;179,180,9;182,184,13;207,213,1;231,233,17;236,237,15;254,255,9;272,274,17;279,280,9;287,288,15;288,291,6;294,296,17;302,309,2;318,321,0;325,326,15;337,338,9;339,344,1;344,345,9;348,355,6;355,357,14;359,360,9;364,366,13;369,373,1;383,384,9;390,398,2;400,401,9;410,411,15;411,412,16;417,418,9;420,421,9;434,435,15;457,458,15
4|172|3,7,1;11,14,6;17,18,15;30,34,1;42,44,14;45,52,2;64,65,15;71,73,12;80,81,15;102,106,1;110,113,6;132,133,9
4|173|4,7,0;9,10,15;27,29,17;39,41,17;42,43,15;43,44,16;47,48,9;52,53,9;94,99,5;99,103,6;109,110,9;117,120,0;122,123,15;132,133,15;137,140,6;143,145,17;148,149,15;160,162,17;194,200,1;218,223,5;223,227,6;231,232,15;245,251,1
4|174|2,4,13;13,14,15;14,15,16;15,18,0;24,26,14;29,31,12;35,39,7;43,44,9;45,51,1;51,56,2;68,71,6;75,77,13;93,100,1
4|175|4,7,0;9,10,15;27,29,17;32,33,15;42,43,15;52,54,17;59,60,9;67,69,14;89,95,1;107,112,1;137,138,9;139,146,1
4|176|21,22,15;45,46,15;52,53,9;65,66,15;72,74,17;93,94,9;100,105,1;109,111,13;117,122,6;163,165,13;168,173,2;180,185,2;194,201,6;203,207,6;214,215,15;236,237,15;237,238,16;251,254,0;269,273,6;276,278,13;278,280,17;288,294,2;298,304,1;308,310,12;311,316,6;318,319,16;340,341,15;345,348,6;367,368,15;384,388,6;394,396,17;401,402,15;428,429,10
5|1|2,4,13;13,14,15;30,32,13;32,34,17;42,44,17;47,48,15;74,78,7;86,87,15;95,96,9;146,147,15;147,148,16;160,163,6;177,180,0;181,182,15;206,207,10;207,208,14
5|2|2,4,13;13,14,15;31,33,17;46,48,17;53,55,12;60,61,15;74,75,15;75,76,16;84,85,15;101,102,15;106,108,14;117,118,15;124,126,12;135,137,13;140,142,11;142,145,0;149,150,15;159,160,15;172,174,14;187,194,1;194,199,2;215,216,9;217,225,1;244,245,15;253,257,17;266,268,14;272,275,0;300,304,6;318,319,15;330,331,15;343,347,6;354,356,17;371,373,17;380,381,15;391,392,15;392,393,16;396,398,14;421,423,17;430,431,15;442,443,15;447,449,14;451,452,9;459,460,15;466,468,17;469,470,15;481,484,0;485,486,15;501,502,15;508,509,10;509,510,14
5|3|21,22,15;35,36,15;36,37,16;52,53,15;57,60,6;68,70,13;88,89,15;100,101,9;104,105,15;122,123,15;139,140,15;158,159,15;159,160,16;160,163,0;175,177,13;185,186,15;186,187,16;237,238,15;238,239,16;239,242,0;251,255,6;259,261,14;266,268,17;271,272,15;280,281,9;288,289,9;305,306,15;322,323,15;339,341,17;344,348,6;377,378,15;389,390,15;478,479,15;487,488,9;495,503,6;508,509,15;549,555,2;560,567,6;569,572,0;573,574,15;587,593,2;595,596,10
5|4|20,22,13;60,61,15;61,62,16;70,71,9;91,96,5;99,100,15;139,142,0;145,148,0;162,163,15;179,181,17;184,187,0;187,189,13;214,215,15;222,224,17;225,226,15;231,232,15;252,253,15;259,261,17;262,263,15;274,277,0;278,279,15;294,295,15;301,302,10;302,303,14
5|5|25,26,15;26,27,16;35,36,9;51,52,15;67,69,17;70,71,15;77,78,9;85,91,2;114,120,2;129,130,15;140,141,9;149,150,15;160,161,9;166,167,15;177,178,9;186,187,15;202,204,17;205,206,15;212,213,9;218,222,6;222,224,14;235,237,13;252,255,0;265,268,0;292,293,9;316,318,13;327,334,1;336,340,1;349,350,15;357,358,9;365,367,14;383,384,9;396,397,15;418,419,9;423,424,10
5|6|2,4,13;13,14,15;30,32,13;32,34,17;56,57,15;57,58,16;63,64,17;64,65,9;70,71,15;78,80,17;114,115,15;129,130,15;137,139,17;175,176,15;195,199,6;199,202,6;210,216,6;216,217,15;226,230,17;235,239,6;239,242,6;242,247,5;251,254,13;281,283,12;291,297,1;297,300,6;300,305,5;308,309,15;313,315,12;327,328,9;337,338,15;338,339,16;339,342,0;344,346,12;363,365,17;368,370,12;371,376,6;380,383,0;386,388,17;395,401,6;405,411,6;411,412,15;419,421,17;447,452,5;471,472,15;483,485,14;498,503,5;511,516,1;518,519,9;521,525,1;555,558,0;569,570,9;602,603,10
5|7|2,3,15;10,12,17;22,23,15;48,49,9;54,55,15;71,75,7;77,79,13;120,121,15;127,129,17;130,131,15;142,145,0;146,147,15;160,164,8;171,172,15;172,173,16;178,179,10
5|8|2,4,13;13,14,15;31,33,17;40,42,17;48,49,9;69,71,12;76,77,15;96,98,14;102,105,0;132,135,13;152,154,17;157,158,15;165,167,17;175,177,14;184,185,16;188,190,14;199,200,15;206,208,17;209,210,15;221,224,0;225,226,15;239,243,8;256,257,10
5|9|7,8,15;15,16,15;33,35,17;45,47,17;48,49,15;49,50,16;53,54,9;58,59,9;68,73,5;80,85,1;87,89,14;96,97,10
5|10|2,3,15;19,21,17;32,34,17;43,44,9;48,50,13;53,55,17;57,59,12;70,71,9;74,75,15;81,82,10
5|11|2,4,13;13,14,15;31,33,17;34,35,15;42,44,17;54,55,15;80,83,0;93,97,1;97,99,14;103,105,13;105,107,17;155,158,6;165,166,15;172,174,17;175,176,15;193,194,15;217,218,15;228,229,10
5|12|8,10,14;18,19,15;31,32,9;39,41,13;48,50,12;77,78,15;98,106,1;112,113,15;122,125,0;156,157,15;157,158,16;163,164,17;164,165,9;182,183,15;183,184,16;189,190,17;190,191,9;201,204,6;204,208,7;239,241,14;250,251,15;271,278,2;287,290,0;293,296,6;321,323,14;327,330,0;337,340,0;340,341,9;342,347,6;347,349,14;355,359,6;367,368,15;376,377,9;386,390,6;404,405,9;412,415,6;422,424,14;435,437,12;440,441,15;441,442,16;447,448,10
5|13|10,12,14;16,21,5;24,25,9;36,39,0;39,40,9;71,72,9;77,84,1;95,96,15;107,112,1;121,122,9;132,134,17;139,146,1;146,149,0;159,161,17;166,169,9;203,205,12;210,216,1;236,243,1;254,255,15;271,272,15;283,286,0;287,288,15;303,304,15;314,315,10
5|14|7,8,15;22,24,13;24,26,17;29,32,0;38,39,9;41,44,13;60,61,9;75,77,17;82,89,1;89,92,0;102,104,17;109,110,9;136,137,15;151,152,15;160,162,12;179,180,15;186,187,9;217,218,15;237,239,17;248,249,10
5|15|2,4,13;11,12,15;18,19,9;24,26,14;29,31,12;72,79,1;79,82,0;86,89,6;107,108,15;114,115,9;127,129,17;132,136,6;140,147,6;147,149,14;152,154,12;158,163,5;166,167,15;178,183,1;187,188,9;189,195,1;197,198,10
5|16|13,14,15;26,27,15;41,42,9;46,47,9;55,56,15;56,57,16;62,63,9;78,83,5;86,87,15;87,88,16;95,96,9;105,106,15;106,107,16;107,110,0;124,125,9;151,152,9;153,159,1;165,166,10
5|17|5,7,14;15,16,15;30,32,13;32,34,17;37,40,0;41,42,15;54,55,15;65,66,15;66,68,14;91,95,1;107,108,15;139,143,1;150,151,15;161,162,15;162,164,14;180,183,0;185,186,9;191,195,6;197,198,15;213,221,1;236,237,15;237,238,16;243,244,9;246,247,9;252,253,15;299,301,12;308,309,15;334,339,6;341,342,10
5|18|10,11,15;23,24,15;24,25,16;25,28,0;30,31,9;45,47,14;49,51,12;53,55,17;56,57,15;73,75,12;79,80,9;106,110,7;119,125,7;130,133,6;133,137,7;140,146,1;146,149,0;174,178,1;180,182,12;199,203,1;205,207,12;229,230,15;230,231,16;236,237,9;239,240,9;245,246,15;286,287,15;293,294,10
5|19|2,4,13;11,12,15;18,19,9;24,26,14;29,31,12;80,86,1;89,90,15;90,91,16;101,105,6;111,113,17;120,122,12;131,134,8;139,144,1;154,161,6;163,165,14;168,170,12;174,178,7;182,187,1;193,200,1;200,201,15;226,231,6;233,234,10
5|20|31,32,9;35,36,9;43,44,15;51,53,17;63,64,15;105,107,8;110,112,12;125,130,5;134,140,1;146,147,9;149,154,5;173,180,1;183,184,15;188,189,9;193,194,10
5|21|2,3,9;10,11,15;11,13,14;18,20,17;21,22,15;31,32,15;46,47,15;61,62,15;92,94,17;99,102,13;105,107,14;121,124,6;129,131,17;134,135,9;139,140,10
5|22|6,8,17;11,12,9;17,20,13;23,26,0;39,45,6;59,62,0;66,71,1;71,73,14;98,100,17;113,117,1;124,126,17;139,142,0;146,147,9;151,152,10
5|23|21,22,15;51,52,15;71,72,15;72,74,14;79,81,17;93,94,15;128,131,0;138,139,9;157,158,15;176,178,13;178,180,17;183,187,6;187,190,6;190,195,5;201,202,10
5|24|6,8,17;11,12,9;17,20,13;23,26,0;30,35,1;35,37,14;43,45,13;51,58,1;66,68,17;80,81,15;85,87,14;90,93,6;108,109,9;113,115,13;118,121,0;125,126,9;134,135,9;139,140,10
5|25|14,17,0;21,23,13;60,61,15;65,67,14;87,88,15;97,98,15;102,103,9;107,108,10
5|26|10,13,0;59,66,1;79,80,15;110,111,15;120,121,15;125,126,9;130,131,10
5|27|4,5,15;28,29,15;29,31,14;46,47,15;77,83,6;134,135,15;154,156,14;160,163,0;176,179,0;218,219,10
5|28|5,8,8;34,36,14;46,48,13;64,69,1;87,89,14;100,103,0;103,105,13;114,115,15;128,129,15;133,134,9;138,139,10
5|29|2,5,0;5,7,13;18,22,6;24,26,13;71,72,9;75,76,15;76,77,16;77,80,0;90,91,9;100,102,12;104,106,17;107,108,15;108,109,16;112,113,9;117,118,10
5|30|16,17,9;26,27,9;53,54,9;71,72,15;76,77,9;81,82,10
5|31|9,10,15;23,29,1;29,31,14;40,41,15;60,61,9;73,74,9;105,106,9;114,117,13;151,152,9;156,157,15;173,174,9;212,213,15;213,214,16;214,217,0;217,218,9;222,223,10
5|32|7,9,14;14,15,9;24,26,14;41,43,13;50,52,12;60,63,0;65,66,9;69,73,6;83,88,8;114,119,6;121,122,15;137,140,0;151,152,15;152,153,16;153,156,0;166,172,1;194,197,0;199,201,13;210,211,15;211,212,16;212,215,0;225,233,1;237,239,14;242,244,12;265,266,15;275,276,9;281,284,0;287,290,0;297,304,1;308,312,7;319,320,9;329,330,15;349,350,10
5|33|2,5,0;13,15,12;17,19,17;20,21,15;43,44,15;62,63,9;81,82,15;102,106,1;113,115,13;115,117,17;132,134,13;134,136,17;176,181,5;188,189,9;199,202,6;204,206,17;212,213,15;226,227,9;244,249,6;251,252,15;252,253,16;277,278,15;301,302,10
5|34|7,8,15;23,25,17;28,32,6;32,34,14;39,43,6;43,45,14;50,52,17;68,69,15;75,77,13;77,79,17;82,85,0;86,87,15;100,106,2;108,109,10
5|35|2,4,13;13,14,15;31,33,17;34,35,15;41,43,17;44,45,15;54,55,15;55,57,14;61,63,13;63,65,17;75,76,15;92,93,9;98,100,17;114,115,9;136,137,10
5|36|2,5,0;6,7,15;23,25,17;33,36,0;41,46,5;52,53,15;68,74,1;82,83,9;90,91,9;103,105,17;110,111,9;132,133,15;139,140,9;191,192,10
5|37|13,17,1;24,26,17;32,33,15;33,34,16;34,37,0;49,53,7;55,56,9;89,95,1;97,98,10
5|38|2,3,15;3,4,16;15,16,15;16,17,16;30,31,15;31,33,14;37,39,13;39,41,17;60,62,12;63,67,8;84,85,9;86,93,1;96,97,15;108,109,15;128,129,10
5|39|4,8,6;15,18,8;32,33,9;49,52,0;53,54,15;82,85,0;86,87,15;100,106,2;108,109,10
5|40|18,21,0;22,23,15;34,35,9;43,44,15;44,45,16;50,51,9;53,54,9;59,60,15;81,85,1;87,89,12;107,111,1;113,115,12;122,123,15;148,153,6;155,156,10
5|41|4,6,13;15,16,15;16,17,16;36,39,6;40,41,15;54,55,9;67,68,15;82,83,15;97,99,13;99,101,17;107,110,0;120,121,9;141,145,6;164,165,15;180,184,17;187,190,0;190,191,9;210,213,0;213,214,9;270,271,15;283,286,8;303,306,9;336,337,9;355,360,2;376,377,15;384,386,17;393,397,1;402,403,15;420,421,9;426,430,6;441,442,9;448,449,15;469,471,17;473,475,12;480,481,15;502,503,15;512,516,1;549,550,15;550,551,16;565,572,1;583,584,15;607,608,10
5|42|2,5,0;5,6,9;28,29,9;37,38,16;52,56,6;56,58,12;66,67,15;71,75,7;113,117,6;137,141,1;156,164,1;180,181,15;185,189,7;195,199,7;199,200,15;213,216,0;217,218,15;233,234,15;238,240,14;244,245,10
5|43|28,31,6;36,37,15;37,38,16;46,47,9;64,65,15;74,77,0;95,98,8;106,107,9;118,120,13;123,125,17;127,129,12;136,137,15;147,148,10
5|44|2,5,0;5,7,13;10,13,6;19,20,15;20,21,16;29,30,9;43,49,1;53,60,1;73,74,15;74,75,16;75,78,0;87,88,15;106,108,17;126,128,17;131,132,15;132,133,16;139,140,9;151,152,15;170,171,15;182,184,17;187,191,6;193,194,9;197,198,15;213,215,17;231,233,12;252,254,17;255,256,15;256,257,16;257,260,0;266,267,15;291,293,17;302,303,9;312,318,6;322,330,1;332,337,2;346,350,7;352,354,13;357,360,6;363,364,15;375,377,17;379,381,12;391,392,15;396,397,9;401,402,10
5|45|6,8,14;28,30,13;33,36,0;37,38,15;38,39,16;39,42,0;49,50,15;50,51,16;51,54,0;61,62,15;73,74,15;85,86,15;90,93,6;96,97,15;101,104,6;107,108,15;119,120,15;131,132,15;132,133,16;136,139,0;142,143,15;143,144,16;147,150,0;153,154,15;170,177,6;179,183,6;195,196,9;213,219,2;221,224,9;229,234,2;243,247,7;249,251,13;254,257,6;260,261,15;272,274,17;276,278,12;288,289,15;289,290,16;293,294,9;298,299,10
5|46|17,20,13;26,27,9;31,35,7;42,43,15;43,45,14;65,72,2;97,98,15;98,99,16;107,108,9;124,125,9;128,129,15;133,136,6;149,155,1;159,164,1;172,179,2;204,205,15;205,206,16;214,215,9;223,229,1;238,244,2;253,254,10
5|47|20,21,15;25,28,6;36,38,13;41,44,6;47,48,15;67,72,2;81,85,7;87,89,13;92,95,6;98,99,15;110,112,17;114,116,12;126,127,15;131,132,9;136,137,10
5|48|4,7,6;11,13,13;23,24,15;30,31,9;36,37,15;53,60,2;85,86,15;92,93,9;123,124,15;128,132,7;138,142,7;144,146,13;149,152,6;155,156,15;187,189,12;198,201,0;205,207,12;217,218,15;234,239,6;249,252,6;262,267,1;275,283,1;290,292,12;295,296,15;318,321,0;322,327,1;327,328,9;333,338,1;340,341,9;343,348,2;350,352,14;367,369,13;376,377,9;386,387,15;396,398,17;399,400,15;408,409,9;420,421,15;447,453,6;464,468,7;474,477,6;496,497,10
5|49|7,8,15;12,16,7;22,26,7;28,30,13;33,36,6;39,40,15;69,71,12;80,81,15;94,98,1;111,114,8;122,124,13;127,130,6;133,134,15;156,160,6;167,169,17;172,173,15;182,185,0;197,198,15;207,211,1;218,222,7;247,250,0;257,264,1;267,268,15;268,269,16;269,272,0;280,281,9;285,286,10
5|50|11,12,15;16,17,9;29,31,14;60,61,15;73,80,2;85,90,1;95,96,10
5|51|4,6,13;15,16,15;33,35,17;50,52,17;53,54,15;66,67,15;67,68,16;68,71,0;73,74,9;76,79,13;88,90,12;114,116,12;124,131,1;133,137,1;146,151,5;151,154,6;161,164,0;166,167,9;181,184,0;185,186,15;205,206,15;215,216,15;216,217,16;220,221,9;225,226,10
5|52|8,9,15;31,36,5;39,44,1;46,47,9;80,83,13;86,90,6;101,103,12;108,115,6;121,122,15;131,135,1;144,145,15;164,170,1;175,178,6;180,181,9;193,195,17;205,207,13;216,218,17;221,223,13;226,229,6;238,239,9;243,244,10
5|53|10,11,15;27,29,13;29,31,17;36,38,12;42,44,12;47,48,15;59,61,14;66,68,17;71,72,15;92,93,9;104,107,0;140,141,9;159,161,17;164,165,9;169,170,10
5|54|2,4,13;13,14,15;31,33,17;36,40,1;50,53,6;58,62,6;67,68,9;86,87,15;101,106,1;130,132,13;149,150,15;180,181,15;185,186,9;198,199,9;219,220,15;255,257,12;260,267,6;267,268,9;280,281,15;300,304,1;306,308,12;315,316,15;325,326,9;335,336,10
5|55|2,5,0;21,22,15;40,41,9;44,45,15;62,64,17;65,66,15;86,87,15;87,88,16;93,94,17;94,95,9;110,111,15;111,112,16;117,118,17;118,119,9;131,132,9;136,137,10
5|56|4,8,1;16,17,15;35,36,9;39,40,15;57,59,17;64,67,0;75,76,15;88,89,15;93,94,9;98,99,10
5|57|2,4,13;13,14,15;31,33,17;48,50,17;51,52,15;61,62,15;70,72,17;88,94,1;99,106,1;109,110,15;125,127,17;128,129,15;135,136,9;141,145,6;145,147,14;156,157,15;176,178,12;185,186,15;192,194,17;195,196,15;205,209,6;209,212,6;212,217,5;223,224,10
5|58|26,27,15;27,28,16;33,34,17;34,35,9;38,39,15;56,62,1;67,75,6;75,76,9;85,88,0;98,104,2;114,115,10
5|59|7,9,13;16,17,15;23,24,9;34,37,6;45,48,0;48,50,13;56,58,13;69,72,0;76,77,15;88,90,13;93,96,6;113,115,13;118,121,6;126,130,6;130,132,14;139,142,0;158,159,9;163,164,10
5|60|21,25,7;29,35,1;35,39,6;39,40,9;57,60,6;61,62,15;73,78,2;85,86,15;129,130,15;143,144,15;166,167,15;167,168,16;171,172,9;182,184,17;186,188,12;197,203,1;207,213,1;223,227,6;229,231,12;234,235,15;235,236,16;241,242,10
5|61|10,12,12;25,27,13;27,29,17;35,38,0;54,56,17;59,60,15;78,80,14;88,90,17;95,96,9;101,102,15;130,132,17;141,142,10
5|62|15,22,1;33,34,9;46,47,15;58,59,15;63,65,14;67,68,9;84,85,15;85,86,16;115,117,17;126,127,10
5|63|15,16,9;21,22,15;22,23,16;29,30,9;41,42,15;56,60,6;69,70,15;92,93,15;93,94,16;123,125,17;134,135,10
5|64|10,11,15;26,27,15;77,79,17;92,96,17;112,114,14;127,130,6;144,146,12;162,165,0;172,179,1;183,188,5;188,190,13;193,196,6;210,215,2;227,228,9;229,235,1;240,248,1;271,272,15;278,279,9;286,287,15;295,297,12;314,315,15;321,322,9;336,338,13;348,350,17;355,362,2;373,375,14;383,384,15;410,411,15;426,434,1;434,435,15;454,455,15;465,466,10
5|65|9,12,0;20,21,15;27,28,9;39,41,17;44,45,15;52,54,17;99,101,14;107,108,9;115,118,0;118,119,9;122,123,15;123,124,16;124,127,0;129,130,10
5|66|9,12,0;25,27,17;28,29,15;29,30,16;38,39,9;44,45,15;49,52,6;60,62,13;65,68,6;79,84,5;84,89,2;106,108,17;111,115,6;128,132,6;147,154,5;163,166,0;167,173,1;173,175,14;182,189,1;195,201,1;210,212,12;227,228,10
5|67|4,6,13;15,16,15;16,17,16;36,38,13;41,44,6;58,63,2;75,80,2;119,120,9;125,126,15;149,150,15;150,151,16;151,154,0;162,165,0;166,167,15;186,187,15;196,197,15;201,202,9;206,207,10
5|68|7,9,13;16,17,15;23,24,9;66,68,17;69,70,15;70,71,16;79,80,9;85,86,15;90,93,6;101,103,13;106,109,6;120,125,5;125,130,2;151,154,0;161,168,1;172,177,5;177,179,13;182,185,6;199,204,2;216,217,9;218,224,1;229,237,6;254,255,15;264,265,15;269,270,9;274,275,10
5|69|2,5,0;6,7,15;24,26,17;29,30,15;45,47,17;50,51,15;51,52,16;55,56,9;67,68,15;68,69,16;69,72,0;74,75,9;95,96,15;105,106,15;115,116,15;136,137,9;140,146,6;187,188,10
5|70|4,6,14;22,23,9;30,32,13;39,41,12;59,61,13;78,86,6;95,97,12;110,114,8;129,132,13;135,138,6;151,157,6;163,165,17;174,180,1;180,182,14;186,187,10
5|71|8,10,13;10,12,17;35,40,6;45,47,17;52,55,0;56,58,17;61,64,0;71,72,15;92,95,0;101,103,17;108,111,0;112,114,17;121,127,1;138,139,15;152,156,8;169,170,10
5|72|4,6,14;14,15,15;29,31,13;31,33,17;36,39,0;40,41,15;53,54,15;64,65,15;65,67,14;89,90,15;102,103,9;107,109,13;116,118,12;124,125,15;132,134,17;135,136,15;166,169,0;171,172,9;175,179,1;188,189,15;200,202,14;211,212,15;228,229,15;233,236,0;248,249,9;252,253,15;253,254,16;254,257,0;271,272,16;275,276,9;291,294,6;294,295,10
5|73|5,7,14;15,16,15;30,32,13;32,34,17;37,40,0;41,42,15;61,62,9;65,72,1;85,86,9;94,96,13;101,102,9;103,108,1;108,109,9;112,119,1;121,126,2;131,134,6;137,139,17;142,145,0;167,170,0;171,172,15;188,190,17;212,213,10
5|74|25,26,15;52,53,9;58,59,15;72,78,2;80,81,10
5|75|5,6,15;16,17,15;17,19,14;44,49,6;49,51,14;61,65,6;65,67,14;72,73,15;73,74,16;86,89,0;91,92,9;102,109,6;126,127,15;127,128,16;139,140,15;140,143,6;170,171,15;177,178,9;183,186,0;188,191,6;196,199,0;210,211,10
5|76|21,25,6;29,30,15;65,71,1;80,88,1;88,89,15;101,102,15;102,103,16;112,113,15;119,120,10
5|77|7,9,13;16,17,15;23,24,9;38,40,17;62,63,15;86,88,13;88,90,17;97,99,12;107,112,6;112,114,14;121,123,17;126,130,6;130,132,14;145,147,17;154,160,1;166,168,17;171,175,6;177,179,12;182,183,15;183,184,16;189,190,10
5|78|7,8,15;24,26,17;30,33,8;36,38,13;45,47,12;73,74,9;86,87,15;87,89,14;105,106,9;122,124,17;134,136,17;145,146,10
5|79|6,8,17;29,34,1;34,37,6;38,43,6;72,74,17;83,84,10
5|80|13,20,1;41,42,15;58,62,17;95,98,6;107,111,6;116,117,15;141,142,15;159,160,9;164,165,10
5|81|13,15,17;30,31,15;40,41,15;41,42,16;42,45,0;55,57,13;60,63,6;79,80,15;101,103,12;110,111,9;113,116,0;123,130,1;139,140,9;144,145,10
5|82|10,13,0;22,23,15;23,24,16;24,27,0;35,36,9;39,45,2;62,64,17;65,66,15;78,79,15;97,99,17;112,115,0;118,120,14;126,131,5;137,143,2;160,162,17;163,164,15;178,180,13;180,182,17;185,188,0;194,195,9;204,205,9;214,217,0;249,255,1;257,260,0;281,282,10
5|83|15,17,17;20,22,13;25,28,6;37,38,15;38,39,16;52,55,13;82,83,15;83,84,16;94,97,0;106,108,17;114,115,15;143,145,13;151,154,0;158,159,15;163,165,14;174,175,15;175,176,16;179,180,9;184,185,10
5|84|27,28,15;43,45,12;56,57,15;69,71,14;78,82,1;82,84,14;106,107,15;116,117,15;117,118,16;121,122,9;126,127,10
5|85|6,7,9;14,15,15;34,36,17;39,42,0;42,43,9;44,49,6;49,51,14;57,61,6;69,70,15;78,79,9;84,85,9;106,107,9;116,118,12;121,122,15;132,133,10
5|86|2,3,15;19,21,17;32,34,17;43,44,9;48,50,13;53,55,17;57,59,12;70,71,9;74,75,15;81,82,10
5|87|2,4,13;13,14,15;31,33,17;48,50,17;58,59,9;64,66,13;75,76,15;104,106,13;106,108,17;113,116,0;117,118,15;137,138,15;148,149,10
5|88|7,9,17;12,15,0;28,29,15;40,41,9;42,48,6;52,60,1;60,61,15;67,69,17;70,71,15;78,79,15;84,86,13;89,92,6;92,96,7;98,99,9;108,109,10
5|89|18,19,15;28,29,15;29,30,16;40,42,13;49,50,9;61,62,9;64,68,1;77,81,7;90,91,3;97,98,15;106,107,9;119,120,9;126,128,13;131,133,14;152,153,9;179,181,14;241,248,6;250,255,2;262,264,14;279,280,9;292,299,6;299,300,9;310,311,9;322,323,9;351,352,15;358,360,13;360,362,17;369,370,9;383,384,9;399,400,15;419,420,9;424,425,9;446,447,10
5|90|2,4,13;13,14,15;30,32,13;32,34,17;37,40,0;44,45,15;56,57,15;70,71,15;75,78,6;84,85,15;93,94,9;99,101,14;102,108,1;118,119,15;119,120,16;127,128,9;133,134,15;134,136,14;166,167,10
5|91|2,5,0;17,18,15;18,19,16;26,27,9;32,36,1;53,54,15;60,61,9;68,69,15;77,79,12;86,87,15;98,99,15;126,130,6;135,136,15;150,151,15;151,152,16;157,158,17;158,159,9;173,176,6;176,181,5;181,184,6;186,187,10
5|92|10,12,17;13,14,15;31,33,17;34,35,15;35,36,16;47,48,15;55,59,17;64,68,6;82,83,15;89,91,13;91,93,17;96,99,0;121,122,15;128,129,9;132,133,15;139,140,10
5|93|13,14,15;31,33,17;43,45,17;46,47,15;47,48,16;51,52,9;56,57,9;66,71,6;82,84,13;84,86,17;97,98,15;104,106,17;118,120,17;130,132,17;133,134,15;134,135,16;138,139,9;143,144,9;149,152,0;153,154,15;160,162,17;174,176,17;179,182,0;183,184,15;190,192,17;205,207,17;212,213,15;228,229,15;239,240,10
5|94|2,4,13;13,14,15;31,33,17;38,40,14;44,47,0;52,53,15;67,73,1;76,77,15;77,78,16;95,97,13;135,136,15;145,149,1;156,157,9;160,161,15;179,180,15;198,199,9;210,211,9;224,225,10
5|95|2,4,13;13,14,15;31,33,17;40,42,14;47,49,17;50,51,15;51,52,16;64,67,6;75,82,1;84,88,6;94,95,9;98,101,6;101,106,5;110,113,0;114,120,6;124,126,12;127,133,1;154,155,15;155,156,16;156,159,0;177,178,9;187,189,14;190,196,1;196,199,6;204,206,14;207,212,8;213,214,9;219,220,15;241,242,9;245,250,6;260,261,9;274,276,14;281,282,9;293,300,2;324,325,9;334,335,15;344,347,0;375,378,6;383,384,15;402,403,15;416,421,6;423,424,15;424,427,6;429,430,10
5|96|22,23,15;43,44,9;49,50,9;51,58,2;67,68,16;110,111,15;137,145,1;145,146,15;152,154,17;155,156,15;163,164,15;169,171,13;189,190,10
5|97|9,10,15;17,18,15;29,30,15;39,40,15;54,55,9;56,63,2;63,64,16;64,67,0;73,74,15;74,75,16;83,84,15;96,97,15;101,103,14;108,109,15;115,117,12;126,127,9;142,144,13;144,146,17;149,152,0;153,154,15;178,179,15;179,180,16;185,186,9;188,189,9;202,203,15;216,219,0;220,221,15;247,248,10
5|98|7,9,13;9,11,17;14,17,0;18,19,15;34,35,15;49,52,0;53,54,15;67,73,2;75,76,10
5|99|11,12,15;12,13,16;29,30,15;36,37,9;44,45,15;67,69,14;89,90,10
5|100|19,20,15;32,33,15;33,34,16;70,71,15;85,86,15;92,94,17;95,96,15;105,107,13;109,111,17;115,116,15;124,125,9;148,149,10
5|101|2,4,13;13,14,15;31,33,17;48,50,17;62,64,12;69,73,6;73,75,14;100,104,6;112,114,17;139,140,15;154,156,14;172,173,15;192,193,15;212,213,10
5|102|2,4,14;20,26,1;26,30,6;30,32,14;41,44,0;54,56,17;65,66,9;70,71,10
5|103|11,12,15;22,25,8;32,37,1;43,45,12;50,55,1;67,72,1;80,87,1;89,90,9;92,95,0;96,97,15;113,115,17;134,135,15;142,143,15;181,182,10
5|104|30,32,17;42,44,13;47,50,6;53,54,15;69,70,15;70,71,16;86,88,17;107,109,14;127,129,12;133,135,13;158,160,12;189,195,1;207,208,10
5|105|2,4,13;13,14,15;31,33,17;47,50,6;72,77,5;77,81,6;91,92,15;113,114,15;140,146,6;157,161,7;167,170,6;181,182,10
5|106|2,4,13;13,14,15;31,33,17;38,39,9;79,80,15;95,96,15;108,109,15;125,127,14;128,134,1;134,137,6;179,182,6;189,191,14;200,201,15;216,217,9;223,228,5;236,237,15;268,271,8;277,278,15;278,279,16;284,285,17;285,286,9;293,295,14;305,306,15;318,319,15;323,325,14;348,349,9;355,361,1;406,407,9;412,413,15;422,425,0;425,427,13;431,438,2;443,444,15;452,453,10
5|107|18,21,13;24,27,0;33,34,15;43,45,13;51,57,6;98,99,15;108,109,15;130,131,15;141,142,9;149,151,14;161,162,15;175,176,9;182,184,13;195,199,6;201,202,9;218,219,15;229,231,13;234,237,0;237,239,13;243,250,2;255,256,15;256,257,16;260,261,9;265,266,10
5|108|2,3,9;10,12,14;14,17,13;20,24,1;29,31,17;34,35,15;35,36,16;41,42,9;56,58,14;62,64,13;77,79,13;79,81,17;84,88,6;100,101,9;102,106,8;118,119,9;130,131,15;137,139,17;140,141,15;150,151,15;158,162,17;165,166,15;185,186,15;195,196,15;200,201,9;205,206,10
5|109|11,13,14;18,19,15;26,27,15;27,28,16;51,53,13;58,60,14;73,75,17;91,95,13;98,101,0;106,109,6;115,116,9;119,120,15;126,127,10;127,128,14
5|110|11,12,15;21,22,9;29,30,15;30,32,14;44,45,15;82,83,9;102,103,3;117,118,15;137,138,15;138,139,16;139,142,0;150,151,15;167,175,1;192,193,15;199,200,9;205,206,15;219,220,15;220,221,16;229,230,9;235,236,15;240,243,6;270,271,15;271,272,16;291,292,15;292,293,16;315,318,6;343,348,8;363,365,14;370,371,15;384,385,15;389,391,14;424,425,15;468,470,13;477,479,12;487,490,6;504,508,7;508,509,15;518,519,9;530,531,15;547,549,17;566,567,9;569,571,13;584,590,1;592,593,10
5|111|24,25,15;53,55,17;78,80,13;80,82,17;88,91,0;100,102,14;107,110,0;122,123,10
5|112|11,12,15;30,31,9;38,39,15;39,41,14;80,84,1;104,106,12;111,117,1;120,121,15;121,122,16;127,129,12;140,141,15;147,149,17;150,151,15;160,164,6;164,167,6;167,172,5;178,179,10
5|113|6,8,17;19,24,1;43,45,14;49,52,0;77,81,6;81,83,14;88,90,14;121,122,15;122,123,16;126,127,9;131,132,10
5|114|13,14,15;14,16,14;28,29,15;29,30,16;35,38,0;46,48,13;51,54,6;69,71,12;76,82,1;85,86,15;86,87,16;92,94,12;115,122,2;154,160,1;160,165,6;168,169,15;173,175,14;183,186,6;194,195,15;195,196,16;199,200,9;204,205,10
5|115|6,7,15;16,19,0;51,55,1;71,74,6;81,84,0;84,86,13;98,99,9;106,113,2;113,115,13;127,129,13;135,142,1;145,146,15;150,151,9;155,156,10
5|116|13,14,15;23,24,9;31,32,15;32,34,14;50,53,6;63,64,16;64,67,0;71,72,15;88,91,0;98,99,9;108,112,6;116,117,15;134,136,14;138,139,9;158,160,13;201,205,6;205,208,6;217,218,9;223,225,14;236,239,9;269,271,13;302,305,0;310,313,6;319,320,9;323,324,15;330,331,10;331,332,14
5|117|27,29,13;46,48,13;54,55,15;62,64,17;65,66,15;98,101,6;119,126,1;149,152,0;171,174,6;177,180,6;181,182,15;182,183,16;209,212,6;231,236,6;238,239,10;239,240,14
5|118|2,6,6;11,13,14;22,25,0;46,50,6;68,71,0;76,79,6;80,81,15;91,92,15;98,99,10
5|119|6,7,15;16,17,9;30,33,6;36,37,15;37,38,16;41,42,9;52,54,14;72,75,0;75,76,9;77,82,6;82,84,14;90,94,6;102,103,15;111,112,9;117,118,9;131,133,13;139,148,2;153,154,15;177,179,17;191,192,9;197,198,15;207,208,15;214,215,10
5|120|15,16,15;16,17,16;22,23,9;25,26,9;31,32,15;52,55,0;83,88,6;90,91,10
6|1|18,19,15;33,34,15;34,35,16;40,41,9;43,44,9;49,50,15;68,69,15;69,70,16;77,78,9;83,84,15;84,85,16;85,88,0;96,99,0;100,101,15;117,119,17;140,141,10
6|2|5,6,15;21,26,5;26,30,6;32,37,6;37,40,0;45,48,13;54,62,1;67,73,1;75,78,0;82,85,6;87,90,9;93,96,0;99,102,6;113,114,10
6|3|7,8,15;19,20,15;20,21,16;26,27,9;29,30,9;39,40,15;106,107,10
6|4|15,20,5;29,35,1;43,44,9;70,72,17;89,90,10
6|5|4,6,14;15,17,17;20,21,15;31,34,0;38,40,12;73,75,8;76,78,12;80,82,17;93,95,17;100,101,9;114,115,10
6|6|13,15,17;35,39,6;39,41,14;45,50,5;50,54,6;57,63,1;66,69,0;69,70,9;79,80,15;105,110,2;129,130,15;130,131,16;136,138,12;149,154,5;154,156,14;160,166,1;176,177,15;185,186,9;191,193,14;199,203,6;224,225,9;227,231,7;247,250,6;259,262,8;287,288,10
6|7|31,32,9;33,39,6;49,54,6;86,87,15;102,104,13;104,106,17;114,115,9;117,119,13;132,138,1;140,141,10
6|8|8,10,17;17,19,13;22,25,6;42,49,1;56,59,6;70,77,2;84,85,15;96,99,0;106,109,6;111,112,10
6|9|15,16,9;24,31,2;39,40,9;48,54,1;74,79,5;89,90,10
6|10|9,10,15;28,34,1;34,38,6;38,40,14;55,56,15;72,74,17;81,86,5;94,96,17;101,102,9;115,116,10
6|11|11,13,17;18,19,15;30,33,0;34,35,15;35,38,6;41,43,17;59,60,9;67,68,15;79,80,10
6|12|9,14,1;20,21,15;21,22,16;27,28,9;30,31,9;36,37,15;86,87,15;87,88,16;104,106,14;110,113,0;132,133,15;139,140,9;164,165,15;180,182,13;182,184,17;187,190,6;216,217,10
6|13|8,9,9;25,26,15;36,37,15;37,38,16;38,41,0;56,57,15;57,58,16;67,68,15;74,75,10
6|14|14,15,15;38,44,6;50,51,15;51,52,16;57,58,9;60,61,9;66,67,15;85,87,14;100,102,14;116,119,0;119,121,13;181,184,0;190,191,15;201,202,10
6|15|7,10,0;10,12,13;61,62,10
6|16|3,7,1;30,35,6;37,39,14;48,51,9;56,57,9;62,63,15;72,73,15;79,80,10
6|17|4,8,1;17,18,15;31,36,6;52,54,13;73,77,1;93,98,6;121,126,6;128,129,10
6|18|7,8,15;34,35,9;45,46,15;56,57,15;63,64,10
6|19|31,32,9;35,42,6;45,46,15;61,65,8;107,108,9;112,113,15;129,132,6;136,140,7;142,143,9;149,152,8;164,167,0;188,191,0;197,198,15;233,235,13;254,257,0;270,271,9;272,277,1;277,278,9;281,286,1;288,291,0;299,301,12;302,308,1;308,311,0;321,322,10
6|20|19,20,9;25,26,15;32,33,9;49,50,9;71,73,14;75,77,12;86,87,15;102,104,13;104,106,17;109,112,6;138,139,10
6|21|18,21,0;24,25,15;40,41,15;77,78,9;82,84,13;89,92,0;94,95,9;109,110,15;110,111,16;114,115,9;119,120,10
6|22|28,34,6;34,37,0;65,67,13;67,69,17;83,85,12;92,93,15;104,107,6;118,119,10
6|23|2,5,0;15,19,6;35,37,13;40,44,6;48,50,17;53,54,15;76,79,0;89,90,10
6|24|1,4,6;21,23,17;28,31,13;34,37,6;60,65,5;73,75,17;84,85,10
6|25|8,13,5;13,17,1;72,75,0;80,84,1;98,100,13;116,118,14;119,127,1;129,133,1;137,139,17;152,158,2;169,171,17;185,188,13;197,199,12;209,210,9;228,229,15;244,246,13;246,248,17;256,257,9;259,261,13;267,269,13;274,275,9;281,282,15;291,292,10
6|26|52,56,1;71,73,13;76,79,6;100,101,10
6|27|11,14,13;27,29,17;36,37,15;37,38,16;38,41,0;53,55,17;58,59,9;101,102,9;129,130,15;140,141,10
6|28|15,20,5;28,30,17;43,47,6;47,49,14;67,69,17;78,80,17;92,94,17;106,109,0;118,119,9;123,124,10
6|29|7,9,13;9,11,17;40,41,15;41,42,16;68,70,14;75,76,10
6|30|11,14,13;27,29,17;66,67,9;73,74,15;90,92,17;127,129,17;130,131,15;149,152,6;163,164,10
6|31|2,4,14;12,13,15;30,32,17;39,41,12;44,45,15;59,62,13;71,73,12;82,83,15;83,84,16;100,105,6;109,111,17;114,115,9;143,145,14;218,220,12;233,234,10
6|32|6,7,15;13,14,17;14,15,9;18,19,15;19,20,16;27,29,13;42,47,1;52,59,1;61,62,16;69,70,15;86,92,2;130,131,10
6|33|2,4,14;16,19,0;21,22,9;36,37,15;61,64,0;92,93,9;95,98,0;99,100,15;100,101,16;104,105,9;121,122,9;125,126,15;135,137,14;141,142,10
6|34|6,8,14;24,30,1;30,34,6;34,36,14;50,52,17;72,74,17;83,85,17;91,94,13;100,101,9;142,143,9;146,147,15;162,164,14;167,169,12;176,181,1;185,187,17;188,189,15;199,200,10
6|35|4,8,6;49,50,15;63,67,6;67,69,14;81,87,6;89,90,15;110,116,6;118,119,15;119,120,16;125,127,12;142,146,7;153,160,1;167,169,12;172,173,15;199,200,15;224,227,0;233,234,15;238,239,9;243,244,10
6|36|4,7,0;23,24,15;49,50,15;63,65,14;74,75,15;84,87,0;105,106,10
6|37|8,10,17;42,48,1;48,53,2;58,61,9;69,72,0;73,74,15;93,96,13;99,103,1;117,122,1;124,125,9;127,130,0;156,157,10
6|38|8,12,6;12,14,11;18,23,6;25,26,15;43,45,12;48,53,1;78,80,13;99,106,5;113,115,14;123,124,15;130,131,9;136,140,6;143,150,6;150,153,0;179,180,10
6|39|2,3,15;20,22,17;31,32,9;40,44,0;42,47,1;52,57,6;59,60,15;60,61,16;68,69,9;76,80,1;85,86,15;108,112,1;119,121,14;139,140,9;141,147,1;153,154,10
6|40|30,31,9;44,45,15;68,69,15;69,70,16;88,89,15;98,100,14;108,112,6;112,115,6;120,121,9;125,126,10
6|41|16,18,14;41,43,14;60,64,6;64,66,12;73,76,6;93,94,10
6|42|6,8,14;19,21,13;26,29,13;35,41,1;41,45,6;45,47,14;62,63,9;65,69,7;69,70,15;78,80,12;85,86,15;86,87,16;93,95,12;121,122,10
6|43|8,10,13;18,20,12;24,28,7;46,48,17;53,54,9;56,60,6;94,95,15;95,96,16;103,104,9;117,119,17;128,129,10
6|44|4,7,0;14,16,17;29,31,17;36,37,9;61,63,14;65,66,9;87,90,13;104,106,17;111,113,13;119,121,13;121,123,17;132,133,9;135,139,7;144,149,6;157,162,5;162,164,14;168,169,10
6|45|17,18,15;27,28,15;44,46,17;51,52,15;75,76,15;80,81,9;85,86,10
6|46|30,31,15;53,55,14;57,58,9;90,95,5;102,103,9;113,114,15;130,134,7;139,140,15;140,143,6;163,164,15;170,171,9;176,179,0;193,194,10
6|47|30,31,9;44,45,15;96,97,15;106,107,15;107,108,16;111,112,9;116,117,10
6|48|15,16,15;54,57,6;134,135,10
6|49|2,3,15;20,22,17;31,32,9;50,51,15;73,75,17;84,85,10
6|50|7,9,13;27,30,6;36,38,12;43,44,15;55,57,13;67,68,15;81,83,13;101,104,0;146,149,13;180,181,15;194,195,15;226,227,10
6|51|4,7,6;15,16,15;38,42,1;48,50,13;50,52,17;83,88,5;88,92,6;97,98,9;105,110,1;120,126,2;143,144,10
6|52|8,10,14;15,16,15;27,29,14;42,46,7;46,47,15;53,54,17;54,55,9;60,61,15;84,86,14;90,91,9;121,126,5;126,130,6;133,138,1;165,170,5;170,174,6;177,182,6;184,186,14;210,211,15;211,212,16;215,216,9;220,221,10
6|53|6,7,9;16,19,0;29,33,7;38,44,2;51,53,13;53,55,17;60,62,12;66,68,12;73,76,0;77,78,15;93,98,5;99,102,8;109,111,13;123,124,15;144,145,15;145,146,16;149,150,9;154,155,10
6|54|10,12,12;17,18,15;47,48,9;65,66,9;115,116,15;116,117,16;131,134,0;136,137,9;152,155,6;160,162,12;163,168,8;173,174,9;177,182,6;182,185,0;195,198,8;205,206,9;222,225,0;227,228,9;235,241,2;243,244,10
6|55|6,7,9;22,23,15;29,30,9;62,64,14;68,69,10
6|56|7,10,0;34,35,15;46,48,14;56,60,6;64,65,15;81,83,13;100,102,12;113,115,14;128,134,1;136,138,13;151,152,15;162,163,10
6|57|7,10,0;27,33,1;33,38,2;50,52,14;54,58,7;60,63,9;70,73,6;99,101,13;109,110,15;144,145,15;169,170,15;174,175,9;179,180,10
6|58|12,15,0;18,21,6;47,48,9;58,59,15;93,94,15;112,113,15;113,114,16;117,118,9;122,123,10
6|59|6,9,6;11,12,9;23,24,15;47,49,13;83,84,15;94,95,15;123,127,1;165,170,6;178,179,9;182,183,15;200,202,14;203,208,1;235,236,9;237,243,1;245,246,10
6|60|7,8,15;25,26,9;28,32,7;32,33,15;64,68,7;68,69,15;69,70,16;70,73,0;81,84,0;87,89,14;108,110,14;112,115,13;121,127,1;129,133,0;131,139,6;139,142,0;167,170,0;182,186,7;192,195,6;206,207,10
6|61|7,8,15;34,37,9;74,77,13;86,88,12;102,103,15;154,155,10
6|62|2,5,0;11,13,13;13,15,17;22,23,15;37,38,9;43,44,15;65,66,15;91,92,15;96,97,9;101,102,10
6|63|7,11,1;19,24,5;24,28,6;32,33,9;36,37,15;47,48,15;59,61,14;68,69,9;78,84,1;91,97,2;104,107,6;108,109,9;120,121,9;125,126,9;136,139,0;145,146,15;146,147,16;150,151,9;155,156,10
6|64|5,6,15;23,28,5;38,42,6;51,56,6;56,59,0;62,65,6;76,77,10
6|65|10,11,15;25,28,13;31,35,1;35,37,14;59,66,1;66,70,6;86,90,6;131,137,1;153,157,7;171,172,15;172,175,6;195,196,15;202,203,9;226,227,10
6|66|14,15,9;32,33,15;63,67,7;71,72,10
6|67|14,20,1;28,35,1;50,51,10
6|68|17,18,15;40,42,13;48,49,9;91,93,17;114,115,9;122,125,0;129,132,6;134,137,0;140,141,15;141,142,16;149,150,9;161,163,14;165,167,14;175,176,15;176,177,16;192,193,15;202,203,15;203,204,16;207,208,9;212,213,10
6|69|12,13,15;47,52,5;52,56,6;59,64,1;66,67,9;69,73,6;99,100,10
6|70|7,8,15;17,18,15;26,28,17;44,50,1;55,61,1;73,74,15;80,81,17;81,82,9;85,86,15;86,87,16;112,114,13;117,121,6;121,123,14;133,137,8;166,170,6;174,175,15;188,193,1;203,208,1;210,214,6;229,231,14;232,238,2;255,259,13;262,264,17;266,268,12;273,274,15;285,287,14;292,294,17;308,310,17;326,332,1;341,346,1;360,364,8;375,377,17;386,387,10
6|71|9,11,14;14,16,17;19,23,6;27,28,15;45,48,6;85,88,13;119,120,9;124,125,15;134,135,15;142,143,15;156,157,15;157,158,16;163,164,9;174,175,15;198,200,13;207,208,9;209,214,1;214,216,14;223,225,13;232,233,15;241,242,15;259,262,0;269,270,15;282,283,15;325,326,15;330,331,9;335,336,10
6|72|15,17,17;18,19,15;19,20,16;25,26,17;26,27,9;32,33,15;51,52,15;57,59,13;77,78,10
6|73|7,8,15;22,23,15;23,24,16;29,30,9;32,33,9;38,39,15;50,51,15;80,84,6;103,104,15;121,122,15;140,143,6;150,151,15;151,152,16;163,164,9;169,170,15;181,182,15;182,183,16;188,189,9;203,204,15;214,215,15;221,222,10
6|74|17,19,14;21,22,9;83,86,0;86,88,13;94,95,9;117,118,9;119,125,1;127,128,10
6|75|6,7,9;16,18,13;21,23,14;25,26,9;42,43,15;43,44,16;49,50,9;52,53,9;58,59,15;85,86,15;95,96,10
6|76|4,7,0;11,14,0;24,25,15;46,54,6;60,61,9;78,81,0;81,83,13;99,101,13;110,111,15;119,120,10
6|77|4,7,0;15,16,15;31,37,6;43,44,9;61,64,0;64,66,13;84,89,2;118,121,0;127,128,15;137,138,15;138,139,16;142,144,11;147,148,10
6|78|4,7,0;15,16,15;16,17,16;33,38,6;44,45,9;58,59,9;61,63,13;79,82,0;82,84,13;102,103,9;112,115,0;121,123,12;124,130,1;130,133,0;143,144,10
6|79|2,5,0;19,21,14;42,43,15;43,44,16;49,50,9;52,53,9;58,59,15;74,82,1;84,86,13;99,100,15;110,111,10
6|80|4,6,11;11,12,9;21,24,9;37,39,11;42,44,11;44,47,0;53,54,15;65,67,14;73,74,9;83,85,13;114,116,13;122,124,13;127,131,1;133,135,12;151,159,1;213,214,10
6|81|19,21,13;54,57,0;72,76,7;76,77,15;107,108,9;126,127,9;128,136,6;142,143,15;167,168,15;181,185,6;185,188,6;199,200,10
6|82|18,20,17;36,38,13;38,40,17;46,47,9;51,55,7;64,66,17;68,70,12;82,83,15;96,101,5;107,108,10
6|83|18,20,13;30,31,9;33,35,13;38,40,14;42,43,9;64,65,9;83,84,9;85,91,1;91,96,1;98,100,12;107,110,0;131,132,10
6|84|6,8,14;16,18,13;25,26,9;83,87,6;87,89,14;98,102,6;112,113,9;119,120,9;133,134,9;172,173,9;187,188,9;195,197,14;201,202,15;212,213,10
6|85|52,58,1;61,62,15;62,63,16;66,67,9;71,72,10
6|86|8,9,9;17,18,15;43,51,1;55,61,6;76,77,15;81,82,9;86,87,10
6|87|12,14,12;31,32,9;47,48,9;59,60,15;60,62,14;70,71,9;86,87,9;103,104,9;105,111,1;117,118,10
6|88|2,3,9;14,15,15;34,35,9;38,42,1;44,46,12;63,64,9;83,85,17;101,106,5;114,116,17;125,126,10
6|89|2,4,17;6,8,12;13,14,15;32,33,9;38,39,15;45,46,9;51,52,15;63,64,15;64,65,16;65,68,0;82,86,1;101,103,12;107,109,12;116,118,14;141,148,2;153,155,17;166,167,9;171,172,10
6|90|2,4,17;6,8,12;13,14,15;29,30,15;48,49,9;54,55,15;55,57,14;73,75,13;101,103,14;141,142,9;146,147,10
6|91|13,15,17;16,17,15;32,34,14;38,40,13;52,54,17;57,59,13;62,65,6;68,69,15;88,94,1;94,98,6;101,108,6;118,121,6;124,125,15;131,132,9;135,136,15;145,147,12;154,155,9;168,174,1;177,184,2;184,185,16;185,188,0;196,198,14;207,208,9;222,224,14;251,259,1;268,273,5;288,290,13;290,292,17;295,298,6;305,307,13;313,315,12;329,330,15;341,344,0;377,378,10
6|92|4,5,9;13,14,9;19,22,6;26,27,9;38,44,1;52,53,15;82,85,6;90,93,0;94,95,15;125,126,15;149,150,15;177,178,9;216,217,10
6|93|18,21,0;24,25,15;40,41,15;110,115,1;117,121,6;129,132,6;144,146,13;149,152,6;155,156,15;176,179,13;185,186,15;186,187,16;190,191,9;209,210,9;213,214,15;225,226,15;232,234,12;248,250,13;250,252,17;273,275,13;275,277,17;280,283,6;292,293,15;304,306,14;321,322,15;338,341,6;361,362,15;376,377,15;389,392,6;405,406,9;410,411,9;424,425,10
6|94|6,8,14;26,27,9;42,44,14;46,47,9;66,71,1;79,84,5;95,96,9;105,107,12;152,154,12;161,162,15;184,187,0;206,208,12;210,212,17;219,220,3;253,256,6;256,261,5;265,268,6;279,280,10
6|95|4,7,0;8,9,15;24,25,15;35,36,15;36,37,16;37,40,0;56,57,15;70,71,15;92,93,15;108,109,15;121,122,9;129,130,15;143,146,0;157,158,10
6|96|8,9,15;30,31,15;44,50,1;50,51,15;51,52,16;62,63,15;80,88,6;88,89,9;96,98,14;104,105,15;115,116,15;122,123,10
6|97|7,8,15;29,30,15;30,31,16;31,34,0;51,53,17;70,71,9;74,75,15;85,86,15;99,101,14;113,114,15;120,121,9;131,136,1;142,143,10
6|98|7,8,15;13,15,13;18,21,6;25,30,5;30,35,1;38,43,1;43,44,9;49,54,6;64,69,1;80,87,6;87,89,14;101,102,15;108,109,9;119,124,1;130,131,10
6|99|7,8,15;13,15,13;18,21,6;29,30,15;30,31,16;36,38,12;43,45,12;46,51,6;57,59,14;67,68,9;88,93,6;99,101,14;117,124,1;142,149,1;157,163,1;168,169,15;169,170,16;170,173,0;180,184,6;200,205,6;211,216,1;218,221,0;221,222,9;223,229,1;240,245,1;245,246,15;246,247,16;260,261,15;261,262,16;265,268,0;281,287,1;300,301,9;308,309,15;309,312,6;314,316,13;316,318,17;334,336,13;341,343,13;363,365,13;370,373,0;380,381,9;394,395,9;396,402,2;407,412,1;418,419,10
6|100|9,11,17;26,28,12;31,32,15;36,39,0;64,66,17;71,72,9;87,88,9;89,93,8;106,113,6;113,115,14;117,118,9;122,123,9;130,131,9;138,141,0;149,150,10
6|101|8,9,15;9,10,16;15,16,9;18,19,9;24,25,15;38,41,0;56,57,9;63,68,1;77,82,2;84,85,9;88,89,9;94,101,1;119,126,1;150,151,10
6|102|2,3,9;10,11,15;32,34,13;39,40,9;59,60,9;76,81,6;81,82,15;119,124,1;126,127,10
6|103|7,9,14;16,17,15;21,23,14;25,26,9;38,40,14;45,46,15;50,52,14;54,55,9;67,68,15;68,69,16;78,79,15;85,86,10
6|104|2,4,14;7,9,12;13,17,7;19,21,12;28,33,2;52,54,14;71,72,9;107,109,13;125,129,7;133,134,10
6|105|6,7,9;22,23,15;29,30,9;45,47,17;72,73,9;81,86,1;92,93,10
6|106|11,13,13;33,38,2;48,50,13;55,56,9;89,90,15;100,101,10
6|107|9,11,12;14,15,15;24,26,13;36,38,17;55,56,9;76,84,1;86,88,13;91,94,6;103,107,7;111,112,10
6|108|14,16,17;17,18,15;29,31,14;39,43,6;47,48,15;65,67,17;68,69,15;78,80,14;81,86,8;99,106,6;108,109,9;119,122,0;134,137,0;153,156,0;171,176,5;200,204,7;214,216,17;225,226,10
6|109|4,6,14;11,13,17;16,17,15;37,38,9;49,53,6;53,55,12;70,76,2;84,87,0;103,106,0;110,111,15;117,118,9;123,126,6;158,161,0;163,165,13;174,176,12;193,194,10
6|110|32,34,14;36,37,9;64,66,17;71,73,13;88,93,1;114,115,9;130,131,10
6|111|11,14,0;27,29,13;41,42,15;48,50,12;71,72,15;117,122,6;125,132,1;140,142,17;153,155,13;155,157,17;163,165,13;168,172,1;174,176,12;179,180,15;191,192,9;194,197,0;213,215,14;219,220,10
6|112|6,7,9;44,50,6;52,53,9;59,60,15;64,67,6;70,71,15;75,78,0;109,114,6;121,122,15;137,145,1;152,154,12;206,207,10
6|113|10,13,13;35,36,15;63,64,15;96,98,14;105,107,17;114,119,5;119,121,14;127,128,10
6|114|11,12,15;21,23,14;34,40,1;45,46,15;51,53,13;56,59,6;73,74,15;80,81,9;92,100,1;100,101,15;119,120,9;125,126,15;132,133,9;150,153,0;155,156,9;165,171,1;171,176,2;184,185,15;208,211,0;217,218,15;228,229,10
6|115|4,7,0;29,31,14;32,38,1;40,42,14;43,52,2;72,73,9;77,78,9;88,89,15;89,90,16;99,100,15;106,107,10
6|116|4,8,6;24,28,6;30,31,15;53,57,6;63,64,15;75,79,1;97,98,15;98,99,16;102,105,0;133,134,10
6|117|2,5,0;30,34,1;42,46,6;53,54,9;75,76,15;86,87,10
6|118|7,9,17;12,15,0;24,25,15;30,31,15;49,53,6;53,56,6;56,60,7;66,67,9;71,72,9;81,82,10
6|119|29,31,17;34,37,0;46,47,15;52,53,15;73,75,14;88,93,5;125,126,15;154,157,0;164,171,2;190,192,12;196,200,7;218,221,0;246,247,15;257,258,10
6|120|7,9,17;12,13,9;18,19,15;39,43,13;46,49,0;50,51,15;72,73,15;86,88,14;107,109,17;112,114,14;120,121,10
6|121|15,17,17;20,23,0;39,40,15;45,46,15;66,69,0;71,72,9;80,87,1;89,92,0;93,94,15;94,95,16;100,101,9;122,125,13;134,136,12;149,150,9;187,190,0;205,206,10
6|122|6,10,6;19,25,6;35,36,9;55,56,9;61,67,1;77,78,9;83,84,15;84,85,16;85,88,0;96,101,1;107,108,9;113,114,15;114,115,16;122,123,9;141,147,1;159,160,9;179,180,9;198,200,17;209,210,10
6|123|6,7,9;45,46,9;53,55,14;75,77,17;116,119,6;140,141,10
6|124|10,12,12;27,32,6;36,38,17;41,46,1;79,81,13;97,98,15;107,108,15;133,135,14;151,154,9;165,166,15;177,179,14;184,186,17;197,200,6;201,202,15;217,222,6;226,230,8;241,243,17;252,253,10
6|125|4,8,1;13,14,15;23,27,1;35,36,9;48,50,14;54,55,9;66,67,9;76,80,1;82,84,14;87,91,1;98,99,9;102,104,14;111,113,14;117,118,9;133,139,6;141,144,0;163,164,15;164,165,16;170,172,12;181,182,9;189,191,14;196,197,15;204,205,15;205,206,16;209,211,14;220,221,15;242,243,10
6|126|4,5,9;13,14,9;35,43,6;43,45,14;57,58,15;64,65,9;75,80,1;88,89,10
6|127|15,16,15;16,17,16;22,23,9;28,31,6;60,64,7;74,76,17;85,86,10
6|128|28,34,1;34,35,9;44,45,15;49,52,0;58,59,15;71,76,5;79,80,15;84,89,6;106,108,12;112,117,5;120,121,15;125,128,6;138,139,15;167,172,1;180,182,13;193,194,15;199,201,13;226,227,15;227,228,16;228,231,0;242,243,9;250,251,9;264,266,13;280,282,12;285,286,15;297,300,0;321,322,10
6|129|6,7,9;28,29,15;29,30,16;33,34,9;47,52,8;63,65,17;74,75,10
6|130|2,3,9;12,13,15;17,20,0;23,24,15;28,31,6;55,61,1;61,64,6;94,95,9;103,106,6;120,122,12;138,139,9;151,153,17;158,160,14;168,171,13;174,177,6;199,200,15;206,207,17;207,208,9;211,212,15;212,213,16;231,233,17;238,241,13;244,247,6;256,259,0;270,272,17;275,276,9;280,281,10
6|131|2,3,9;10,15,2;22,27,2;42,43,15;59,64,1;76,77,9;81,82,10
6|132|8,13,6;17,18,9;19,25,1;25,28,0;37,41,17;60,61,9;68,71,0;81,82,10
6|133|10,11,15;25,26,15;26,27,16;41,45,1;56,58,14;81,84,8;91,96,5;102,104,12;111,113,13;116,119,6;123,128,5;128,132,6;155,156,10
6|134|2,5,0;26,33,1;35,37,13;40,43,6;43,47,7;55,56,10
6|135|7,8,9;15,16,15;23,25,17;49,52,0;60,67,6;88,92,6;102,103,9;106,107,9;114,115,15;115,116,16;127,130,0;132,133,9;147,148,15;148,149,16;152,153,9;157,158,10
6|136|9,11,17;22,25,0;39,40,15;51,52,15;60,61,9;70,76,6;82,84,17;87,88,9;117,118,9;130,132,12;160,162,12;188,189,15;245,247,12;258,260,12;275,276,10
6|137|6,7,9;28,34,1;37,38,15;65,66,9;79,81,12;115,117,17;150,152,12;155,156,15;204,205,10
6|138|8,10,17;13,14,9;18,20,13;27,28,9;29,34,1;43,45,14;46,52,2;56,58,14;64,66,13;76,81,1;83,85,12;109,110,9;142,143,9;144,150,2;164,165,15;170,171,15;188,189,15;195,197,12;215,217,14;222,226,7;236,238,17;247,248,10
6|139|8,10,17;29,30,9;35,36,15;44,45,9;56,62,2;89,92,13;99,100,9;112,116,1;118,123,1;128,133,6;150,152,12;161,163,14;186,189,0;191,192,9;205,206,10
6|140|2,4,14;12,13,15;28,30,13;30,32,17;39,40,9;52,57,8;70,75,1;83,85,17;101,102,15;109,110,15;116,118,12;127,128,15;139,141,14;148,150,17;163,165,17;174,175,10
6|141|9,10,15;15,17,13;20,23,6;28,31,0;31,32,9;33,39,1;46,47,9;48,53,1;69,70,9;71,76,1;76,77,15;77,78,16;78,81,0;88,89,15;89,90,16;118,119,9;122,123,15;123,124,16;137,138,15;138,139,16;142,145,0;155,156,9;159,165,1;178,179,9;182,189,6;192,194,17;197,201,6;207,209,13;214,216,13;234,236,17;244,245,9;262,263,9;280,282,13;282,286,17;289,292,0;294,295,9;308,309,15;319,320,10
6|142|7,8,15;16,17,9;28,33,1;38,46,6;49,51,17;54,57,0;70,71,15;94,96,17;103,104,9;107,108,15;108,109,16;116,117,9;124,127,0;129,130,9;144,150,1;152,153,10
6|143|4,5,9;18,19,9;20,28,1;31,32,15;32,33,16;41,42,15;58,59,15;68,69,15;87,89,11;89,90,16;115,116,15;120,123,6;132,135,0;137,138,15;168,169,15;173,176,6;209,213,6;213,216,6;221,222,9;226,227,10
6|144|7,8,15;17,18,15;34,35,15;44,45,15;63,65,11;65,66,16;91,92,15;96,99,6;108,111,0;113,114,15;144,145,15;149,152,6;168,171,6;180,182,12;196,197,9;202,203,15;214,215,9;239,242,0;245,246,15;261,262,15;274,281,2;289,290,15;290,291,16;291,294,0;318,321,0;322,323,15;342,343,15;352,353,15;353,354,16;357,358,9;362,363,10
6|145|7,9,13;23,25,13;66,71,1;71,73,14;79,81,13;87,89,13;92,96,1;119,126,1;149,152,6;154,159,6;161,164,0;166,167,9;170,172,14;205,206,15;217,218,9;228,229,15;248,253,1;261,266,6;268,271,0;286,292,2;294,295,10
6|146|8,9,15;24,26,17;53,60,1;65,66,15;77,78,15;120,122,13;154,156,13;162,163,15;172,174,13;184,185,15;201,208,6;208,209,9;222,223,9;225,229,7;246,249,0;255,256,9;260,261,10
6|147|4,8,6;21,22,4;45,50,1;50,51,9;56,61,1;81,82,9;88,89,15;98,99,15;103,105,14;109,110,10
6|148|10,11,15;29,31,17;39,41,12;44,45,15;54,56,13;73,75,13;81,83,12;108,112,6;115,122,6;124,125,9;138,139,15;150,154,6;154,156,14;177,179,17;204,207,6;209,214,5;222,227,6;243,247,13;250,254,6;272,273,15;273,274,16;277,280,0;290,293,6;311,312,10
6|149|15,16,15;26,27,15;31,32,9;50,52,12;62,63,9;70,72,14;76,77,10
6|150|9,12,0;19,21,12;28,29,15;52,55,0;56,57,15;74,75,9;85,89,6;94,96,17;109,111,14;145,147,12;150,151,15;168,170,17;179,180,9;188,189,15;216,217,15;232,236,7;254,255,10
6|151|16,18,17;77,79,17;84,85,9;92,100,1;102,103,15;107,108,9;123,124,9;125,133,1;139,141,14;145,147,13;147,149,17;156,157,9;161,166,5;175,176,9;177,185,1;226,228,14;233,235,17;236,237,15;243,244,9;291,293,14;298,300,17;301,302,15;302,303,16;303,306,0;311,312,15;327,328,15;344,345,15;357,358,9;371,372,9;374,378,7;380,381,9;402,403,10
6|152|8,10,14;15,17,17;24,25,15;44,45,15;76,78,14;92,93,9;105,107,17;108,109,15;120,121,15;134,135,15;206,207,15;214,216,17;256,257,15;271,275,17;278,279,9;292,293,9;295,299,7;301,302,9;324,325,10
6|153|4,7,0;10,11,9;19,20,9;34,40,6;40,41,15;70,72,17;73,74,15;74,75,16;104,108,6;115,116,9;121,122,9;135,136,9;138,142,7;144,145,9;165,166,10
6|154|2,5,0;24,25,15;31,32,9;50,51,15;56,58,13;78,85,2;96,101,1;104,110,1;117,123,2;130,134,7;138,140,12;161,162,10
6|155|4,5,9;13,14,9;19,22,6;26,27,9;38,43,6;43,44,15;57,58,15;64,66,17;87,88,10
6|156|2,6,6;11,13,13;13,15,17;18,21,0;23,25,13;28,31,6;34,35,15;41,42,9;54,56,12;69,73,6;73,75,14;85,89,6;89,92,0;96,100,6;116,117,9;121,122,10
6|157|13,15,17;23,26,0;26,28,13;31,34,6;47,48,15;54,55,9;62,65,0;65,67,13;92,94,14;97,99,12;103,107,7;113,119,1;119,124,2;137,143,1;150,157,6;173,176,0;176,180,6;194,195,9;198,199,15;229,231,14;235,236,15;267,268,9;276,278,12;281,282,15;304,306,17;315,316,10
6|158|7,10,6;21,23,13;26,30,6;41,42,15;48,50,12;105,106,9;146,147,9;164,167,6;183,184,9;214,218,6;218,220,14;239,241,13;247,248,9;259,267,6;270,271,15;271,274,6;278,280,13;280,282,17;285,288,0;292,295,6;299,300,10
6|159|2,5,0;6,7,15;24,26,17;45,47,17;53,60,2;89,92,0;94,96,13;114,115,15;124,127,0;139,143,7;153,155,17;164,165,10
6|160|2,6,6;6,8,12;13,14,15;31,32,9;59,63,6;63,65,12;70,71,15;71,72,16;91,93,14;95,98,13;135,136,10
6|161|7,10,0;19,20,9;29,31,13;43,44,9;45,51,1;59,64,6;66,72,6;75,82,1;90,92,14;94,95,9;107,115,1;130,131,15;141,142,10
6|162|7,10,0;67,68,15;72,73,9;77,78,10
6|163|16,19,9;26,27,9;58,59,15;69,70,10
6|164|14,15,15;24,26,14;34,40,1;62,69,1;135,140,1;158,161,0;176,181,5;205,209,7;215,218,6;237,238,10
6|165|7,8,15;30,32,12;37,38,15;79,84,6;88,89,9;90,96,2;98,100,14;115,117,13;124,125,9;134,137,0;154,155,15;169,172,0;174,175,9;184,190,2;192,193,10
7|1|1,3,11;3,5,11;5,7,11
7|2|4,5,9;10,13,6;35,39,6;43,45,14;55,61,1;70,73,6;80,81,9;105,106,10
7|3|9,11,17;14,16,13;19,22,6;33,38,5;38,43,2;67,69,17;72,76,6;81,83,13;92,94,12;105,112,1;123,124,10
7|4|4,9,5;9,13,6;30,31,9;39,41,12;61,62,9;78,80,12;84,85,10
7|5|19,20,9;32,34,12;38,42,7;48,50,13;56,58,13;61,65,6;68,70,13;70,72,17;75,78,0;82,85,0;89,90,9;94,95,10
7|6|13,16,0;17,18,15;60,63,0;64,65,15;75,76,10
7|7|11,14,0;23,27,7;32,39,1;45,48,0;52,54,12;58,59,10
7|8|2,3,15;23,24,15;38,42,6;53,54,9;61,62,9;67,69,17;71,73,12;83,84,15;94,95,10
7|9|19,20,9;27,28,9;33,35,17;37,39,12;44,45,15;60,62,13;62,64,17;67,70,6;74,78,7;88,90,17;99,100,9;114,115,10
7|10|6,8,14;14,17,0;17,18,9;27,28,15;67,68,9;81,88,1;98,99,10
7|11|6,8,14;13,15,14;17,18,9;25,28,0;38,39,9;46,49,0;66,68,12;75,76,15;83,85,17;103,105,13;105,107,17;113,115,13;118,120,14;135,140,1;148,149,9;153,154,10
7|12|71,77,1;86,88,14;96,101,1;103,108,1;112,114,14;118,119,9;122,126,6;126,127,10
7|13|8,9,15;13,15,14;45,49,6;68,69,15;73,75,14;78,81,0;89,90,15;90,91,16;94,95,9;99,100,10
7|14|8,11,6;15,17,13;34,36,14;40,41,10
7|15|8,11,0;19,20,15;24,27,6;29,30,10
7|16|12,14,13;33,35,14;39,42,0;54,55,9;60,61,15;71,72,10
7|17|2,5,0;14,17,0;19,24,5;25,28,8;77,78,9;89,93,6;95,97,12;136,137,9;141,142,10
7|18|6,7,15;11,13,14;30,37,1;37,39,14;43,52,2;54,58,6;84,87,0;92,95,0;100,103,6;108,110,14;114,115,10
7|19|4,6,12;15,16,15;25,28,6;40,41,15;45,48,0;89,91,14;99,100,9;105,106,15;106,107,16;133,134,15;134,135,16;138,139,9;143,144,10
7|20|19,20,15;20,21,16;28,29,9;36,38,14;57,58,9;75,79,6;83,84,9;109,110,9;134,135,9;140,141,15;141,142,16;157,159,13;162,166,6;203,204,15;208,209,9;213,214,10
7|21|13,15,13;18,21,0;38,39,15;39,40,16;40,43,0;43,44,9;48,49,10
7|22|8,9,9;23,30,6;32,35,0;44,45,15;45,46,16;77,78,9;122,126,1;131,132,15;136,139,0;152,153,9;168,170,13;192,196,6;204,205,15;205,206,16;231,233,13;236,239,0;240,241,15;241,242,16;249,250,9;267,273,1;275,276,10
7|23|24,26,13;29,32,6;42,47,2;88,91,0;97,98,15;102,103,9;107,108,10
7|24|6,7,15;14,16,17;43,50,1;61,62,15;81,86,1;90,91,9;103,104,10
7|25|62,63,10
7|26|2,3,9;7,9,13;20,22,14;25,28,6;51,57,1;59,60,9;70,71,9;84,92,1;100,101,15;101,102,16;105,107,14;114,115,9;125,132,6;132,133,9;148,149,9;152,153,15;182,183,10
7|27|2,3,9;7,9,13;30,33,0;38,39,15;39,40,16;47,48,9;55,57,13;77,82,5;85,86,15;90,93,0;98,101,6;147,148,9;154,156,13;161,164,0;166,167,9;173,174,9;195,196,9;230,233,0;245,246,15;246,247,16;252,253,9;267,269,12;295,296,10
7|28|15,17,17;20,21,9;26,31,6;35,37,17;42,44,14;56,58,13;64,66,12;74,75,15;107,110,0;111,112,15;134,135,15;143,145,12;169,170,15;193,194,10
7|29|21,22,15;43,45,17;60,63,6;77,82,1;82,83,15;83,85,14;108,109,15;109,110,16;143,144,10
7|30|44,45,15;45,46,16;51,52,9;61,64,0;69,70,15;78,80,17;81,82,15;82,83,16;88,89,9;103,105,12;110,114,6;118,119,15;142,145,0;147,152,5;158,159,10
7|31|4,5,9;9,11,13;25,27,17;42,45,6;59,64,1;69,71,17;74,75,15;82,84,17;99,101,13;101,103,17;108,111,0;113,114,9;127,128,15;138,139,10
7|32|26,27,15;34,35,15;40,42,13;63,64,9;67,68,15;68,69,16;77,78,9;86,87,15;87,88,16;127,129,17;134,135,15;141,142,17;142,143,9;146,147,15;147,148,16;165,170,1;175,176,15;182,183,9;194,195,9;210,211,15;217,218,9;228,233,1;239,240,10
7|33|7,10,0;30,31,15;37,38,9;77,78,15;89,90,15;108,109,15;121,125,6;132,134,17;137,138,15;168,169,9;176,177,9;178,184,1;186,190,6;196,198,17;205,206,15;229,230,10
7|34|12,15,0;23,30,6;38,40,12;80,87,1;97,99,14;103,104,10
7|35|2,3,9;7,9,13;20,23,0;33,36,0;46,52,1;52,55,6;85,86,9;99,100,15;162,163,10
7|36|2,3,15;20,22,17;31,32,9;40,41,15;52,54,17;61,63,13;66,68,17;70,72,12;83,84,9;87,88,15;88,89,16;89,92,0;112,113,9;117,118,10
7|37|18,21,0;24,25,15;40,41,15;77,78,9;82,84,13;89,91,17;93,95,12;121,126,5;129,130,15;136,137,9;147,150,13;159,161,12;203,205,13;205,207,17;221,224,6;229,231,14;239,243,6;247,248,15;263,265,17;272,274,17;277,280,0;291,293,17;298,301,13;304,307,6;316,319,0;330,332,17;335,336,9;340,341,10
7|38|6,7,15;7,9,14;14,16,17;19,21,13;27,32,6;32,34,14;44,48,6;48,50,14;54,59,5;62,63,15;67,70,0;73,74,15;78,81,6;86,87,15;87,88,16;88,91,0;117,120,0;121,127,2;151,154,13;161,162,15;171,173,17;187,193,6;206,207,9;220,221,9;237,239,12;243,245,12;279,285,6;288,295,1;298,299,15;299,300,16;300,303,0;321,326,6;329,334,1;336,337,9;339,344,2;354,355,10
7|39|16,17,9;31,32,9;68,72,6;75,80,6;86,88,17;89,90,15;108,111,6;122,123,10
7|40|2,5,0;6,7,15;24,26,17;35,36,9;44,45,15;56,58,17;90,92,14;94,95,9;98,99,15;99,100,16;105,107,12;118,120,14;128,129,15;133,136,0;154,155,15;170,173,0;174,175,15;193,194,9;201,203,14;207,208,15;212,214,14;218,219,10
7|41|4,9,5;9,13,6;15,18,0;27,32,1;34,38,6;53,60,1;64,65,9;72,74,14;78,79,15;79,80,16;83,84,9;88,89,10
7|42|2,3,15;20,22,17;32,34,17;35,36,15;36,37,16;40,41,9;45,46,9;86,88,13;91,93,17;95,97,12;108,109,9;112,113,15;117,120,0;139,140,9;144,145,10
7|43|29,34,5;41,46,6;46,48,14;54,58,6;67,68,15;76,77,9;90,92,17;93,94,15;111,112,15;124,125,9;133,134,9;146,149,0;170,172,13;183,184,9;188,189,15;202,204,14;207,209,12;232,233,15;250,252,13;252,254,17;257,261,6;268,269,15;273,276,0;303,306,6;317,318,10
7|44|7,10,13;17,18,9;21,22,15;26,29,0;38,39,9;42,43,15;43,44,16;44,47,0;53,57,6;57,59,14;64,66,14;97,103,6;112,113,3;116,121,5;144,152,6;156,158,17;186,190,8;202,207,2;214,215,15;228,229,15;229,230,16;233,234,9;238,239,10
7|45|23,27,6;33,34,15;45,47,14;61,67,1;69,73,7;73,74,15;87,88,9;92,93,10
7|46|20,27,1;33,34,15;52,57,1;71,76,8;83,84,9;100,102,17;109,110,9;113,114,15;118,121,0;126,130,6;132,133,9;156,158,14;176,178,14;182,183,10
7|47|21,23,14;25,26,9;39,41,12;50,51,9;54,55,15;55,56,16;56,59,0;69,71,17;87,89,14;102,103,15;112,113,15;113,114,16;117,118,9;122,123,10
7|48|7,10,13;17,18,9;21,22,15;40,46,1;57,61,7;67,68,9;79,81,17;84,86,13;98,101,6;123,126,6;141,142,10
7|49|4,6,12;10,12,12;15,16,15;27,29,14;54,55,15;75,76,15;76,78,14;83,85,17;86,87,15;91,94,0;123,125,13;128,131,6;142,143,10
7|50|7,10,13;17,18,9;21,22,15;22,23,16;23,26,0;36,37,9;40,41,15;45,48,0;64,66,17;82,83,15;87,89,12;99,102,0;115,116,15;130,132,13;132,134,17;137,140,0;141,142,15;168,169,15;173,174,9;178,179,10
7|51|10,11,15;19,21,17;37,43,1;48,54,1;66,67,15;73,74,17;74,75,9;78,79,15;79,80,16;93,94,15;105,108,6;109,110,9;126,128,17;133,135,12;151,152,9;168,170,17;179,180,9;188,190,14;194,195,10
7|52|6,8,14;15,16,9;18,22,7;26,27,9;28,33,6;40,41,9;61,67,1;74,80,2;85,90,1;96,97,10
7|53|7,10,6;34,37,9;64,65,9;74,75,15;94,98,6;98,100,14;105,107,14;110,112,12;135,136,15;159,163,6;167,169,12;183,185,17;190,192,13;224,225,15;234,237,0;252,254,14;261,263,13;263,265,17;268,271,6;292,297,5;305,307,17;316,317,10
7|54|2,5,0;16,17,15;24,25,15;39,40,15;40,41,16;46,47,9;49,50,9;55,56,15;84,89,6;89,92,0;93,94,15;109,110,15;127,128,15;136,137,15;137,138,16;138,141,0;149,151,14;157,158,9;165,171,1;171,172,15;172,173,16;183,184,15;195,196,15;196,197,16;197,200,0;215,216,9;217,221,8;230,232,13;246,247,15;258,259,15;280,281,15;294,295,15;299,300,9;304,305,10
7|55|1,3,14;6,8,17;27,33,1;46,49,0;51,52,9;65,66,15;76,77,10
7|56|15,17,17;22,23,15;45,46,9;54,55,15;55,57,14;68,74,1;86,89,0;99,100,15;113,119,1;122,123,15;133,134,10
7|57|7,8,15;24,25,15;25,26,16;31,32,9;40,45,8;68,69,9;77,80,13;85,87,13;104,110,6;114,120,6;120,122,14;124,125,9;135,141,1;145,150,6;152,155,6;166,167,15;171,173,12;184,186,14;194,195,9;198,202,6;206,207,15;207,208,16;215,216,9;225,226,9;240,241,15;273,274,10
7|58|2,3,15;12,13,15;13,14,16;41,42,9;59,60,9;65,66,15;105,113,6;115,116,9;131,132,15;138,139,9;149,154,1;160,161,10
7|59|4,6,14;41,42,9;53,54,9;61,62,15;69,71,17;72,73,15;88,93,5;100,101,9;112,114,13;117,120,0;120,122,13;161,162,10
7|60|6,7,15;18,22,6;28,30,13;33,36,0;45,46,9;57,58,9;59,65,1;67,68,10
7|61|8,9,9;31,32,9;35,40,1;42,43,9;45,48,0;56,62,1;62,67,2;71,72,15;76,77,9;81,82,10
7|62|18,19,9;21,22,9;36,39,6;65,66,15;89,90,10
7|63|8,10,14;17,21,6;21,23,12;35,41,1;41,46,2;66,72,1;72,75,6;82,85,6;104,106,17;129,130,10
7|64|17,20,6;24,25,9;30,31,15;46,47,9;52,53,15;70,72,14;76,77,15;94,96,17;105,106,9;110,112,13;117,120,0;131,133,17;146,147,10
7|65|31,39,6;45,46,9;53,54,15;61,63,17;64,65,15;80,85,5;92,93,9;104,106,13;124,125,10
7|66|6,7,15;16,17,15;33,35,17;38,42,6;48,50,13;53,56,0;65,66,9;81,86,1;88,91,0;99,102,0;110,111,15;115,116,9;120,121,10
7|67|8,9,9;35,40,1;42,43,9;45,48,0;56,62,1;62,67,2;71,72,15;76,77,9;81,82,10
7|68|18,19,9;21,22,9;60,61,10
7|69|8,10,14;17,21,6;21,23,12;35,41,1;41,46,2;66,72,1;72,75,6;82,85,6;96,97,15;103,105,13;105,107,17;130,132,12;138,141,8;158,163,1;177,178,15;189,192,17;195,202,6;202,203,15;209,211,13;211,213,17;219,221,12;224,225,15;252,253,10
7|70|5,7,13;7,9,17;33,34,15;49,50,9;84,86,12;118,120,13;123,127,6;127,130,6;136,137,15;137,138,16;141,142,9;146,147,10
7|71|8,10,14;26,31,5;31,36,2;46,48,14;49,54,1;69,70,9;83,85,13;92,94,12;95,100,6;100,103,0;112,114,13;117,120,6;130,132,12;136,141,5;151,152,15;167,171,6;175,176,9;177,184,6;184,185,15;185,188,6;192,194,13;194,196,17;199,202,0;210,215,5;218,219,15;223,226,6;230,231,10
7|72|4,7,6;11,12,9;17,18,15;33,34,9;44,50,1;50,53,0;75,76,15;93,95,17;104,105,9;125,127,17;136,137,10
7|73|29,30,9;33,41,6;47,48,9;55,56,15;63,65,17;66,67,15;82,87,5;94,95,9;106,107,9;112,114,14;117,119,12;125,129,7;135,141,1;141,146,2;158,159,9;163,164,9;173,174,15;194,201,6;221,223,13;231,232,15;263,265,12;266,271,6;296,297,10
7|74|2,3,15;9,11,13;11,13,17;36,38,12;44,47,8;57,62,1;78,79,15;103,107,6;122,128,1;140,141,15;157,165,6;165,166,15;172,174,13;174,176,17;182,184,12;187,188,15;209,211,17;216,217,15;234,235,10
7|75|6,7,15;16,17,15;26,27,15;38,40,17;43,47,6;53,54,9;66,67,15;78,80,17;121,124,0;127,128,9;131,138,1;143,149,1;149,154,2;159,162,9;168,170,13;170,172,17;175,178,0;184,186,13;200,201,9;210,211,10
7|76|6,7,15;16,17,15;27,29,13;29,31,17;34,37,0;41,42,15;47,49,13;55,58,6;58,62,7;64,65,9;68,69,9;73,74,10
7|77|9,11,17;12,13,15;13,14,16;14,17,0;31,33,17;64,66,17;69,70,9;72,73,9;78,79,15;101,103,13;106,110,6;110,113,6;119,120,15;130,131,10
7|78|15,16,15;16,17,16;20,22,14;38,40,17;57,58,9;62,63,10
7|79|31,32,9;43,45,14;48,50,14;100,101,9;103,108,2;121,122,15;122,123,16;123,126,0;126,127,9;131,132,10
7|80|30,32,13;45,46,15;50,51,9;70,74,7;88,94,1;97,98,15;102,103,9;107,108,10
7|81|2,5,0;22,23,15;23,24,16;40,46,1;46,50,6;54,55,15;55,56,16;56,59,0;61,63,12;75,78,6;86,92,1;98,99,10
7|82|28,30,13;36,38,13;41,45,6;48,50,13;50,52,17;64,69,5;69,73,6;88,91,0;102,107,1;116,117,10
7|83|4,7,6;11,12,9;25,27,13;35,36,15;46,47,9;61,62,15;66,67,9;71,72,10
7|84|22,27,5;30,38,6;38,39,15;39,42,6;60,61,9;68,69,15;73,75,14;79,80,10
7|85|11,13,14;35,43,6;49,50,9;57,58,15;65,67,17;68,69,15;84,89,5;96,97,9;108,109,9;114,116,14;119,121,12;127,131,7;137,143,1;143,148,2;167,169,17;170,171,15;182,183,15;202,204,14;209,211,17;212,213,15;213,214,16;214,217,0;227,229,12;251,253,17;258,259,15;281,282,9;292,293,9;305,311,2;318,322,6;322,325,6;325,330,5;336,337,10
7|86|8,10,14;15,17,17;30,31,9;32,37,6;61,65,6;71,72,15;96,97,9;102,104,14;118,126,1;126,127,15;133,135,13;135,137,17;145,148,6;157,163,6;179,180,15;180,183,6;186,188,17;204,205,9;212,213,15;223,224,10
7|87|4,8,6;14,16,12;21,27,1;27,30,6;41,43,17;46,47,15;52,54,13;70,71,9;76,78,12;83,89,2;101,103,17;106,107,15;114,116,17;134,135,15;168,169,15;173,174,9;178,179,10
7|88|8,9,15;18,19,15;28,29,15;40,42,17;45,49,6;55,56,9;67,70,0;75,76,9;87,88,15;105,107,17;117,121,6;129,131,13;146,149,0;184,187,0;191,192,9;196,197,10
7|89|5,6,15;24,25,15;47,49,14;66,70,7;86,87,9;91,92,15;127,129,13;132,137,1;148,150,13;156,158,13;161,165,1;167,169,12;172,173,15;236,237,15;268,269,15;307,308,15;320,323,6;331,332,15;336,337,9;341,342,10
7|90|8,9,15;18,19,15;35,37,17;40,44,6;50,51,9;59,60,15;84,87,0;95,102,2;104,105,9;109,110,10
7|91|15,16,15;16,17,16;20,22,14;38,40,17;57,58,9;62,63,10
7|92|18,20,17;28,34,6;36,41,2;52,54,17;64,65,15;82,84,17;92,98,6;102,104,17;110,111,15;115,116,9;120,121,10
7|93|31,32,9;43,45,14;48,50,14;65,66,9;68,69,9;128,133,6;133,134,9;138,139,10
7|94|4,6,13;30,36,1;36,41,1;52,54,13;63,65,13;78,79,15;87,89,12;94,95,15;95,96,16;102,104,12;129,130,10
7|95|2,5,0;25,26,15;26,27,16;38,39,15;63,65,17;75,77,17;80,82,14;94,96,12;102,103,15;103,104,16;110,112,12;117,118,15;118,119,16;125,127,12;140,141,9;143,147,7;152,157,1;174,175,10
7|96|9,12,0;20,21,15;27,30,13;39,41,17;44,45,15;52,54,17;75,79,7;83,84,9;85,91,1;94,95,15;95,96,16;101,103,12;108,109,15;122,123,9;125,129,6;135,137,17;148,149,9;151,155,7;165,167,17;176,177,10
7|97|18,19,15;25,28,13;31,35,1;43,47,7;59,60,9;61,67,1;74,76,12;80,81,10
7|98|18,19,15;25,28,13;31,35,1;43,47,7;58,64,1;77,78,10
7|99|11,13,17;21,22,15;53,54,15;68,69,15;78,79,15;83,84,9;88,89,10
7|100|37,38,15;50,53,8;67,69,13;72,77,2;84,86,12;93,95,14;97,98,9;100,104,7;122,124,14;167,168,10
7|101|7,8,15;42,44,8;45,47,12;61,63,14;66,68,12;85,89,7;89,90,15;99,100,9;115,117,17;129,131,17;146,148,17;151,155,6;155,157,14;166,167,9;174,176,14;181,182,15;204,205,15;209,210,9;214,215,10
7|102|10,12,14;28,33,5;41,48,1;50,54,1;56,58,14;60,62,13;80,81,9;85,86,10
7|103|2,5,0;19,22,8;29,34,5;48,49,9;53,55,13;82,84,17;86,87,9;97,99,17;110,111,15;111,114,6;132,133,9;140,141,15;151,152,10
7|104|18,19,9;32,35,0;43,49,1;49,54,2;58,59,15;63,64,9;68,69,10
7|105|12,15,13;18,23,2;23,25,13;40,41,15;55,56,15;68,70,14;79,83,7;91,97,1;97,102,2;132,134,13;141,143,12;145,146,10
7|106|8,12,6;12,15,6;32,37,6;46,48,13;51,55,6;55,58,6;64,65,15;65,66,16;69,70,9;74,75,10
7|107|40,46,1;48,49,10
7|108|15,16,9;36,38,12;43,44,16;44,47,0;47,48,9;52,53,10
7|109|6,7,15;18,22,6;40,43,0;46,47,9;55,56,9;65,66,10
7|110|10,14,1;22,27,5;60,61,10
7|111|5,7,13;7,9,17;44,45,15;51,53,12;60,61,9;65,66,10
7|112|20,21,9;30,31,10
7|113|4,6,12;9,10,15;10,11,16;37,39,13;39,41,17;44,47,0;58,60,14;66,70,6;70,73,0;82,83,15;87,88,9;92,93,10
7|114|17,20,0;32,33,15;44,45,10
7|115|6,8,17;11,12,9;17,20,13;23,26,0;26,28,13;31,35,6;46,49,0;49,51,13;54,59,1;72,73,15;81,82,10
7|116|13,17,17;22,25,0;25,27,13;36,38,17;45,47,13;47,49,17;59,60,15;60,61,16;61,64,0;70,71,15;91,93,12;110,111,10
7|117|14,16,13;29,32,13;89,90,10
7|118|9,10,15;37,39,17;48,49,10
7|119|9,11,17;24,25,15;25,28,6;33,35,17;38,39,9;43,44,10
7|120|11,12,15;12,13,16;25,26,9;30,31,10
7|121|5,7,13;7,9,17;15,18,0;28,29,15;33,34,9;38,39,10
7|122|18,19,9;21,22,10
7|123|22,25,6;25,29,7;31,32,9;35,37,14;64,67,0;70,71,9;82,88,1;104,105,15;128,130,17;137,139,13;169,170,10
7|124|11,14,0;40,45,5;52,53,9;54,59,6;59,62,0;74,77,0;84,86,14;90,91,10
7|125|5,7,13;7,9,17;12,15,0;15,17,13;36,39,6;43,44,10
7|126|8,11,6;16,19,0;19,21,13;27,29,13;40,43,0;53,54,9;68,71,0;75,77,12;94,96,13;118,120,14;121,127,1;146,147,10
7|127|8,9,15;20,24,6;67,68,9;80,82,17;87,88,15;144,146,14;148,150,12;169,170,9;175,177,12;188,191,0;206,207,9;211,212,10
7|128|25,26,15;36,38,17;41,42,15;51,52,15;58,60,13;60,64,17;67,70,0;71,72,15;102,106,1;108,110,12;127,128,9;133,134,15;138,139,9;157,158,10
7|129|5,7,13;7,9,17;22,26,6;26,28,14;33,37,6;52,55,8;102,106,1;148,149,15;162,165,6;183,184,10
7|130|6,8,14;17,19,13;39,40,15;40,41,16;54,56,14;57,63,1;66,67,15;67,68,16;75,76,9;101,102,10
7|131|10,12,12;21,22,15;39,41,17;50,51,9;55,56,9;63,67,6;69,71,14;84,89,1;98,100,17;115,120,1;124,128,13;133,135,13;138,141,0;147,149,12;160,163,6;164,165,15;176,177,9;179,182,0;208,209,10
7|132|8,10,17;33,34,9;46,52,2;98,99,10
7|133|25,26,15;26,27,16;39,40,15;52,53,15;57,60,0;65,66,15;66,67,16;80,81,15;81,82,16;93,94,9;95,101,1;108,109,9;110,115,6;115,116,15;127,129,17;138,140,17;146,153,1;153,155,14;159,160,10
7|134|4,7,0;27,28,15;28,29,16;32,34,14;43,45,17;48,49,9;56,57,15;57,59,14;91,94,6;103,107,6;116,119,0;121,122,15;122,123,16;126,128,14;141,144,0;162,165,0;177,179,13;186,188,12;190,191,10
7|135|4,7,0;28,29,15;29,30,16;33,35,14;42,45,13;55,59,7;59,60,9;81,84,6;86,87,10
7|136|2,3,15;3,6,6;31,33,14;35,36,9;45,46,15;50,53,0;58,61,0;74,76,17;85,86,9;100,102,17;113,114,9;118,119,10
7|137|14,15,15;24,25,15;40,42,17;63,64,9;69,70,15;85,86,9;94,95,15;104,105,9;126,129,0;149,150,15;172,174,13;181,183,12;202,204,17;211,214,0;260,261,9;274,276,17;285,286,10
7|138|4,5,9;19,21,13;28,30,12;36,37,15;54,56,17;69,74,1;88,91,13;100,106,2;119,121,17;124,125,9;132,133,15;133,135,14;144,146,13;151,152,9;153,159,6;178,185,6;191,194,0;204,209,6;209,211,14;215,216,10
7|139|2,5,0;8,10,12;14,16,12;27,33,1;50,51,9;54,60,1;68,70,17;79,80,10
7|140|15,16,15;25,27,14;39,40,9;41,47,1;70,71,15;75,76,9;80,81,10
7|141|9,12,6;16,17,9;19,24,5;61,63,12;66,67,15;94,96,14;98,100,12;127,129,12;146,147,9;151,155,7;157,159,12;160,166,1;166,171,2;183,184,10
7|142|6,7,9;9,11,14;27,28,9;41,46,1;56,57,9;68,73,6;75,78,0;84,85,9;95,97,13;117,124,1;150,151,9;157,158,15;215,216,15;226,227,10
7|143|4,7,0;11,13,12;31,32,9;49,50,9;58,59,9;78,80,13;83,86,6;108,112,6;115,116,9;124,125,9;130,131,15;131,134,6;143,144,15;160,161,15;180,181,9;196,197,9;207,210,0;229,230,9;250,251,9;256,262,1;281,289,6;291,294,0;294,296,13;313,315,14;317,318,9;325,327,14;356,357,15;367,368,10
7|144|8,9,9;14,17,13;20,23,0;25,26,15;45,46,15;46,47,16;47,50,0;60,61,9;63,64,9;76,77,9;90,92,13;109,114,1;117,118,15;118,119,16;122,123,9;127,128,10
7|145|6,8,14;16,17,9;22,23,15;37,41,6;50,56,1;63,68,1;76,83,2;94,99,6;115,120,1;145,147,17;168,170,17;184,185,15;189,190,9;194,195,10
7|146|21,22,9;27,28,15;56,57,15;75,76,15;88,92,1;96,98,17;111,117,2;128,130,17;141,145,1;149,151,17;160,161,15;161,162,16;193,199,1;201,205,1;209,211,17;220,221,15;248,256,6;256,257,9;266,269,0;282,284,17;293,294,9;308,310,17;321,322,9;326,327,10
7|147|2,3,15;20,22,17;31,32,9;44,46,12;49,50,15;76,77,9;93,95,14;119,121,17;130,131,10
7|148|2,3,15;29,32,8;39,40,9;60,62,14;63,69,6;72,79,2;81,82,9;106,108,17;111,114,0;116,117,9;165,166,15;185,187,17;190,191,9;195,196,10
7|149|4,7,0;18,20,13;41,43,17;46,49,0;56,58,14;65,67,17;74,76,17;81,86,2;136,139,0;145,146,15;150,151,9;155,156,10
7|150|4,7,0;21,24,13;40,41,9;48,49,9;57,63,6;95,98,8;103,105,13;150,151,15;198,200,13;218,219,15;219,221,14;226,229,0;232,235,0;236,237,15;246,247,15;270,272,17;275,277,14;308,309,15;317,319,12;330,332,14;345,346,15;355,356,15;356,357,16;360,361,9;365,366,10
7|151|12,13,15;38,40,14;69,72,6;82,83,15;83,84,16;87,88,9;92,93,10
7|152|2,5,0;6,7,15;16,17,15;25,27,17;28,29,15;33,35,14;57,63,1;63,68,2;84,89,6;91,92,15;98,99,17;99,100,9;103,104,15;104,105,16;122,123,9;130,132,14;136,137,15;147,148,10
7|153|2,3,15;19,21,17;22,23,15;23,24,16;39,42,0;49,51,17;55,58,8;76,78,13;78,80,17;83,86,0;98,101,8;118,124,2;126,127,10
7|154|4,7,0;18,23,1;28,29,15;45,46,15;81,87,1;94,100,2;134,135,10
7|155|2,3,15;27,28,9;31,33,14;44,51,2;56,57,9;69,72,0;72,74,13;88,89,15;89,90,16;93,95,14;136,141,5;141,145,6;145,147,14;157,158,9;190,191,15;191,192,16;199,201,12;206,209,0;209,213,13;258,262,6;264,266,12;281,285,6;287,289,12;296,299,6;313,314,15;329,330,15;346,349,6;357,358,15;362,363,9;367,368,10
7|156|4,5,15;9,11,14;24,25,9;30,31,15;31,32,16;48,53,1;57,58,15;71,74,0;78,80,14;82,84,13;109,111,13;124,125,9;135,137,12;174,181,6;236,237,17;237,238,9;255,259,7;265,266,9;280,281,10
7|157|23,24,15;24,25,16;34,35,15;35,36,16;36,39,0;45,46,15;50,53,0;57,58,15;76,77,9;91,94,6;103,104,15;104,105,16;113,114,9;119,120,15;124,127,6;141,145,7;145,146,15;167,168,9;178,179,15;183,186,6;206,207,15;207,208,16;216,217,9;243,244,15;250,252,12;288,289,15;297,298,9;301,302,15;332,333,15;350,352,17;357,358,9;386,387,15;395,397,17;398,399,15;399,400,16;400,403,0;407,408,15;413,415,13;418,421,6;430,432,13;437,439,17;441,443,12;453,454,15;464,465,10
7|158|7,9,13;18,19,15;19,20,16;20,23,0;29,32,0;42,43,15;70,71,15;82,83,9;91,92,15;92,93,16;98,99,9;101,102,9;107,108,15;121,123,13;128,129,9;150,151,9;175,177,17;180,181,15;200,201,15;201,202,16;202,205,0;211,212,15;216,219,0;223,224,15;242,243,15;258,259,9;263,264,9;267,268,15;299,300,10
7|159|4,8,6;18,21,13;24,27,0;28,33,1;43,44,15;58,59,9;68,69,10
7|160|11,12,9;17,18,15;52,60,1;70,72,13;85,88,13;94,95,15;104,105,9;116,118,13;124,125,15;142,143,15;156,157,15;158,160,8;175,176,15;198,206,6;206,208,14;228,234,1;271,272,15;278,279,9;286,289,6;306,307,15;311,314,0;317,318,15;318,319,16;336,338,17;341,345,6;350,351,9;362,364,14;366,367,9;395,396,9;398,402,6;405,407,13;407,409,17;412,415,6;430,431,10
7|161|20,21,15;28,30,17;33,34,9;39,40,15;58,60,17;93,95,17;102,107,1;107,108,15;108,110,14;115,117,17;118,119,15;133,140,1;158,160,12;163,164,9;183,184,15;194,195,10
7|162|10,11,15;27,29,17;54,55,15;102,104,14;105,112,1;115,116,15;116,117,16;122,124,12;139,141,17;150,151,10
7|163|19,20,15;31,32,15;57,58,15;86,87,15;87,88,16;91,93,14;135,137,14;150,156,1;203,204,9;211,213,14;218,222,7;232,234,17;243,244,10
7|164|17,20,0;21,27,1;59,60,15;105,111,6;115,123,6;127,129,17;179,180,10
7|165|4,7,0;14,16,17;29,31,17;36,38,13;41,44,6;50,51,15;76,77,15;77,78,16;81,83,12;98,99,15;115,117,17;126,130,8;136,140,8;151,153,17;162,163,10
7|166|4,7,0;15,17,17;20,25,1;32,34,17;63,65,17;77,78,9;83,84,10
7|167|29,31,14;35,38,0;64,65,15;71,72,9;79,83,1;95,97,12;100,101,15;115,118,0;137,138,15;154,157,0;159,160,9;169,175,2;177,178,10
7|168|11,12,9;21,22,15;36,45,1;52,53,15;53,54,16;57,58,9;85,86,9;103,104,9;106,110,7;110,111,15;119,120,9;125,126,15;126,127,16;160,161,10
7|169|12,15,8;30,35,1;40,42,17;43,44,15;50,51,9;75,76,9;80,81,15;85,87,14;126,130,1;144,150,1;156,157,9;196,201,5;204,205,9;208,209,15;215,216,9;221,226,2;236,238,17;245,246,15;260,261,15;278,280,17;295,296,15;296,297,16;304,305,15;321,327,2;365,366,10
7|170|2,3,15;27,28,15;34,35,9;48,50,17;51,52,15;52,53,16;58,59,17;59,60,9;65,68,0;84,86,14;89,90,15;100,101,10
7|171|13,15,14;19,20,15;44,47,0;49,50,9;57,62,1;64,67,0;67,69,13;69,71,17;74,77,0;79,80,9;87,91,8;102,104,17;107,109,13;119,120,9;122,126,7;132,137,1;137,138,15;145,147,17;177,178,10
7|172|25,28,8;31,33,13;44,48,6;92,95,13;98,101,6;137,139,17;153,155,14;157,161,13;164,168,6;174,176,17;184,185,15;191,192,9;199,202,0;206,209,0;218,219,9;225,226,9;230,231,10
7|173|12,14,13;14,16,17;19,22,0;24,26,13;41,43,12;51,55,6;55,57,14;64,67,0;78,84,1;85,88,8;129,130,15;134,136,14;140,141,10
7|174|6,7,9;22,23,15;29,30,9;55,56,10
7|175|2,3,15;26,27,15;32,34,13;44,45,9;53,54,9;62,63,15;63,66,6;92,93,15;93,94,16;101,102,9;118,119,15;126,127,10
7|176|25,26,9;39,40,9;42,45,0;47,49,13;65,66,15;77,78,15;91,92,9;107,108,9;118,119,15;130,134,6;181,182,3;188,189,9;201,202,15;211,212,15;229,231,17;240,241,9;251,252,15;252,254,14;259,260,15;292,293,10
7|177|2,4,12;15,16,15;25,26,15;43,45,17;54,55,9;65,68,6;81,83,17;92,93,10
7|178|2,6,1;11,12,15;26,27,15;45,49,1;60,62,17;64,66,12;76,77,15;81,82,9;86,87,10
7|179|6,8,14;25,28,0;37,44,1;47,48,15;52,55,0;58,59,15;63,66,6;82,88,2;124,130,2;134,136,14;166,172,2;190,194,13;197,199,17;201,203,12;210,211,15;219,220,9;245,247,17;249,251,12;261,262,15;266,267,9;271,272,10
7|180|10,11,15;19,21,12;24,25,15;38,39,15;39,41,14;62,64,17;65,66,15;89,91,13;98,100,12;104,105,9;112,114,14;131,133,17;142,143,10
7|181|4,7,0;14,16,14;18,20,13;23,26,0;27,32,1;42,43,15;57,58,9;67,68,10
7|182|2,3,15;20,22,17;31,32,9;46,48,14;54,59,5;81,82,10
7|183|21,24,0;37,38,10
7|184|21,25,17;41,46,5;46,50,6;50,53,0;81,87,1;89,90,10
7|185|11,14,6;17,19,17;34,35,15;35,36,16;41,42,9;44,45,9;50,51,15;73,74,15;83,87,6;90,95,1;104,107,13;110,114,1;125,126,15;126,128,14;164,168,8;175,176,9;185,186,10
7|186|2,6,1;13,14,15;39,42,9;66,67,9;82,83,10
7|187|20,21,15;21,22,16;47,48,9;61,64,0;80,83,6;113,115,14;119,121,13;149,150,15;150,151,16;156,157,9;159,160,9;165,166,15;207,214,1;231,234,0;262,265,0;281,284,6;285,286,15;297,298,9;300,303,0;313,314,15;314,315,16;315,318,0;334,335,10
7|188|7,9,13;34,40,1;64,66,12;69,70,15;88,91,6;101,102,15;113,114,15;132,133,15;158,159,15;159,160,16;163,165,12;195,200,1;206,212,2;217,222,1;228,229,10
7|189|7,8,15;23,28,5;28,33,1;36,41,1;41,42,9;47,52,1;104,107,0;117,118,9;145,151,6;163,166,9;171,174,0;174,176,13;185,186,3;196,197,15;237,238,9;241,248,2;255,258,0;264,265,15;265,266,16;269,270,9;274,275,10
7|190|4,7,0;7,9,13;16,17,9;25,26,9;29,35,6;45,46,9;53,55,12;63,65,13;72,73,9;87,88,9;92,93,15;102,105,0;115,116,10
7|191|37,43,1;56,57,10
7|192|33,39,1;41,43,13;46,49,6;58,61,6;63,64,10
7|193|4,8,6;8,10,14;24,25,15;59,61,12;100,103,6;108,109,9;113,114,10
7|194|2,5,0;6,7,15;18,20,14;28,32,6;36,37,15;70,71,15;71,73,14;97,99,17;109,113,6;113,116,6;121,122,9;126,127,10
7|195|16,21,1;33,37,13;55,60,1;60,62,14;74,78,13;98,103,1;103,105,14;117,121,13;141,146,1;169,170,15;170,172,14;175,177,17;184,186,12;195,198,0;216,219,6;221,222,10
7|196|2,5,0;46,47,9;75,76,9;80,81,10
7|197|2,3,15;14,16,14;24,28,6;33,34,9;69,71,13;74,77,6;86,89,6;91,92,10
7|198|4,8,6;8,10,14;24,25,15;47,51,17;59,60,9;67,70,6;98,100,14;104,105,10
7|199|5,6,15;26,27,15;52,53,15;57,58,9;62,63,10
7|200|4,7,0;11,14,6;16,19,0;27,28,15;28,29,16;36,37,9;45,50,6;50,51,15;62,63,15;74,77,0;79,80,9;93,94,10
7|201|2,5,0;6,7,15;16,17,15;24,26,17;45,47,12;50,56,1;59,60,15;60,61,16;68,69,9;82,84,17;95,100,5;100,102,14;106,107,10
7|202|8,9,9;35,36,15;46,49,0;56,58,14;62,63,10
7|203|21,25,7;32,37,6;41,43,17;52,53,15;53,55,14;76,79,0;81,83,13;103,106,13;117,122,2;131,132,9;140,142,12;149,154,2;167,173,1;180,186,2;191,196,1;202,203,10
7|204|15,16,15;30,31,15;40,42,17;47,48,9;53,56,6;59,61,17;82,83,10
7|205|2,3,15;39,45,1;51,56,1;62,63,15;77,78,15;89,90,15;102,103,15;123,128,1;136,137,9;141,142,10
7|206|2,5,0;6,7,15;18,21,6;66,67,9;84,85,9;92,93,9;102,103,10
8|1|20,21,15;25,28,6;39,40,15;44,47,6;61,62,15;62,63,16;76,77,15;83,85,17;86,87,15;105,107,17;137,139,17;140,141,15;159,161,13;164,168,6;168,171,6;171,176,5;182,183,10
8|2|2,5,0;9,10,15;24,25,15;47,48,15;109,110,9;114,115,9;133,134,9;135,141,1;169,170,10
8|3|21,22,15;22,23,16;28,29,17;29,30,9;37,40,0;46,48,14;50,51,9;58,61,6;63,64,10
8|4|2,4,17;6,8,12;18,19,15;37,46,2;57,58,9;63,66,6;88,93,1;98,103,6;105,106,10
8|5|4,6,13;29,32,8;42,43,15;55,58,0;65,72,1;75,76,15;94,95,9;99,100,10
8|6|4,5,9;19,20,15;51,54,0;94,97,6;99,100,10
8|7|18,19,15;34,35,15;35,36,16;39,41,12;54,57,0;83,86,0;100,101,15;101,102,16;137,138,15;147,151,1;157,158,15;174,175,9;179,180,9;185,187,14;200,201,15;205,206,9;210,211,10
8|8|10,11,15;23,25,14;30,31,15;35,36,9;55,56,15;60,62,14;66,67,10
8|9|32,33,15;52,55,0;66,70,7;75,81,1;84,85,15;91,93,12;108,109,10
8|10|15,16,15;45,47,14;51,54,0;59,60,9;81,82,15;82,83,16;83,86,0;105,108,6;109,110,15;121,124,0;125,126,15;145,146,10
8|11|18,19,15;19,20,16;20,23,0;36,42,1;67,72,5;75,76,15;76,77,16;82,84,12;89,91,12;92,98,2;109,113,7;115,116,9;130,133,6;138,140,14;143,144,15;144,145,16;152,153,9;205,206,15;210,212,14;214,215,10
8|12|26,27,15;33,35,12;44,47,0;68,70,17;71,72,15;89,93,17;116,117,15;133,135,17;136,137,15;137,138,16;148,149,15;156,158,17;166,167,15;181,182,15;189,191,17;211,212,10
8|13|2,3,9;12,15,0;22,24,11;28,30,17;31,32,15;50,53,9;58,62,1;70,71,15;89,90,9;95,98,0;99,100,15;115,116,15;122,123,10;123,124,14
8|14|2,3,9;25,28,0;35,36,9;52,53,15;53,54,16;54,57,0;57,58,10
8|15|2,4,13;13,14,15;30,32,13;32,34,17;51,52,15;68,70,17;76,82,6;99,100,15;104,106,14;108,109,10
8|16|4,8,1;27,32,6;38,40,13;58,65,2;103,108,6;110,112,14;115,117,12;127,133,1;136,137,15;153,154,9;161,164,0;178,179,15;185,186,10
8|17|9,11,14;25,26,9;28,31,0;32,33,15;86,87,9;89,92,0;93,94,15;116,118,14;123,124,15;149,151,12;166,169,0;170,171,15;190,191,10
8|18|2,3,9;14,17,0;18,19,15;41,42,15;46,47,9;51,52,10
8|19|2,6,6;17,19,17;24,26,14;29,31,12;38,39,15;54,58,6;58,61,6;64,66,17;79,85,2;96,100,6;106,108,17;113,115,14;120,124,6;133,136,6;156,162,1;180,183,0;184,185,15;197,198,15;208,209,10
8|20|2,4,13;13,14,15;30,32,13;32,34,17;43,45,17;46,47,15;65,66,9;82,84,17;96,99,6;110,111,10
8|21|14,16,17;19,20,15;35,37,17;67,68,10
8|22|4,7,0;14,15,15;15,16,16;21,23,11;29,32,6;33,34,15;41,42,15;42,43,16;46,49,0;50,51,15;60,61,15;82,83,10
8|23|14,15,15;35,42,2;87,89,17;95,100,5;106,107,10
8|24|2,4,13;13,14,15;31,33,17;34,35,15;45,47,17;60,61,16;108,109,15;115,117,13;117,119,17;122,125,0;126,127,15;149,150,15;169,170,9;175,178,0;180,182,13;200,201,10
8|25|2,3,15;9,11,17;19,25,2;34,37,0;38,39,15;55,57,17;60,63,6;68,70,11;74,81,1;81,82,15;88,90,13;90,92,17;95,98,0;99,100,15;115,116,15;122,123,10;123,124,14
8|26|2,3,15;9,11,13;11,13,17;21,24,6;33,39,1;57,58,15;80,84,1;98,99,15;99,100,16;100,103,0;116,117,9;133,137,7;145,146,9;157,162,5;165,166,15;166,167,16;175,176,9;199,200,10
8|27|2,4,13;13,14,15;31,33,17;46,48,17;49,50,15;59,60,15;60,61,16;79,81,13;81,83,17;88,89,9;91,92,9;103,106,6;117,118,10
8|28|2,3,15;9,11,13;11,13,17;16,19,0;21,23,13;30,31,9;46,47,9;61,66,1;68,71,0;72,73,15;82,85,6;87,89,13;92,94,14;101,102,10
8|29|2,4,13;13,14,15;30,32,13;32,34,17;37,41,6;47,49,17;50,51,15;60,62,14;82,88,1;100,103,6;144,145,15;156,157,15;166,167,15;173,174,10
8|30|21,22,15;38,40,17;62,64,14;116,117,15;128,129,15;143,144,15;148,149,9;153,154,10
8|31|33,34,9;46,48,17;51,53,14;73,75,12;97,98,9;100,102,13;112,113,9;115,117,13;123,125,13;130,131,9;137,138,15;147,148,10
8|32|13,15,17;16,17,15;17,18,16;23,26,0;29,33,6;39,40,9;49,50,15;65,68,6;100,106,1;109,110,15;110,111,16;116,118,12;126,127,15;149,150,10
8|33|12,13,15;40,43,6;66,67,15;107,108,10
8|34|34,35,15;65,66,15;77,78,15;99,101,13;101,103,17;112,114,12;118,120,13;136,138,12;142,144,13;152,153,15;170,171,9;173,176,0;202,203,10
8|35|26,29,6;30,31,15;51,53,12;54,59,1;68,75,6;81,83,17;84,85,15;103,106,6;117,118,10
8|36|2,5,0;6,7,15;23,25,17;28,31,6;43,44,9;61,63,17;66,70,6;76,77,15;92,95,6;106,109,0;136,141,6;141,144,0;161,162,15;177,179,13;179,181,17;193,196,0;207,208,10
8|37|10,11,15;18,19,15;34,35,15;35,36,16;49,51,14;56,57,15;75,76,9;89,94,6;104,105,9;112,118,6;120,122,14;128,129,9;138,141,0;148,150,17;152,154,12;164,165,15;169,170,9;174,175,10
8|38|22,24,13;24,26,17;29,33,1;33,36,6;39,41,17;55,60,5;64,66,14;78,82,1;88,90,17;95,97,14;107,110,0;113,114,15;123,124,10
8|39|4,5,9;42,47,1;55,56,15;56,57,16;71,72,9;90,91,15;91,94,6;98,100,17;105,108,0;109,110,15;139,140,10
8|40|4,8,6;15,17,17;20,21,15;27,29,13;29,31,17;34,37,0;38,39,15;53,54,9;68,69,15;89,90,15;90,91,16;91,94,0;96,97,10
8|41|4,5,15;11,13,13;13,15,17;18,21,0;33,38,5;38,42,6;45,50,6;52,55,0;72,73,9;78,79,16;96,97,15;110,111,15;117,118,9;125,126,15;132,133,9;141,142,15;142,144,14;147,148,15;148,149,16;160,164,6;164,167,6;175,178,6;178,182,7;182,183,15;194,196,13;199,202,6;217,219,14;232,233,15;252,253,15;261,262,15;278,279,15;304,309,6;311,312,10
8|42|7,10,6;10,14,7;14,15,15;19,21,14;26,27,15;27,28,16;41,45,7;45,46,15;50,52,14;57,58,15;71,72,15;72,73,16;92,95,6;114,115,3;123,124,15;141,142,15;149,150,9;159,160,9;162,167,2;169,171,14;176,177,15;189,195,6;207,214,2;238,241,8;248,253,1;276,279,8;286,293,1;295,298,0;299,300,15;321,322,10
8|43|17,18,15;45,53,1;63,64,9;77,84,2;103,104,9;117,118,15;131,132,9;134,137,0;138,139,15;158,161,0;163,164,9;171,175,8;182,183,15;183,184,16;189,190,10
8|44|27,28,15;43,45,13;65,71,1;87,89,13;107,109,14;114,115,15;127,133,6;145,153,1;159,160,15;176,177,15;183,184,10
8|45|2,4,13;13,14,15;30,32,13;32,34,17;56,61,6;61,62,15;69,71,17;74,75,15;82,84,17;85,86,15;99,106,2;124,125,10
8|46|10,12,17;13,14,15;32,33,9;44,45,9;50,52,17;64,66,17;92,93,15;99,101,13;101,105,17;108,111,0;112,113,15;125,126,15;126,127,16;130,131,9;135,136,10
8|47|14,16,17;19,20,15;36,38,17;41,45,6;47,48,9;52,56,7;59,65,1;69,71,12;74,75,15;75,76,16;76,79,0;98,102,6;108,109,15;120,121,15;150,151,10;151,152,14
8|48|22,23,15;23,24,16;31,32,9;41,42,9;76,77,15;91,92,15;92,93,16;93,96,0;104,107,0;113,119,2;130,133,0;139,141,12;146,147,15;194,197,0;203,205,12;206,212,1;212,215,6;220,223,0;223,225,13;252,255,0;255,257,13;266,267,15;278,279,15;294,295,15;301,302,10;302,303,14
8|49|13,14,15;20,21,9;31,32,15;54,59,5;72,74,12;78,80,12;99,103,1;119,120,15;131,134,0;135,136,15;155,156,10
8|50|11,14,13;31,32,15;48,52,17;53,54,15;60,62,12;97,99,14;101,102,9;117,119,17;128,129,15;135,136,10;136,137,14
8|51|2,3,9;40,43,0;44,45,15;66,67,9;68,74,2;80,81,10;81,82,14
8|52|30,31,15;42,46,6;46,48,14;64,66,17;75,76,9;79,80,15;100,101,15;126,129,0;130,131,15;144,149,6;155,156,15;162,163,10;163,164,14
8|53|2,3,9;12,15,0;16,17,15;42,49,1;100,102,17;111,114,6;127,130,0;131,132,15;151,152,10
8|54|30,31,15;42,46,6;46,48,14;65,67,17;76,77,9;102,103,9;105,109,7;129,131,14;133,135,13;161,166,6;170,172,17;175,176,9;180,181,10
8|55|2,5,0;12,13,15;13,14,16;19,21,11;27,30,6;31,32,15;39,40,15;56,58,17;78,79,10
8|56|12,13,9;15,16,3;31,34,0;37,40,6;73,78,1;94,95,10
8|57|4,7,0;17,20,0;29,30,15;46,48,14;53,58,5;94,95,10
8|58|4,7,0;16,19,0;22,26,6;39,44,6;44,45,15;46,48,8;74,76,12;83,86,0;87,88,15;107,108,15;112,114,12;118,119,10
8|59|14,17,0;18,19,15;35,37,17;44,46,13;46,48,17;53,56,0;73,74,10
8|60|10,12,17;17,22,5;24,25,15;35,40,5;40,44,6;48,53,1;55,60,2;66,67,15;92,93,9;102,103,15;139,143,6;171,172,15;202,205,6;208,210,17;213,217,6;220,225,6;235,236,15;266,269,6;284,285,10
8|61|6,10,6;15,17,17;20,21,16;31,32,15;32,34,14;63,64,15;75,78,0;80,81,9;87,88,15;88,89,16;98,99,15;105,106,10
8|62|4,8,1;13,15,13;15,17,17;20,24,1;38,41,0;51,52,15;66,67,15;72,74,13;95,96,9;101,102,15;112,113,10
8|63|38,41,6;41,43,14;54,55,15;70,77,1;77,79,13;113,114,9;116,119,0;120,121,15;151,154,0;156,157,9;170,171,10
8|64|2,4,13;13,14,15;14,15,16;15,18,0;33,34,15;48,49,15;64,65,15;75,76,10
8|65|2,4,13;13,14,15;14,15,16;15,18,0;32,33,15;53,54,15;68,72,1;74,79,1;79,82,6;97,98,9;115,117,17;120,122,17;137,141,1;143,148,1;148,151,6;151,156,5;156,158,17;161,166,1;172,174,13;174,176,17;182,189,1;192,193,15;209,211,17;216,219,0;229,235,2;245,246,10
8|66|6,7,9;18,19,15;28,31,6;45,48,0;62,70,6;72,76,1;78,83,1;83,86,6;86,91,5;91,93,17;96,101,6;107,112,1;119,121,17;124,126,17;141,145,1;147,152,1;152,155,6;163,168,1;174,176,13;176,178,17;199,200,15;211,212,15;224,225,15;225,226,16;229,230,9;234,235,10
8|67|22,26,1;36,38,13;69,70,15;99,100,15;100,101,16;112,113,15;128,129,15;164,165,10
8|68|13,14,9;15,21,1;24,25,15;56,58,13;82,83,10
8|69|7,9,17;12,15,0;32,33,9;34,40,6;44,52,1;52,53,15;59,61,17;62,63,15;74,77,0;78,79,15;92,98,2;100,101,10
8|70|2,4,13;13,14,15;14,15,16;15,18,0;33,37,6;37,39,13;49,54,5;57,58,15;66,69,13;72,76,1;83,84,15;112,118,1;132,139,1;139,142,0;142,144,13;154,157,6;182,183,15;196,202,2;204,205,10
8|71|4,8,1;14,16,17;33,35,14;42,44,17;45,46,15;55,59,6;59,61,14;88,89,15;108,109,10
8|72|2,5,0;6,7,15;24,26,17;37,39,17;44,45,9;50,52,17;61,62,9;73,76,6;95,96,15;105,106,15;121,123,17;133,135,13;135,137,17;140,142,17;144,146,12;170,172,12;180,187,1;187,188,15;205,207,17;225,227,17;236,241,5;241,245,1;247,248,9;254,259,5;259,263,6;286,290,17;298,299,15;303,306,6;318,319,15;319,320,16;340,341,15;341,342,16;342,345,0;369,373,8;393,398,5;401,402,9;403,410,1;410,411,15;440,441,10
8|73|2,3,15;19,21,17;41,43,12;78,82,6;87,92,6;94,95,15;112,117,6;119,120,10
8|74|2,3,15;20,22,17;33,35,17;40,41,9;46,48,17;61,62,15;71,72,15;87,89,17;99,101,13;101,103,17;106,108,17;110,112,12;122,123,15;141,150,2;152,157,5;164,169,1;174,179,6;181,182,10
8|75|2,3,15;20,22,17;26,29,8;45,47,17;52,53,9;58,60,17;74,76,17;78,80,12;87,90,6;99,101,17;104,106,17;107,108,15;147,152,6;158,159,9;162,163,15;174,177,0;178,179,15;205,206,10
9|1|4,6,12;9,15,1;18,19,15;37,39,13;46,47,15;58,59,9;61,62,3;65,70,5;73,74,15;84,85,10
9|2|8,10,17;15,16,15;43,48,1;48,49,15;55,57,13;57,59,17;62,65,0;87,88,15;101,104,0;105,106,15;121,122,15;126,127,9;131,132,10
9|3|6,7,9;8,14,1;17,18,15;36,38,13;45,46,15;46,47,16;47,50,0;61,62,15;70,71,15;84,87,0;88,89,15;100,102,12;103,109,1;112,113,15;140,143,9;148,152,6;152,154,14;171,177,2;188,192,6;206,207,15;213,215,13;215,217,17;220,223,0;245,246,15;265,266,15;282,284,17;299,300,10
9|4|7,8,15;19,20,9;22,23,3;26,31,5;34,35,15;51,54,0;62,65,6;79,85,1;94,95,9;100,102,17;119,125,6;129,132,0;132,134,13;134,136,17;182,185,0;186,187,15;202,203,15;212,213,10
9|5|8,9,15;9,12,6;17,18,15;29,30,15;41,42,15;42,44,14;49,51,17;52,53,15;78,79,3;104,105,15;119,120,15;120,122,14;127,129,17;150,157,6;159,163,6;167,169,17;180,182,17;183,184,15;184,185,16;190,191,17;191,192,9;204,206,17;207,208,15;208,209,16;214,215,17;215,216,9;227,229,17;246,249,0;250,251,15;264,270,2;272,273,10
9|6|12,18,1;21,22,15;36,37,15;81,82,9;85,86,15;95,98,0;101,103,14;120,121,9;126,127,9;136,139,0;149,155,2;165,166,10
9|7|40,43,6;44,45,15;56,59,6;69,71,13;79,80,15;91,92,9;94,95,3;103,106,6;107,108,15;119,120,15;138,139,15;145,146,9;149,151,17;161,162,15;172,174,17;186,189,0;190,191,15;206,207,15;216,217,10
9|8|11,15,1;22,24,17;49,51,17;64,70,1;76,79,0;80,87,1;96,100,7;106,107,9;154,155,9;159,160,10
9|9|9,11,17;20,21,9;24,25,15;37,43,6;47,53,6;59,61,17;64,68,6;75,79,13;82,85,0;92,94,12;107,109,17;118,119,10
9|10|33,39,1;45,48,0;49,56,1;58,60,17;62,64,12;74,75,15;85,86,10
9|11|4,8,6;12,14,17;25,27,17;28,29,15;29,30,16;35,36,17;36,37,9;49,51,17;52,53,15;53,54,16;59,60,17;60,61,9;72,73,9;84,85,15;85,86,16;107,108,15;114,115,9;125,130,1;136,137,10
9|12|4,9,1;13,15,13;15,17,17;24,25,9;29,34,5;35,38,8;64,66,17;85,86,9;90,92,13;92,94,17;99,102,0;105,106,15;119,122,0;129,131,13;138,139,9;163,166,6;168,169,10
9|13|10,11,9;24,31,1;35,37,13;37,39,17;46,47,9;58,61,0;62,64,17;77,78,15;78,79,16;92,96,7;145,146,15;163,167,6;178,182,6;182,185,6;185,190,5;196,197,10
9|14|2,3,9;20,22,14;27,28,15;66,69,6;109,115,1;121,122,10
9|15|8,10,14;42,43,15;59,63,1;65,67,12;74,75,15;94,95,10
9|16|9,11,14;18,22,6;29,31,17;36,39,0;50,51,15;58,59,15;70,71,9;76,78,17;81,84,6;104,106,17;109,113,6;117,118,15;140,141,9;148,149,15;171,178,1;178,179,15;192,196,8;209,210,10
9|17|28,32,1;39,41,17;46,47,9;52,53,15;62,63,9;75,78,13;81,84,6;88,92,7;92,93,15;106,108,17;110,112,12;132,133,9;146,147,15;147,148,16;148,151,0;162,163,9;167,168,10
9|18|2,5,0;22,23,9;28,29,15;51,52,15;61,62,15;71,72,15;98,99,17;99,100,9;119,120,17;120,121,9;161,164,13;167,169,17;171,173,12;180,184,1;190,192,17;209,210,10
9|19|25,26,15;30,32,11;48,49,15;60,61,15;88,89,15;98,99,15;108,109,15;122,123,9;162,163,9;168,171,6;219,220,9;224,225,10
9|20|18,20,17;31,33,17;38,39,9;44,46,17;59,60,15;75,76,9;87,90,6;117,120,6;121,122,15;135,137,17;139,141,12;151,152,15;156,158,12;162,163,10
9|21|21,25,7;32,38,1;51,52,9;53,58,1;60,63,0;63,64,9;65,71,2;89,95,1;97,98,10
9|22|2,3,9;16,18,13;31,34,0;35,36,15;45,48,6;50,52,13;55,57,14;64,65,10
9|23|2,4,13;13,14,15;31,33,17;47,49,13;49,51,17;57,59,12;74,75,9;90,92,12;100,101,15;111,113,17;114,115,15;130,131,15;138,139,9;148,152,1;161,166,5;166,169,6;176,178,17;180,182,12;192,193,15;193,194,16;197,198,9;202,203,10
9|24|7,11,6;20,22,12;33,35,14;37,39,12;54,55,9;70,71,9;102,103,9;106,107,15;107,109,14;130,131,9;134,139,6;165,166,9;183,185,13;202,207,5;210,211,15;229,230,9;239,244,6;255,256,9;269,271,17;289,290,15;307,308,9;313,314,15;333,334,15;343,344,15;348,349,9;353,354,10
9|25|4,6,14;18,19,15;48,55,1;122,125,6;134,140,1;159,160,15;186,189,0;199,204,5;204,206,14;210,211,10
9|26|2,5,0;8,11,6;14,15,15;33,34,9;51,52,9;61,62,15;80,83,6;92,99,2;122,123,15;139,141,17;148,149,9;158,160,12;163,164,15;168,169,9;173,174,10
9|27|2,5,0;14,15,15;25,28,8;36,37,9;51,55,1;57,59,12;66,67,15;80,86,2;88,89,10
9|28|2,4,13;13,14,15;30,32,13;32,34,17;37,40,0;44,45,15;64,69,6;75,77,14;82,84,17;85,86,15;97,98,15;127,128,9;157,162,6;181,182,15;191,195,6;201,203,13;206,210,6;210,212,12;219,222,0;223,224,15;243,244,10
9|29|2,3,9;8,10,17;11,12,15;39,40,15;55,56,15;65,66,15;125,126,9;180,182,17;190,191,9;209,211,17;226,230,1;231,236,1;243,244,9;248,249,10
9|30|10,11,15;30,31,15;31,33,14;36,37,15;54,55,15;55,56,16;56,59,0;61,62,9;66,67,15;77,78,15;78,80,14;83,84,15;95,96,9;109,113,7;119,120,9;133,134,9;150,151,15;167,169,17;172,176,6;176,178,14;185,186,9;195,196,15;207,210,0;221,222,10
9|31|8,10,13;10,12,17;35,36,9;51,58,1;58,62,6;66,67,15;76,77,15;87,88,15;88,90,14;106,108,13;115,117,13;117,119,17;137,139,13;139,141,17;146,147,9;148,154,1;154,155,9;158,167,2;167,169,13;174,175,9;194,196,14;198,199,9;203,204,9;207,210,0;220,221,10
9|32|13,17,1;17,19,14;25,27,17;34,35,15;50,51,9;68,69,15;81,83,13;86,90,1;92,95,0;103,104,9;119,120,15;124,125,9;129,130,10
9|33|5,6,15;11,13,13;32,33,9;36,37,15;54,55,15;75,76,9;83,84,15;84,85,16;99,100,9;115,116,15;126,127,10
9|34|4,6,13;15,16,15;32,34,13;34,36,17;39,42,0;49,56,1;59,60,15;74,75,15;75,76,16;107,108,9;111,112,15;112,113,16;113,116,0;122,123,15;127,128,9;148,152,6;158,159,15;170,171,15;192,193,15;193,194,16;204,205,15;223,226,6;247,248,15;266,270,7;282,283,10
9|35|40,43,0;107,108,9;131,134,6;149,151,17;158,161,6;172,173,10
9|36|2,5,0;14,15,15;15,16,16;27,30,6;31,32,15;39,40,15;58,64,6;70,71,9;74,75,15;96,97,15;97,98,16;103,104,9;106,107,9;112,113,15;128,130,13;147,154,6;154,155,9;160,161,15;161,162,16;169,170,15;197,199,17;205,208,0;211,214,6;227,228,9;233,235,17;236,237,15;253,255,11;259,264,6;272,273,9;287,289,11;293,300,1;300,301,15;307,309,13;309,311,17;314,317,0;318,319,15;331,332,15;341,342,10
9|37|2,5,0;9,10,15;10,11,16;11,14,0;16,18,12;29,34,6;36,37,15;61,62,15;78,80,17;93,94,9;99,105,1;119,120,9;125,132,2;143,145,17;166,167,15;184,186,17;199,200,15;226,228,12;237,238,9;249,250,15;269,270,15;279,280,15;284,285,9;289,290,10
9|38|2,4,13;13,14,15;31,33,17;64,65,15;65,68,6;71,73,17;86,87,15;94,95,15;114,115,15;135,139,7;139,140,15;146,147,17;147,148,9;151,152,15;152,153,16;167,168,15;191,192,9;202,203,17;203,204,9;245,246,10
9|39|9,12,6;15,17,17;25,27,14;47,53,1;59,61,14;108,116,1;116,117,15;142,147,6;149,150,10
9|40|9,12,6;22,24,14;34,35,15;58,59,15;75,77,17;86,87,15;111,112,15;137,138,9;144,145,9;161,164,0;165,166,15;187,190,6;193,194,15;212,213,9;234,235,9;244,250,2;281,282,15;298,300,17;301,302,15;302,303,16;326,327,15;339,340,15;354,355,15;374,375,10
9|41|1,4,6;7,9,17;16,22,1;28,34,1;36,37,9;42,44,17;53,54,9;65,68,6;87,88,15;99,100,9;112,118,2;125,129,6;129,132,6;143,144,10
9|42|16,22,6;26,32,1;37,43,6;47,54,2;54,55,15;70,71,9;74,77,8;96,97,15;97,98,16;127,128,15;140,141,15;159,161,14;188,191,6;200,201,15;219,222,0;231,232,9;236,237,10
9|43|6,7,15;16,19,6;29,32,6;65,66,15;82,84,17;96,97,15;101,102,9;106,107,10
9|44|20,21,15;44,45,15;54,55,15;64,65,15;76,80,1;82,83,9;88,90,17;99,100,9;111,114,6;139,143,8;154,155,10
9|45|2,5,0;25,26,15;53,54,15;63,64,15;73,74,15;141,142,10
9|46|17,19,17;20,21,15;41,43,17;48,49,9;56,61,1;63,64,9;66,70,6;75,76,15;83,84,15;85,87,8;120,121,15;121,123,14;128,130,17;136,137,15;141,142,9;146,147,10
9|47|12,14,17;20,25,5;51,57,1;68,70,17;75,76,9;85,87,14;97,98,15;121,124,0;124,125,9;142,143,15;156,160,8;161,162,15;162,163,16;166,167,9;171,172,10
9|48|7,8,15;8,10,14;16,18,17;19,20,15;33,37,6;37,39,14;52,54,17;60,61,15;81,83,12;86,87,15;111,112,15;128,129,9;133,134,10
9|49|8,13,5;13,17,1;23,24,15;28,33,2;47,50,0;50,52,13;65,66,15;84,88,17;93,96,0;101,104,0;117,121,8;122,123,15;127,128,9;132,133,10
9|50|2,6,6;8,10,14;20,25,6;40,44,6;46,48,14;59,64,1;70,72,17;75,77,14;86,88,13;101,105,6;105,107,14;122,124,17;139,140,10
9|51|7,11,1;18,20,13;39,40,15;65,66,9;80,81,15;104,105,15;115,116,10
9|52|27,29,13;35,37,13;46,47,15;94,98,1;108,109,15;124,130,1;135,138,6;140,142,13;174,176,13;176,178,17;181,184,0;192,197,5;206,207,10
9|53|7,10,6;13,15,17;34,41,2;41,45,1;57,60,6;67,70,0;77,80,6;88,94,6;94,95,9;99,100,10
9|54|19,23,6;23,25,14;45,46,9;58,60,13;63,66,0;78,80,17;83,84,15;104,105,9;122,123,15;123,124,16;129,130,17;130,131,9;166,169,6;191,192,9;196,197,10
9|55|12,14,14;23,24,9;35,37,13;44,45,9;56,59,0;71,72,15;92,96,7;104,105,15;111,112,17;112,113,9;116,117,15;117,118,16;140,143,6;159,160,9;164,165,10
9|56|16,17,15;26,29,0;38,41,6;52,57,5;57,60,6;67,68,9;70,73,0;83,88,1;94,95,10
9|57|35,36,9;38,39,9;55,62,2;69,71,17;90,92,14;96,97,10
9|58|8,13,5;13,17,1;30,31,15;31,32,16;39,40,9;57,59,17;73,75,17;80,85,2;96,98,17;105,107,13;127,128,10
9|59|9,12,0;22,24,17;27,29,13;36,37,9;42,43,15;61,62,9;71,73,17;84,85,15;105,106,15;115,119,6;125,126,9;138,140,13;143,146,0;146,148,13;155,156,15;165,166,9;170,171,10
9|60|4,7,0;11,12,15;12,13,16;20,21,9;34,36,12;41,42,15;48,49,9;57,58,15;62,63,9;83,84,15;116,117,15;117,118,16;129,130,15;134,135,9;157,158,15;167,168,15;168,170,14;173,174,15;174,175,16;194,200,1;203,204,15;215,216,15;235,236,10
9|61|11,12,15;31,32,15;32,33,16;33,36,0;65,72,6;87,93,2;109,110,15;153,159,2;176,178,17;181,184,6;191,192,15;219,220,15;246,247,10
9|62|14,15,15;45,46,15;64,66,13;77,81,1;91,95,6;99,101,17;110,111,10
9|63|15,17,13;17,19,17;22,25,0;27,28,9;31,35,1;43,44,15;62,63,9;68,71,0;76,77,9;88,91,0;96,97,9;100,106,6;115,116,9;121,122,15;131,132,15;138,139,10
9|64|9,10,15;16,17,9;27,31,6;56,61,6;70,74,7;101,102,15;112,114,13;114,116,17;119,122,0;123,124,15;138,144,1;154,155,10
9|65|6,10,6;30,33,0;36,39,0;45,48,0;80,81,15;95,96,9;100,101,9;113,114,9;117,120,6;135,136,10
9|66|15,17,17;20,22,14;31,35,7;45,46,9;57,62,1;69,73,6;73,75,12;80,86,1;86,89,6;99,101,14;104,106,12;111,115,8;118,121,0;132,134,17;137,139,14;143,144,10
9|67|7,8,9;18,19,15;25,26,9;30,31,9;42,47,5;48,51,8;55,62,1;74,75,15;79,82,6;103,104,15;120,122,14;150,152,17;153,154,15;178,181,0;182,183,15;189,190,9;203,204,15;208,209,9;213,214,10
9|68|7,8,15;15,16,15;22,23,9;33,34,15;40,41,9;45,46,9;51,52,15;73,76,0;81,82,9;130,131,15;155,161,1;163,164,10
9|69|2,3,15;14,18,6;18,20,14;32,34,13;34,36,17;47,50,6;59,64,1;79,80,9;81,87,1;93,94,9;95,101,6;101,102,15;113,115,17;122,123,9;132,133,15;145,149,7;153,154,9;167,168,15;179,180,15;191,195,6;195,197,14;201,205,7;209,210,9;230,231,15;243,245,13;245,247,17;252,254,17;256,258,12;278,279,9;290,291,15;291,292,16;303,304,15;321,323,17;325,327,12;342,343,9;347,348,10
9|70|25,26,15;37,41,6;41,43,14;61,66,1;70,75,1;94,96,14;98,99,9;113,114,9;119,121,14;128,129,15;141,142,9;166,170,7;170,171,15;180,181,9;198,199,15;225,226,9;228,232,6;235,237,13;237,239,17;242,245,6;260,261,10
9|71|2,3,15;19,20,15;30,31,9;53,55,12;63,70,1;82,83,15;113,114,15;118,121,6;137,138,15;138,139,16;144,145,17;145,146,9;161,162,15;162,163,16;168,169,17;169,170,9;186,187,15;205,207,13;212,214,17;216,218,12;238,239,15;250,253,0;254,255,15;274,275,10
9|72|7,8,15;15,16,15;32,33,15;43,44,9;49,52,0;52,53,9;54,59,6;59,61,14;67,71,6;79,80,15;88,89,9;94,95,9;116,117,9;130,135,6;139,142,0;142,143,9;148,150,14;151,158,1;164,165,9;166,172,1;175,176,15;196,197,9;207,208,15;217,218,15;224,225,10
9|73|2,4,13;13,14,15;14,15,16;15,18,0;26,27,9;32,33,15;46,47,15;53,54,9;64,65,15;94,95,9;104,107,0;121,122,15;128,129,10
9|74|14,15,15;32,34,17;41,43,14;50,52,17;62,63,15;81,83,17;97,98,9;109,112,0;113,115,17;135,137,17;152,154,13;154,156,17;162,164,13;177,178,9;183,184,15;202,203,9;206,210,6;216,217,9;224,228,1;234,236,17;247,254,2;265,269,1;278,280,17;288,290,14;295,296,15;318,324,6;326,327,15;327,328,16;339,340,15;382,386,1;390,395,1;403,404,10
9|75|10,15,5;20,21,9;26,27,15;47,48,9;54,58,6;64,65,9;78,81,0;93,96,0;102,103,15;103,104,16;107,108,9;112,113,10
9|76|4,7,0;7,9,13;16,17,9;19,24,5;24,28,6;34,35,9;43,45,17;50,51,9;62,64,17;70,75,5;81,82,10
9|77|21,27,6;67,68,9;73,75,13;85,87,17;88,89,15;124,126,17;135,136,10
9|78|15,17,13;17,19,17;22,25,0;26,27,15;57,59,14;62,63,9;72,75,0;76,77,15;89,90,9;93,94,15;100,101,10;101,102,14
9|79|22,23,15;44,45,15;63,64,15;64,65,16;72,73,9;78,79,15;152,153,15;190,191,10
9|80|50,54,6;74,76,14;88,93,6;95,99,1;106,107,15;125,126,9;135,138,0;150,152,17;155,156,15;174,175,9;180,181,15;200,201,15;210,211,15;215,216,9;220,221,10
9|81|7,8,15;27,29,14;42,43,9;54,55,15;70,72,13;72,74,17;77,81,1;83,84,9;89,91,17;100,101,9;112,115,6;134,135,15;150,152,17;159,162,6;165,167,17;172,173,15;198,201,0;216,225,2;234,236,17;245,246,10
9|82|13,15,17;22,28,1;32,34,14;37,39,17;46,52,6;54,56,12;57,61,8;72,74,17;83,84,10
9|83|4,9,2;16,17,15;33,35,12;40,46,1;55,56,15;92,96,6;103,105,17;118,124,1;126,130,6;132,133,9;138,140,17;161,164,0;176,180,7;180,181,15;205,210,6;210,211,15;211,213,14;218,220,17;226,227,15;231,232,9;236,237,10
9|84|18,21,13;27,33,1;37,42,5;51,57,1;77,79,14;83,87,13;90,93,0;105,107,17;110,111,15;129,130,9;139,141,17;151,152,9;156,157,10
9|85|12,14,14;23,24,9;39,40,9;51,54,0;66,67,15;76,80,1;89,93,7;101,102,15;102,103,16;125,128,6;144,145,9;149,150,10
9|86|6,8,13;11,14,6;40,42,17;45,46,15;57,58,9;63,65,17;81,82,15;98,100,17;103,105,17;106,107,15;107,108,16;133,135,17;148,153,1;156,157,15;161,162,9;166,167,10
9|87|5,7,17;12,16,1;22,24,17;30,31,15;90,91,10
9|88|2,3,9;8,9,15;9,10,16;21,22,15;39,41,17;48,49,9;52,53,9;58,60,17;69,70,9;81,84,6;97,99,17;101,103,12;115,116,15;124,125,9;134,136,17;138,140,12;150,151,15;161,162,10
9|89|8,9,15;25,28,0;28,29,9;30,35,6;35,37,14;43,47,6;55,56,15;64,65,9;70,71,9;90,91,9;96,97,15;106,107,15;113,114,10
9|90|4,6,12;9,10,15;30,31,15;70,71,15;87,89,17;90,91,15;109,110,9;123,124,15;140,142,17;164,165,10
9|91|14,15,15;15,16,16;23,25,12;40,41,15;64,65,15;94,97,6;123,125,17;145,146,9;159,160,15;176,180,6;184,191,1;191,192,15;205,211,2;213,214,10
9|92|12,13,15;30,32,13;66,68,13;78,80,13;111,113,17;143,144,15;144,145,16;175,177,17;184,187,6;189,190,10
9|93|4,7,0;11,12,15;12,13,16;28,29,15;72,74,12;84,86,17;91,95,1;101,103,17;109,110,15;131,132,15;177,178,10
9|94|75,77,17;80,85,1;101,103,14;115,116,15;154,155,15;184,185,9;188,191,0;212,213,9;218,219,15;230,231,15;231,232,16;237,238,9;256,260,7;266,269,6;280,281,10
9|95|16,17,15;37,38,15;38,41,6;43,45,14;72,74,17;97,99,17;113,116,0;123,125,14;126,133,1;140,141,9;150,153,0;160,162,12;163,167,8;178,180,17;189,190,10
9|96|29,31,17;47,51,6;57,59,17;73,76,0;77,78,15;103,104,15;113,114,15;118,119,9;123,124,10
9|97|26,32,1;38,44,1;46,48,14;69,71,17;82,84,13;87,90,6;93,94,15;117,118,9;123,124,15;143,144,10
9|98|7,8,15;22,26,1;40,43,6;53,59,1;78,79,15;79,80,16;85,87,12;107,109,12;116,117,15;117,118,16;130,131,15;150,151,10
9|99|7,8,15;22,26,1;35,36,15;45,46,15;55,56,15;83,86,6;95,96,9;101,104,6;121,122,9;142,144,13;147,150,0;161,167,2;178,180,14;211,213,13;218,221,0;236,242,2;244,245,10
9|100|2,3,15;3,4,16;7,8,9;16,17,15;35,36,15;42,43,9;53,54,15;58,61,6;67,68,15;77,78,15;88,92,7;98,99,9;100,106,2;111,112,15;135,137,17;164,167,0;167,168,9;169,174,6;174,176,14;190,191,15;199,200,9;205,206,9;219,221,13;227,235,6;235,236,9;241,242,15;251,252,15;258,259,10
9|101|4,7,0;18,23,5;26,27,15;43,44,9;68,69,15;90,92,17;99,100,15;100,101,16;101,104,0;164,169,5;181,184,0;215,216,10
9|102|13,14,15;23,25,17;47,49,17;55,61,6;61,62,9;65,71,1;94,95,15;104,108,1;129,132,0;133,134,15;147,153,2;155,156,10
9|103|16,17,9;31,36,6;60,64,7;91,94,0;99,100,17;100,101,9;111,117,2;126,127,15;146,147,10
9|104|15,17,13;17,19,17;22,25,0;26,27,15;41,43,14;48,49,15;49,50,16;74,75,9;87,88,15;88,89,16;96,97,9;104,107,0;108,109,15;121,122,15;122,123,16;133,134,15;134,135,16;140,141,10
9|105|7,8,15;15,17,17;28,29,15;58,59,9;62,63,15;103,104,9;109,110,15;121,122,15;122,123,16;128,129,9;147,151,7;157,160,6;171,172,10
9|106|33,34,15;43,46,0;66,69,0;94,95,15;114,115,10
9|107|2,3,15;12,13,15;21,23,17;31,37,6;41,47,1;52,58,1;66,71,8;77,78,15;102,109,2;122,123,15;141,142,9;145,149,6;149,151,14;168,171,0;181,183,14;185,187,13;195,196,15;211,212,15;230,233,0;242,243,9;247,248,10
9|108|22,31,2;54,55,15;55,56,16;59,61,14;96,100,6;126,131,1;142,146,1;156,160,17;163,164,15;179,180,15;192,193,10
9|109|23,24,9;28,29,9;39,41,14;51,52,15;67,68,9;80,85,5;102,103,9;107,108,9;133,138,6;138,139,15;151,152,9;167,170,0;177,178,15;197,198,15;207,208,15;208,209,16;212,213,9;217,218,10
9|110|18,19,9;26,27,15;40,42,17;49,54,6;73,75,13;78,82,6;106,107,15;126,127,10
9|111|4,7,0;8,9,15;16,17,15;31,32,15;48,51,6;66,67,9;71,75,7;77,80,0;88,89,15;93,96,0;105,106,9;126,127,15;138,140,14;152,154,14;185,191,6;193,194,15;194,195,16;203,204,9;209,210,15;214,217,6;223,224,15;264,265,9;271,272,15;283,284,15;288,290,14;295,297,17;311,312,15;328,332,7;334,335,9;342,343,9;353,354,15;363,364,15;370,371,10
9|112|1,2,16;5,7,12;15,16,15;20,21,9;29,30,15;34,35,9;43,44,15;44,45,16;48,50,12;58,59,15;59,60,16;63,64,9;72,73,15;73,74,16;77,78,9;86,87,15;118,121,0;138,141,6;151,152,9;201,202,10
9|113|12,13,16;13,16,0;24,25,15;41,43,13;43,45,17;48,52,1;63,65,17;94,96,13;96,98,17;101,103,17;119,122,8;151,154,0;165,166,9;169,170,15;176,177,10
9|114|12,13,15;27,29,14;31,32,9;57,62,1;69,74,1;80,82,13;96,99,0;115,117,13;120,123,0;125,126,9;133,139,2;166,169,0;172,174,14;176,177,9;190,191,9;198,199,10
9|115|12,13,15;35,40,8;56,57,9;84,89,5;106,109,0;110,111,15;137,138,10
9|116|2,5,0;6,7,15;18,19,9;27,28,15;28,29,16;34,35,9;37,38,9;43,44,15;61,62,9;85,90,5;90,94,6;98,99,15;108,112,1;116,121,1;129,130,10
9|117|5,6,3;14,15,15;28,29,15;29,30,16;30,33,0;41,42,15;48,49,9;59,60,15;64,67,6;71,72,15;81,82,15;105,106,15;120,123,8;161,167,1;176,179,0;201,204,0;206,207,9;221,227,2;229,230,10
9|118|8,9,15;9,10,16;15,16,9;21,22,15;39,41,17;47,50,13;76,77,15;124,127,6;138,141,0;141,143,13;143,145,17;148,153,2;169,170,15;182,184,13;196,199,0;226,228,13;228,230,17;235,238,0;239,240,15;252,253,15;253,254,16;264,265,15;265,266,16;271,272,10
9|119|2,4,13;13,14,15;31,33,17;34,35,15;41,43,17;44,45,15;60,62,17;68,69,15;69,70,16;73,74,9;78,79,10
9|120|19,20,15;47,52,5;55,56,15;70,74,1;84,86,17;89,94,2;100,101,15;123,125,17;130,133,6;142,147,1;153,154,9;159,160,9;169,172,0;198,203,1;212,217,1;230,235,6;245,246,15;277,283,1;289,290,15;329,335,1;359,363,7;365,366,9;372,377,6;377,378,9;387,390,0;391,392,15;413,415,14;418,419,15;429,430,10
9|121|8,11,6;24,29,6;35,40,1;52,57,1;63,65,14;107,109,14;118,119,15;145,147,17;156,157,10
9|122|14,15,15;33,36,6;39,41,17;44,46,11;50,57,6;74,78,6;89,95,1;104,106,12;111,117,2;129,131,17;136,137,15;137,138,16;151,154,6;157,159,17;183,185,13;185,187,17;219,220,10
9|123|2,4,13;13,14,15;31,33,17;36,37,9;42,44,17;45,46,15;64,69,5;72,73,15;95,97,17;113,120,1;120,121,15;127,129,13;129,131,17;134,137,0;138,139,15;151,152,15;161,162,10
9|124|10,12,13;15,18,6;29,34,6;40,45,5;45,49,1;77,78,9;82,84,13;90,91,9;92,100,6;102,105,0;107,108,15;125,127,17;147,148,9;149,155,1;166,168,14;172,173,10
9|125|4,7,0;9,10,15;32,37,5;40,45,6;59,61,14;74,76,14;91,93,17;103,104,9;108,109,10
9|126|19,22,0;53,59,1;84,87,0;124,125,10
9|127|10,12,13;15,18,6;29,35,1;75,76,9;78,83,5;91,96,6;96,99,0;100,101,15;101,104,6;109,113,17;121,122,15;138,142,7;144,147,0;157,163,2;173,174,10
9|128|4,6,14;9,11,12;24,30,1;35,38,6;92,96,7;96,97,15;117,123,2;125,126,10
9|129|4,8,6;15,17,17;34,35,15;44,46,13;51,52,9;105,106,15;115,116,15;122,123,10
10|1|1,3,11;19,20,9;23,24,15;30,31,9;34,35,15;41,42,10
10|2|10,11,16;11,14,0;41,43,13;56,62,1;76,79,6;82,83,15;83,84,16;84,87,0;101,102,15;118,120,13;120,122,17;125,128,0;145,147,14;152,155,6;174,175,15;179,180,9;190,193,0;196,197,9;205,206,9;209,215,1;217,218,10
10|3|2,5,0;16,17,15;24,25,15;39,40,15;40,41,16;46,47,9;49,50,9;55,56,15;84,89,6;89,92,0;93,94,15;109,110,15;131,132,15;149,153,6;169,172,8;186,187,9;192,193,9;200,201,15;220,221,15;250,251,10
10|4|28,36,1;41,42,15;60,63,0;65,66,9;69,71,14;75,77,17;78,79,15;90,93,0;103,104,9;109,111,14;116,117,15;134,136,17;146,148,17;149,150,15;150,151,16;154,155,9;159,160,9;165,166,15;179,180,15;196,198,17;212,218,1;227,232,1;246,250,8;261,263,17;272,273,10
10|5|5,6,15;20,21,15;21,22,16;34,36,12;37,42,1;42,43,15;56,62,1;71,72,9;94,96,17;104,105,15;105,106,16;117,118,15;141,142,15;151,152,9;166,167,15;187,188,15;194,195,9;205,210,1;216,217,10
10|6|2,5,0;10,11,15;17,18,9;21,22,15;32,33,15;33,34,16;34,37,0;56,57,15;68,69,15;69,70,16;75,76,9;78,79,9;84,85,15;100,101,9;102,108,2;113,118,1;123,124,10
10|7|2,5,0;6,7,15;34,36,12;49,51,17;54,55,15;61,62,17;62,63,9;66,67,15;67,68,16;79,80,15;80,82,14;86,89,0;90,92,17;101,102,15;126,127,9;135,136,9;140,141,10
10|8|2,4,17;6,8,12;20,21,9;26,27,15;27,28,16;28,31,0;47,49,17;58,59,10
10|9|2,5,0;6,7,15;24,26,17;36,38,17;39,40,15;40,41,16;44,45,9;49,50,9;72,76,7;81,82,9;93,95,14;101,105,6;114,115,15;123,124,9;133,136,0;136,137,9;140,141,15;141,142,16;142,145,0;147,148,10
10|10|7,8,9;22,24,14;26,27,9;32,33,15;33,34,16;39,42,0;70,71,9;72,79,1;94,95,9;105,106,15;129,130,15;134,135,9;139,140,10
10|11|19,20,15;29,30,16;30,33,0;37,38,15;38,39,16;46,47,15;60,64,7;64,65,15;116,117,15;144,146,12;162,163,9;178,179,10
10|12|14,15,15;19,22,6;22,23,9;26,27,15;27,28,16;49,51,8;54,56,13;78,80,12;83,89,6;91,94,0;120,121,9;132,137,2;142,144,14;148,150,13;162,168,1;173,176,9;181,182,9;221,223,17;232,233,10
10|13|6,8,14;21,22,15;34,38,6;38,40,14;49,52,0;61,65,17;70,72,12;89,93,7;93,94,15;103,104,9;119,121,17;133,135,17;142,143,9;150,152,14;156,157,15;166,167,15;171,173,14;177,178,10
10|14|2,5,0;14,15,9;24,26,12;35,36,15;48,51,8;65,68,6;86,87,10
10|15|47,48,9;49,56,6;60,61,15;88,90,12;96,97,15;123,124,9;126,128,13;165,167,13;184,185,9;188,192,6;196,198,12;207,209,13;243,246,13;259,262,0;262,264,13;313,314,10
10|16|12,14,12;17,18,15;39,40,9;56,58,13;61,63,14;66,67,9;69,73,7;75,76,9;83,85,14;108,115,1;115,119,6;119,121,14;125,129,13;146,147,10
10|17|18,21,0;24,25,15;40,41,15;77,78,9;82,84,13;89,92,0;94,95,9;109,110,15;114,116,14;120,121,10
10|18|16,20,6;24,25,15;60,63,6;85,87,12;91,93,12;102,104,12;112,115,6;116,117,15;147,148,15;178,179,15;179,180,16;185,186,9;188,189,9;202,203,15;216,218,14;220,221,9;225,226,9;233,234,9;241,244,0;254,255,10
10|19|12,13,15;13,14,16;14,17,0;26,28,13;31,34,0;35,40,1;40,41,9;46,51,6;51,52,15;61,65,17;83,88,6;97,102,2;151,152,10
10|20|19,21,13;24,27,6;45,51,1;51,56,2;61,64,9;74,77,0;81,82,15;101,102,15;102,105,6;109,111,13;111,113,17;116,119,0;127,132,5;135,136,15;140,143,6;147,148,10
10|21|6,8,13;13,15,14;19,20,15;20,21,16;21,24,0;35,41,1;42,45,8;56,58,12;83,88,5;91,96,6;96,98,13;118,119,15;147,150,0;185,186,10
10|22|5,6,15;31,32,15;42,43,15;59,62,13;71,74,6;81,82,15;106,110,7;114,119,6;125,130,1;137,139,17;148,150,12;170,175,1;177,179,12;186,187,15;198,202,6;212,217,1;219,222,0;222,224,13;224,226,17;229,232,0;260,262,17;263,264,15;288,289,15;289,290,16;306,309,6;324,325,9;329,330,9;340,343,0;349,350,15;350,351,16;354,355,9;359,360,10
10|23|4,7,0;7,9,13;12,15,6;16,17,9;35,37,14;47,48,15;66,67,15;79,81,13;90,91,15;91,92,16;92,95,0;101,104,0;123,126,13;129,132,6;136,143,5;145,146,9;149,150,15;156,157,17;157,158,9;161,162,15;162,163,16;176,179,0;216,220,7;226,229,6;240,241,10
10|24|2,5,0;16,17,15;23,24,17;24,25,9;28,29,15;29,30,16;43,45,12;50,53,6;57,58,9;66,67,15;67,68,16;73,75,12;80,81,15;94,95,9;104,105,15;116,119,0;130,131,15;131,132,16;132,135,0;141,142,15;150,151,9;159,162,13;167,169,13;179,180,15;203,204,15;219,222,0;231,233,13;236,239,0;246,247,9;263,265,13;271,272,9;274,276,13;306,312,6;320,321,9;331,337,6;339,344,2;356,357,15;372,373,9;388,389,15;395,396,9;406,411,1;420,421,10
10|25|2,3,15;12,14,14;16,18,13;18,20,17;34,35,15;35,36,16;41,42,9;57,61,1;63,65,12;79,80,9;81,87,1;93,94,10
10|26|23,25,17;26,27,15;48,55,1;85,90,1;106,108,17;110,112,12;123,124,9;127,128,15;132,135,0;154,155,9;159,160,10
10|27|2,3,15;19,21,17;22,23,15;23,24,16;41,43,12;54,58,8;90,98,1;104,109,5;112,113,15;131,138,6;140,143,0;145,147,13;176,183,1;186,187,15;209,211,17;213,215,12;226,227,9;230,231,15;231,232,16;232,235,0;255,256,9;260,261,10
10|28|28,34,6;34,37,0;66,68,17;83,86,6;97,99,12;148,150,12;154,159,5;163,166,6;187,188,10
10|29|11,12,15;25,30,8;54,58,6;58,61,0;86,87,9;91,92,10
10|30|12,14,14;17,19,17;31,37,1;37,39,13;60,62,13;62,64,17;71,72,15;86,87,9;92,93,15;117,122,5;130,132,17;141,142,10
10|31|7,11,1;19,24,5;27,28,15;28,29,16;34,36,12;41,42,15;53,56,0;56,60,1;67,68,15;68,69,16;79,80,15;84,86,14;88,89,9;96,100,1;107,108,15;121,122,15;143,144,15;159,160,15;172,176,1;184,185,15;211,212,15;243,244,10
10|32|4,5,9;12,13,15;30,31,15;57,58,15;73,74,15;74,75,16;80,81,9;90,93,0;104,105,10
10|33|4,5,9;41,42,15;57,59,13;59,61,17;64,67,0;84,85,10
10|34|12,16,6;20,22,12;26,31,5;31,35,1;35,37,14;41,43,17;44,45,15;56,59,0;69,70,9;78,79,15;88,90,14;94,96,17;97,98,15;109,112,0;122,123,9;130,133,0;144,145,10
10|35|12,16,6;20,22,12;26,31,5;31,35,1;39,41,13;48,49,15;64,65,15;98,102,1;106,108,13;115,116,15;134,138,1;148,151,0;151,156,2;165,167,13;173,175,13;178,182,1;219,220,10
10|36|38,41,0;47,50,0;51,52,15;52,53,16;56,59,0;77,78,15;99,102,0;103,104,15;117,121,8;134,135,10
10|37|14,15,9;19,20,15;34,38,1;49,53,6;57,58,15;69,70,9;72,76,6;84,85,15;120,121,15;127,128,9;150,155,2;159,160,15;164,165,9;169,170,10
10|38|16,17,15;24,25,9;42,44,17;53,59,1;65,66,9;69,70,15;70,72,14;75,77,17;83,84,15;94,99,5;99,103,6;107,108,15;117,121,6;121,124,6;129,130,9;134,135,10
10|39|13,15,17;35,37,17;48,49,9;54,57,0;81,82,9;89,90,9;103,104,15;115,119,6;119,121,14;132,133,15;133,136,6;154,155,9;162,163,15;163,164,16;167,168,9;172,173,10
10|40|8,13,5;13,17,1;28,29,9;38,43,5;43,48,2;63,64,9;88,89,15;99,100,10
10|41|4,8,6;60,63,6;63,67,7;69,71,12;80,83,0;83,85,13;108,110,12;111,117,1;117,120,0;130,131,10
10|42|8,13,5;13,17,1;46,49,6;59,60,15;60,61,16;64,67,0;81,83,17;96,97,10
10|43|8,13,5;13,17,1;17,20,6;40,43,6;52,53,15;75,77,17;84,86,14;90,91,10
10|44|2,5,0;6,7,15;27,28,15;28,29,16;29,32,0;42,48,1;50,51,9;53,56,0;57,58,15;58,59,16;59,62,0;68,71,6;86,87,10
10|45|26,31,2;42,44,13;44,46,17;60,66,1;69,70,15;70,71,16;71,74,0;110,112,14;120,121,15;138,140,17;147,149,12;152,153,15;172,174,17;183,184,10
10|46|4,7,0;15,18,0;28,29,15;63,66,0;96,99,0;100,101,15;135,136,10
10|47|12,15,0;16,22,2;26,33,6;41,43,12;73,77,7;77,78,15;106,107,10
10|48|22,23,9;27,28,15;39,43,6;43,46,6;51,52,9;56,57,10
10|49|7,9,13;33,39,1;64,66,12;69,70,15;89,92,0;112,114,12;157,164,1;174,176,14;180,181,10
10|50|28,29,9;43,44,9;49,50,9;65,72,1;97,98,15;102,104,14;108,109,10
10|51|4,7,0;30,33,6;33,37,7;39,43,13;46,48,11;53,54,9;61,63,14;66,69,6;69,73,7;75,76,9;89,90,10
10|52|2,5,0;30,32,17;39,41,17;50,51,15;67,69,14;91,94,6;105,106,10
10|53|11,13,8;54,56,13;59,62,0;64,65,9;72,79,1;81,83,13;86,89,6;89,93,7;101,102,10
10|54|9,12,0;26,31,6;46,47,15;58,59,15;72,75,9;86,88,17;89,90,15;90,91,16;91,94,0;104,107,0;115,117,17;118,119,15;148,152,7;152,153,15;183,184,10
10|55|4,6,13;9,12,0;29,30,15;30,31,16;36,37,9;39,40,9;45,46,15;61,63,13;66,69,0;77,78,15;89,94,1;96,97,9;99,102,0;128,129,10
10|56|11,12,9;42,43,10
10|57|2,4,13;13,14,15;14,15,16;15,18,0;24,26,14;29,31,12;37,42,5;49,55,1;55,60,2;74,76,12;77,83,2;91,92,15;92,93,16;107,113,1;120,126,2;136,137,10
10|58|14,15,15;36,37,9;44,45,9;63,65,17;76,82,1;82,85,0;89,91,14;95,96,10
10|59|15,20,5;20,22,13;25,28,6;31,32,15;43,48,5;48,53,2;56,61,6;69,74,5;85,91,1;95,96,9;97,103,6;108,110,11;144,145,15;160,161,10
10|60|8,11,0;12,13,15;40,41,15;48,49,15;65,66,15;72,73,9;82,85,0;86,87,15;113,114,15;114,115,16;115,118,0;126,127,9;129,132,0;158,159,10
10|61|23,28,1;39,41,17;51,55,6;61,66,1;103,106,0;169,174,2;182,187,1;201,206,6;208,209,15;228,229,15;229,230,16;235,237,12;244,246,13;258,262,6;262,263,9;272,274,13;299,300,9;301,307,1;309,310,10
10|62|4,6,13;9,12,0;21,23,12;26,27,15;75,76,10
10|63|18,20,17;29,31,17;39,40,10
10|64|7,8,15;23,24,15;30,31,17;31,32,9;35,36,15;36,37,16;52,53,15;72,74,14;88,89,9;104,105,9;132,133,10
10|65|12,15,6;31,34,0;35,36,15;70,71,15;71,72,16;81,82,15;88,89,10
10|66|4,6,13;9,12,0;23,27,6;29,30,15;30,31,16;36,37,9;39,40,9;47,51,6;53,54,15;81,82,15;93,95,14;103,107,6;111,112,15;125,127,12;134,138,1;156,157,15;157,158,16;161,164,0;192,193,10
10|67|5,6,15;27,28,15;47,49,17;58,59,15;59,60,16;60,63,0;71,73,14;83,86,0;93,94,9;105,106,9;107,113,2;118,123,1;129,130,10
10|68|6,8,17;9,10,15;18,19,15;31,39,6;39,41,14;43,44,9;48,51,9;57,58,15;74,75,9;84,85,15;85,86,16;91,92,9;94,95,9;108,109,15;127,130,6;132,137,5;137,141,6;145,146,9;147,151,8;154,155,9;157,161,13;181,182,15;205,206,10
10|69|7,10,0;11,12,15;39,40,15;47,48,15;69,70,10
10|70|4,5,9;6,11,6;13,14,15;14,15,16;26,29,0;55,58,0;71,72,15;82,83,15;83,84,16;105,107,17;116,117,10
10|71|4,5,15;55,56,9;59,60,9;69,73,6;92,97,5;125,126,9;129,130,15;145,146,15;169,171,14;175,177,13;177,179,17;199,201,12;210,213,0;249,252,0;253,258,6;258,261,0;262,263,15;263,265,14;267,269,13;269,271,17;288,291,6;293,294,10
10|72|4,8,6;36,41,5;46,48,14;60,62,14;80,81,15;119,120,15;130,131,10
10|73|24,25,9;32,37,1;41,42,9;47,48,15;67,68,9;77,79,12;92,94,14;98,99,15;116,118,17;127,128,9;138,139,15;139,142,6;160,161,9;168,169,15;173,176,6;178,179,10
10|74|2,5,0;19,22,8;29,30,9;61,63,12;68,72,7;72,73,15;82,83,9;98,100,17;112,114,17;129,131,17;136,137,9;140,144,6;144,146,14;155,156,9;163,165,14;185,186,15;196,197,10
10|75|2,5,0;19,22,8;29,34,5;44,45,9;77,79,17;81,82,9;91,92,9;100,101,15;112,114,17;123,125,17;131,138,1;138,140,14;144,145,10
10|76|4,7,0;11,13,12;20,21,15;36,39,6;48,50,13;50,52,17;55,58,0;61,62,9;73,79,1;81,82,10
10|77|11,14,13;40,43,0;47,49,12;69,70,9;89,90,15;90,91,16;94,95,9;99,100,10
10|78|5,7,13;7,9,17;38,41,0;47,49,14;67,69,12;93,94,15;98,100,14;104,106,12;113,114,15;154,155,10
10|79|19,20,15;39,40,9;49,50,10
10|80|4,7,0;11,13,12;16,17,15;17,18,16;38,43,5;46,49,13;57,59,17;62,64,13;67,70,6;70,75,5;79,80,10
10|81|4,7,0;7,9,13;18,20,17;45,49,7;52,53,15;53,54,16;66,69,0;70,71,15;82,84,14;90,94,13;97,100,0;101,102,15;129,130,15;140,141,10
10|82|10,11,15;18,19,15;35,36,9;40,41,9;56,57,15;61,63,14;67,68,10
10|83|4,6,13;22,25,13;42,48,1;48,52,6;58,59,9;72,78,1;78,82,6;99,101,17;108,112,1;129,132,0;150,155,6;157,158,15;171,174,0;176,177,9;185,186,15;196,197,10
10|84|18,19,9;28,32,6;32,35,6;43,46,6;46,50,7;50,51,15;78,80,13;80,82,17;85,89,6;89,92,6;92,97,5;103,104,10
10|85|8,10,17;17,18,15;53,55,14;70,76,2;85,86,15;86,87,16;90,91,9;95,96,10
10|86|29,30,15;39,40,15;44,45,9;49,50,10
10|87|12,14,13;42,46,6;84,90,1;90,91,15;91,93,14;98,100,17;115,117,14;120,125,1;133,135,17;136,137,15;137,138,16;143,144,17;144,145,9;160,161,15;171,172,10
10|88|23,25,13;28,31,0;65,66,9;73,78,1;84,85,9;86,92,6;94,95,15;101,102,17;102,103,9;106,107,15;107,108,16;136,138,17;141,145,6;164,165,15;165,167,14;176,179,13;186,187,9;196,197,15;201,203,14;238,240,17;255,257,17;258,259,15;269,270,15;276,277,10
10|89|8,10,14;18,19,3;37,38,15;64,66,11;66,69,0;78,79,15;100,101,10
10|90|6,7,9;21,23,13;30,32,12;38,39,15;85,86,9;92,98,1;100,102,14;113,116,13;121,123,13;126,128,14;135,136,15;156,159,6;162,165,0;167,168,9;171,173,13;178,179,9;189,190,15;195,197,13;212,213,9;218,220,13;220,222,17;229,231,12;251,252,15;262,263,10
10|91|2,4,11;9,10,9;17,19,14;31,33,14;40,43,6;49,50,15;60,61,10
10|92|2,3,15;66,73,1;75,78,0;85,92,1;95,96,15;96,97,16;97,100,0;114,115,9;125,126,9;130,131,10
10|93|6,8,14;24,26,13;33,35,12;53,55,14;56,61,1;65,67,14;69,70,9;72,77,5;80,81,15;81,82,16;90,91,9;100,101,15;110,112,17;123,125,12;132,133,15;146,149,0;160,162,14;184,185,15;191,192,9;210,212,17;229,230,10
10|94|4,8,6;8,11,6;20,26,1;26,29,0;29,31,13;34,37,6;41,43,13;63,64,15;75,77,14;85,86,15;92,93,9;98,102,6;102,104,14;115,117,14;120,122,12;127,128,15;138,143,2;162,165,0;171,172,15;182,183,10
10|95|13,16,0;22,23,15;40,42,17;51,52,9;55,56,15;78,79,15;83,84,9;88,89,10
10|96|2,5,0;6,7,15;64,65,10
10|97|9,11,12;48,50,17;51,52,15;62,63,15;69,70,10
10|98|47,49,13;55,56,9;60,62,13;87,90,0;90,92,13;101,103,17;131,132,15;145,146,15;152,153,17;153,154,9;157,158,15;158,159,16;179,180,9;194,195,10
10|99|9,11,12;33,37,6;76,79,6;91,94,0;114,116,17;125,126,10
10|100|23,27,6;50,51,15;64,66,14;71,72,15;72,73,16;76,78,14;87,88,15;109,110,10
10|101|5,6,15;6,9,6;12,14,17;26,27,15;27,28,16;33,34,9;36,37,9;42,43,15;68,69,15;75,76,9;83,86,0;93,97,6;100,106,2;116,117,10
10|102|9,12,6;43,44,15;59,61,17;64,68,6;68,70,14;86,87,15;87,90,6;94,96,13;96,98,17;101,104,0;112,117,5;120,121,15;125,128,6;132,133,10
10|103|2,5,0;27,28,15;45,47,17;54,55,9;79,82,6;83,84,15;94,95,10
10|104|7,9,13;18,19,15;19,20,16;20,23,0;29,33,6;33,36,6;47,53,1;53,57,6;66,68,13;78,79,15;102,106,6;110,111,15;122,123,9;137,138,15;145,146,15;163,164,9;200,201,15;211,212,10
10|105|16,18,14;25,26,16;39,45,1;56,59,0;65,66,15;76,77,10
10|106|8,10,14;15,19,6;23,24,15;41,44,6;71,75,6;86,89,0;95,102,1;105,106,15;106,107,16;110,111,9;115,116,10
10|107|4,8,1;17,18,15;31,36,6;52,54,13;73,77,1;79,81,14;91,96,6;102,104,11;118,121,9;134,135,9;138,142,1;144,146,12;163,164,9;174,175,15;185,186,15;186,187,16;192,193,10
10|108|7,9,13;18,19,15;19,20,16;20,23,0;29,31,14;34,36,12;43,44,15;54,59,2;76,77,15;90,93,0;117,118,9;125,129,6;137,140,0;168,170,13;186,190,7;194,195,10
10|109|2,3,15;20,23,13;35,36,15;60,61,15;84,85,15;89,90,9;94,95,10
11|1|1,3,11;11,12,9;31,32,9;36,37,9;40,43,0;56,61,2;78,79,10
11|2|15,17,13;17,19,17;27,28,15;39,42,0;50,55,5;66,71,1;75,76,10
11|3|7,8,15;19,21,17;34,37,0;43,45,13;45,47,17;68,73,5;75,76,9;92,95,13;101,107,1;109,113,0;111,117,1;139,144,6;150,153,9;158,162,6;169,171,17;176,179,0;179,181,13;214,219,6;221,222,10
11|4|6,7,15;54,59,6;61,62,10
11|5|4,6,13;9,12,0;52,54,17;148,151,0;153,154,9;161,165,8;172,173,15;173,174,16;179,180,10
11|6|10,14,6;14,16,11;20,25,6;27,28,15;50,51,15;118,123,6;129,130,9;131,137,1;139,140,10
11|7|7,8,15;22,23,15;23,24,16;29,30,9;32,33,9;38,39,15;67,72,1;86,87,9;94,95,15;99,101,12;108,110,14;143,151,1;155,159,6;166,169,0;171,176,5;176,178,14;190,193,8;199,200,15;218,221,0;222,223,15;238,240,13;240,242,17;250,251,9;253,255,13;268,274,1;276,277,10
11|8|29,30,15;44,47,13;50,53,0;54,60,1;68,74,2;81,84,0;99,103,13;168,173,5;181,183,17;188,189,9;202,203,10
11|9|13,15,14;19,20,15;24,27,6;27,28,9;33,36,0;45,50,6;50,53,0;62,63,9;76,79,0;81,82,9;92,97,6;99,100,10
11|10|13,15,14;17,18,9;27,29,12;44,46,12;68,71,0;79,80,15;80,81,16;96,99,0;99,101,13;106,109,0;111,112,9;120,125,6;127,128,10
11|11|7,8,15;24,26,17;36,38,17;39,40,15;40,41,16;44,45,9;49,50,9;55,57,17;59,61,12;70,75,5;82,87,1;89,91,14;92,97,6;99,100,10
11|12|18,22,8;37,40,13;54,56,12;59,63,8;66,67,9;70,72,14;79,83,1;89,91,17;98,100,13;103,106,6;120,123,6;131,133,12;142,143,9;155,158,0;160,162,13;165,168,6;175,182,1;182,183,15;208,213,1;215,216,10
11|13|16,17,15;24,25,9;42,44,17;59,65,1;71,72,9;83,84,9;85,90,1;90,91,15;91,93,14;96,98,17;104,105,15;115,120,5;120,124,6;128,129,15;138,142,6;142,145,6;150,151,9;155,156,10
11|14|22,24,17;34,35,15;41,43,13;43,45,17;48,51,0;53,55,13;58,61,6;73,74,15;85,90,2;90,92,13;97,98,9;124,127,6;127,132,5;138,139,10
11|15|2,6,6;18,19,15;25,26,17;26,27,9;30,31,15;31,32,16;79,80,9;114,116,14;120,121,10
11|16|2,4,17;6,8,12;13,14,15;41,42,15;62,65,0;91,93,17;105,106,9;109,115,1;123,125,17;134,135,10
11|17|6,10,6;29,35,1;35,40,2;45,46,9;65,71,1;80,84,6;84,86,14;90,91,9;96,97,9;105,108,13;115,121,1;134,136,17;138,140,12;161,164,9;169,173,1;184,185,9;191,192,15;206,207,15;207,208,16;208,211,0;225,226,9;251,257,1;266,269,0;272,273,15;283,288,2;298,299,9;301,304,0;314,315,15;315,316,16;316,319,0;335,336,10
11|18|18,21,0;24,25,15;40,41,15;60,62,17;64,66,12;110,111,15;119,120,9;125,127,12;131,133,12;136,137,15;153,155,17;190,191,15;204,205,15;205,206,16;209,210,9;214,215,10
11|19|23,27,6;33,34,15;45,47,14;61,67,1;69,73,7;73,74,15;92,93,9;97,98,10
11|20|2,4,17;6,8,12;26,28,17;45,46,15;71,76,5;76,80,6;84,85,15;105,107,12;116,117,9;129,130,15;152,154,17;170,171,15;171,172,16;192,194,17;197,199,14;203,204,10
11|21|2,4,17;6,8,12;13,14,15;29,31,13;31,33,17;36,39,6;60,65,5;73,75,17;84,85,10
11|22|13,16,0;25,26,15;53,54,10
11|23|2,5,0;6,7,15;24,26,17;36,38,17;39,40,15;40,41,16;44,45,9;49,50,9;63,65,13;65,67,17;87,89,17;91,93,12;104,105,9;108,109,15;113,116,0;135,136,9;140,141,10
11|24|9,10,15;26,27,15;40,41,15;47,50,0;53,54,15;66,67,15;67,68,16;125,126,10
11|25|6,8,14;43,45,13;48,51,0;66,72,1;74,75,10
11|26|2,7,2;17,19,13;19,21,17;29,30,15;41,44,0;44,46,13;85,86,10
11|27|8,9,15;18,19,15;35,37,17;40,44,6;50,51,9;61,62,9;77,84,1;103,104,9;107,108,15;125,126,15;161,162,15;162,163,16;203,207,6;210,214,8;222,225,0;232,233,9;237,238,10
11|28|8,9,9;31,35,6;35,38,6;54,60,1;60,65,2;78,79,9;90,96,1;101,104,6;106,107,9;112,115,0;154,157,6;168,169,9;173,174,10
11|29|4,5,9;14,16,13;56,58,14;76,77,15;90,92,13;110,111,15;127,129,13;129,133,17;136,139,0;141,146,5;148,149,9;152,154,17;169,170,9;172,175,0;175,177,13;183,184,9;194,200,6;200,202,14;206,207,10
11|30|4,5,9;14,18,1;18,21,6;32,33,15;42,46,6;48,49,3;76,77,10
11|31|4,6,13;24,27,6;33,35,12;40,41,15;52,54,13;64,65,15;78,80,13;91,94,0;101,106,1;108,110,13;138,140,13;156,160,1;171,172,15;189,190,15;214,216,13;219,222,6;233,236,0;236,238,13;242,249,2;254,255,15;255,256,16;259,260,9;264,265,10
11|32|6,8,17;11,12,9;20,22,14;25,26,9;53,54,9;84,86,13;89,93,6;93,96,6;102,103,15;103,104,16;107,108,9;112,113,10
11|33|8,11,0;24,28,7;31,32,15;41,45,6;45,47,12;54,56,13;59,62,6;62,66,7;74,75,10
11|34|8,11,6;24,26,13;36,37,3;48,51,6;63,67,6;71,72,15;89,93,1;140,141,10
11|35|16,17,15;24,25,9;40,41,15;53,54,9;67,69,14;89,91,12;92,98,1;98,101,0;105,107,14;111,112,10
11|36|25,28,0;30,31,9;34,38,1;47,51,6;67,71,6;71,73,14;90,92,14;111,113,17;122,123,10
11|37|2,3,15;10,11,15;56,57,9;59,61,14;69,70,15;85,87,13;87,89,17;94,97,0;99,104,5;110,111,10
11|38|11,12,15;52,58,1;58,62,6;68,69,9;77,79,17;97,101,6;108,110,17;113,116,0;122,125,0;138,141,6;158,159,10
11|39|23,27,1;41,46,1;79,85,1;87,88,10
11|40|5,8,13;17,19,12;40,41,15;41,42,16;45,48,0;60,61,15;77,81,6;83,88,6;97,98,15;127,131,6;145,146,15;176,178,13;193,195,13;207,208,10
11|41|10,11,15;18,20,17;35,36,15;45,47,14;50,51,9;64,65,9;67,69,13;74,77,0;93,99,2;101,102,10
11|42|9,11,14;31,36,6;36,37,15;63,64,15;64,66,14;70,71,9;91,96,1;96,97,9;105,106,15;110,111,3;112,115,0;131,136,1;139,140,15;144,145,9;149,150,10
11|43|14,16,13;29,34,1;49,50,15;54,56,12;79,80,15;101,102,15;118,123,2;150,151,15;173,174,15;184,185,10
11|44|10,12,13;19,20,15;20,22,14;30,32,12;41,42,9;46,48,12;53,55,14;69,70,15;74,76,12;88,89,15;100,101,15;116,117,15;143,150,2;159,160,15;160,161,16;164,165,9;169,170,10
11|45|14,20,2;25,26,9;43,46,0;47,48,15;48,50,14;71,74,0;84,85,15;97,100,6;110,111,15;115,116,9;120,121,10
11|46|8,9,9;17,20,0;22,23,9;49,52,0;54,55,9;72,73,9;76,83,6;119,120,9;132,135,0;135,137,13;149,153,6;164,165,15;169,170,9;174,175,10
11|47|14,17,0;17,19,13;69,70,9;76,83,1;115,117,13;122,127,1;130,131,15;135,136,9;140,141,10
11|48|8,9,9;15,16,15;20,22,14;29,30,9;31,37,1;37,40,0;50,51,9;69,72,13;78,84,1;84,87,0;87,92,1;106,111,6;127,130,0;140,145,5;145,148,0;162,163,10
11|49|15,17,8;18,20,12;23,24,15;41,43,13;61,64,6;75,77,13;80,83,6;101,105,6;105,107,14;112,113,9;121,122,15;133,136,0;137,138,15;142,143,9;161,162,10
11|50|29,37,6;43,44,9;51,52,15;59,61,17;62,63,15;78,83,5;90,91,9;102,104,13;114,117,6;135,136,10
11|51|2,3,9;12,14,13;40,42,14;55,57,14;75,76,15;91,93,13;112,113,10
11|52|4,5,9;12,13,15;24,26,17;39,42,0;48,50,13;50,52,17;71,72,15;72,73,16;78,80,12;91,96,5;96,98,14;102,108,1;112,114,14;163,165,17;168,170,14;174,175,10
11|53|6,8,17;11,12,9;42,47,1;67,69,13;85,89,6;124,125,10
11|54|2,7,1;20,21,15;28,29,9;56,58,12;59,66,6;72,75,0;75,77,13;87,88,15;97,98,15;104,106,13;106,108,17;111,114,0;120,122,12;123,129,1;129,132,0;142,143,10
11|55|2,6,6;11,14,9;33,39,6;39,42,0;49,52,6;54,55,10
11|56|2,5,0;25,26,15;49,56,5;60,64,6;64,66,11;90,94,8;106,108,13;113,116,0;135,136,9;137,143,1;149,150,10
11|57|4,8,6;15,17,17;22,24,14;27,29,14;37,42,5;42,44,13;60,62,13;135,136,9;150,153,0;185,186,10
11|58|4,7,0;11,13,12;41,47,1;47,48,15;65,67,17;74,75,9;85,91,1;91,94,0;107,108,9;110,115,5;130,131,10
11|59|13,20,6;25,27,17;36,37,9;58,60,17;69,70,9;73,74,15;81,83,13;83,85,17;112,113,10;113,114,14
11|60|11,13,17;20,21,9;26,27,15;27,28,16;44,49,1;56,57,15;63,64,9;75,77,13;80,83,0;88,94,6;99,101,17;125,132,2;136,141,6;148,149,10;149,150,14
11|61|31,32,9;35,43,6;49,50,9;57,58,15;65,67,17;68,69,15;84,89,5;96,97,9;108,111,9;119,122,6;126,131,5;134,135,15;146,147,15;171,172,15;188,191,0;197,199,13;199,201,17;215,218,0;232,238,1;240,241,10;241,242,14
11|62|6,8,17;11,12,9;14,15,9;22,24,14;27,30,6;46,52,6;52,54,14;59,60,9;62,66,13;76,77,9;79,81,13;84,89,1;114,116,12;126,129,0;143,149,1;149,152,0;156,158,14;163,165,13;179,180,10;180,181,14
11|63|8,9,9;31,35,6;35,38,6;54,60,1;60,65,2;78,79,9;97,102,6;104,108,1;108,111,6;122,123,15;145,146,9;182,183,10
11|64|4,5,9;14,15,9;19,20,9;29,30,15;50,55,6;75,77,13;85,86,15;115,117,12;118,123,6;142,147,6;149,150,10;150,151,14
11|65|31,33,17;52,53,9;65,72,6;72,73,9;98,99,10;99,100,14
11|66|4,7,0;11,13,12;39,40,9;43,49,1;49,50,15;67,69,17;76,77,9;87,93,1;93,96,0;127,130,0;144,145,15;155,156,15;162,163,10
11|67|9,10,15;26,28,17;29,30,15;30,31,16;52,54,17;63,64,9;73,74,9;78,79,10
11|68|4,9,2;20,22,17;28,32,13;37,39,13;42,45,0;53,55,17;63,65,17;89,96,2;100,101,10;101,102,14
11|69|6,8,14;11,13,12;26,28,13;31,33,14;35,36,9;44,45,15;62,64,17;69,70,9;71,79,6;87,88,9;89,96,6;109,113,6;113,115,12;122,124,14;131,132,10
11|70|4,7,0;13,15,13;86,93,6;97,99,17;113,116,0;116,118,13;129,131,13;148,149,10;149,150,14
11|71|2,3,15;13,14,9;17,19,12;24,29,6;49,50,9;62,63,9;70,74,1;76,78,12;87,88,9;97,98,10;98,99,14
11|72|10,11,9;19,22,13;47,52,1;54,55,9;79,82,0;85,86,9;103,104,10;104,105,14
11|73|5,7,13;7,9,17;36,37,15;55,56,15;71,72,9;76,77,9;96,97,15;110,113,0;115,116,9;123,129,1;131,132,10;132,133,14
11|74|4,7,0;23,25,14;27,28,9;34,35,15;35,36,16;48,50,12;57,58,15;73,74,9;95,96,10;96,97,14
11|75|2,5,0;8,10,14;12,13,9;34,35,9;36,42,1;44,45,10;45,46,14
11|76|2,4,13;6,8,14;10,11,9;33,34,9;36,38,13;43,46,0;48,49,9;52,54,14;57,59,12;83,86,0;123,124,10;124,125,14
11|77|4,7,0;11,13,12;32,38,6;38,40,12;70,76,1;84,85,9;100,101,10;101,102,14
11|78|4,6,12;10,11,9;20,21,9;47,51,6;51,53,14;62,64,17;77,78,15;78,79,16;102,103,9;112,114,12;118,120,12;134,137,0;140,142,14;158,159,15;165,167,17;168,169,15;202,204,13;218,221,6;229,235,2;237,238,10;238,239,14
11|79|6,8,17;13,15,14;58,63,1;65,68,0;90,91,10;91,92,14
11|80|13,16,0;46,48,13;61,66,6;68,69,10;69,70,14
11|81|6,8,17;11,12,9;20,23,0;42,46,1;50,52,13;52,54,17;90,92,14;93,99,1;102,103,15;130,133,6;150,151,15;166,169,0;171,172,9;186,188,13;205,208,0;222,223,15;223,224,16;227,229,14;243,244,15;244,245,16;248,250,14;259,260,10;260,261,14
11|82|4,7,0;11,13,12;38,39,9;90,96,1;96,100,6;105,111,1;111,114,6;114,115,10;115,116,14
11|83|15,18,6;45,46,15;46,47,16;50,51,9;65,66,10;66,67,14
11|84|13,15,14;37,45,6;51,52,9;59,60,15;67,69,17;70,71,15;86,91,5;98,99,9;110,111,9;122,125,6;128,130,17;131,132,15;146,147,15;162,165,0;165,167,13;173,174,9;176,180,7;185,190,1;192,195,0;195,197,13;230,236,1;238,239,10;239,240,14
11|85|4,5,9;19,21,17;22,23,15;37,38,15;51,52,15;71,73,14;78,80,17;81,82,15;82,83,16;83,86,0;96,98,12;119,121,17;126,127,15;144,145,10
11|86|10,11,15;23,29,2;36,40,6;40,43,6;43,48,5;64,66,13;82,86,7;90,91,10
11|87|6,8,17;11,12,9;27,28,17;28,29,9;47,52,1;77,79,12;83,85,13;93,98,1;107,109,13;116,117,9;131,133,12;135,137,17;142,145,0;152,155,6;156,157,15;167,168,15;168,169,16;174,175,10;175,176,14
11|88|8,9,9;31,35,6;35,38,6;54,60,1;60,65,2;102,110,1;112,114,13;151,153,13;161,162,9;196,197,15;205,206,9;213,214,15;242,244,13;254,255,15;300,301,10;301,302,14
11|89|4,5,9;18,20,14;24,27,0;39,41,13;44,48,1;55,60,5;67,69,13;123,124,9;127,134,1;149,155,1;155,158,6;158,162,7;166,167,10;167,168,14
11|90|2,3,15;14,16,17;29,32,0;38,40,13;40,42,17;56,59,0;73,78,1;80,81,10;81,82,14
11|91|6,8,17;11,12,9;40,47,1;47,50,0;64,67,0;76,77,9;93,101,1;128,129,9;138,140,13;143,146,6;163,164,10
11|92|8,9,9;24,26,13;43,48,5;51,52,15;61,62,15;81,83,12;105,108,0;138,139,10;139,140,14
11|93|4,5,9;12,13,15;20,22,17;46,49,0;53,54,9;57,64,6;83,87,1;101,106,1;128,129,9;132,139,1;139,140,15;148,150,13;150,152,17;155,158,0;173,174,10;174,175,14
11|94|4,7,0;11,13,12;44,50,1;50,51,15;68,70,17;77,78,9;88,94,1;94,97,0;110,111,15;127,129,17;130,131,15;131,132,16;153,155,17;164,165,9;174,175,9;179,180,10
11|95|4,9,2;20,22,17;28,30,13;44,51,2;53,55,14;79,80,10;80,81,14
11|96|6,8,14;37,38,9;52,53,9;54,60,1;62,63,10
11|97|26,28,17;30,31,9;34,35,15;42,44,13;44,46,17;71,73,13;98,99,10;99,100,14
11|98|2,4,14;17,18,9;26,27,15;33,34,9;54,55,15;55,56,16;56,59,0;74,75,15;84,85,15;93,94,10;94,95,14
11|99|11,13,17;20,21,9;25,26,9;34,39,1;46,47,15;53,54,9;68,69,15;69,70,16;78,79,15;87,88,10;88,89,14
11|100|2,3,9;16,18,8;19,21,12;24,25,15;43,44,9;66,68,12;71,76,1;80,81,10;81,82,14
11|101|14,15,9;24,25,9;27,31,6;35,37,13;37,39,17;42,45,6;58,60,13;93,94,15;103,105,14;113,117,6;121,122,15;131,135,6;138,144,2;144,147,0;151,153,12;203,204,10;204,205,14
11|102|6,7,9;31,33,13;41,42,15;60,61,9;72,75,0;84,86,13;93,98,6;100,101,10;101,102,14
11|103|2,5,0;12,13,9;25,31,2;66,67,9;77,83,1;89,95,2;100,103,0;111,112,9;122,128,1;132,133,10
11|104|17,19,13;34,40,1;44,45,10;45,46,14
11|105|52,53,9;73,78,1;82,83,10;83,84,14
11|106|4,7,0;9,10,15;24,26,17;33,34,15;34,35,16;35,38,0;62,67,1;71,72,10;72,73,14
11|107|2,3,9;30,31,15;31,32,16;37,38,9;40,41,9;46,47,15;69,71,12;86,89,0;105,111,2;119,120,10;120,121,14
11|108|6,9,0;11,12,15;28,30,17;37,38,15;42,45,0;50,51,9;78,79,15;79,80,16;85,86,9;88,89,9;94,95,15;117,119,12;136,138,12;150,152,14;154,155,10
11|109|22,28,1;28,31,0;44,46,12;50,52,12;100,102,12;106,111,5;111,115,6;115,117,14;126,129,0;167,170,6;170,171,10
11|110|6,8,14;27,28,15;34,35,9;40,41,15;75,80,6;89,94,2;126,129,0;144,150,1;159,160,10;160,161,14
11|111|4,7,0;12,19,2;19,22,0;35,38,0;57,58,9;69,72,0;74,75,9;98,99,10
11|112|2,3,15;16,18,13;32,36,6;55,57,14;61,63,17;68,71,0;73,74,9;97,98,10
11|113|14,16,13;16,18,17;25,26,15;42,44,17;59,60,15;60,61,16;61,64,0;78,83,5;83,87,6;91,92,15;112,114,12;119,122,0;129,132,6;134,135,10
11|114|9,10,15;10,11,16;16,17,17;17,18,9;30,31,15;31,32,16;32,35,0;48,55,1;58,59,15;71,74,0;75,76,15;84,85,9;94,96,14;99,100,15;100,101,16;118,119,9;135,136,16;139,140,9;144,145,10
11|115|2,3,15;14,17,0;18,19,15;40,42,14;45,46,15;56,57,10
11|116|21,22,15;34,38,6;38,40,14;49,51,17;54,56,17;65,70,1;84,85,15;99,100,15;122,129,1;129,132,0;137,140,6;159,160,15;168,169,15;185,187,17;190,192,13;202,204,17;219,221,17;224,226,14;230,231,10
11|117|31,32,15;48,53,1;71,72,10
11|118|9,11,12;31,32,15;32,33,16;33,36,0;42,45,0;46,51,1;51,52,9;57,64,1;89,90,10
11|119|9,14,2;35,36,9;58,61,0;91,94,0;99,102,0;110,111,15;115,118,0;123,124,15;124,125,16;125,128,0;134,136,14;140,141,10
11|120|6,13,1;36,38,8;39,41,12;44,45,15;45,46,16;72,73,9;90,92,12;103,104,9;109,110,15;129,134,1;155,156,10
11|121|34,35,15;42,44,17;68,71,0;75,76,9;80,81,10
11|122|2,3,15;3,6,6;10,12,13;12,14,17;17,20,0;24,27,6;31,32,10
11|123|17,18,15;18,19,16;24,25,9;27,28,9;33,34,15;63,64,15;80,81,9;84,85,15;89,91,14;135,136,9;143,146,0;156,157,10
12|1|1,3,11;19,20,9;23,24,15;30,31,9;34,35,15;41,42,10
12|2|2,5,0;5,7,13;10,13,6;17,18,9;27,28,9;40,47,2;65,66,10
12|3|33,34,15;47,49,13;60,62,13;74,75,9;79,80,15;96,100,6;100,103,6;106,110,6;110,112,14;116,117,9;125,126,15;130,131,9;135,136,10
12|4|31,33,13;42,45,0;77,83,1;83,84,15;84,85,16;95,96,15;124,125,9;129,130,10
12|5|8,9,9;23,25,14;44,47,13;69,71,17;89,92,0;93,94,15;94,95,16;102,103,9;112,115,6;115,116,9;125,131,1;133,134,10
12|6|6,7,9;14,16,14;48,52,6;60,61,15;80,83,0;94,95,9;111,114,13;135,137,13;142,145,0;153,156,13;170,174,6;174,176,14;181,183,14;185,186,9;200,201,9;208,211,0;232,233,10
12|7|7,9,14;40,42,13;48,49,9;50,56,2;56,57,16;60,62,12;66,67,10
12|8|11,13,17;46,49,13;61,64,0;86,89,0;109,110,9;111,117,1;119,120,10
12|9|1,3,14;8,10,17;24,25,15;25,27,14;40,46,1;60,62,14;85,87,17;91,94,8;101,102,9;108,114,6;114,115,9;119,120,10
12|10|8,10,12;13,19,1;32,34,14;39,41,17;70,71,9;76,77,15;93,95,14;105,106,15;106,107,16;121,125,6;125,128,6;133,134,9;138,139,10
12|11|6,8,17;11,13,13;42,45,0;66,69,0;75,76,9;81,82,9;86,87,10
12|12|22,28,1;43,45,14;50,53,0;59,60,9;65,66,9;70,71,10
12|13|8,11,0;25,27,13;30,34,6;41,43,17;48,49,9;62,66,1;75,76,15;76,77,16;89,92,6;104,105,9;109,110,10
12|14|6,8,17;25,26,15;26,27,16;55,58,0;58,60,13;64,71,2;73,74,9;78,79,10
12|15|4,7,0;16,18,17;23,24,9;29,31,14;35,37,13;37,39,17;42,46,1;46,48,14;64,65,9;70,71,15;93,95,13;116,119,0;121,125,7;138,139,9;162,163,10
12|16|4,6,12;8,10,13;25,27,12;28,33,1;33,35,14;37,38,10
12|17|6,8,17;11,13,13;20,22,13;25,28,0;34,36,14;73,76,6;81,82,9;99,100,15;100,101,16;115,117,13;120,123,6;133,139,2;152,155,0;159,160,9;164,165,10
12|18|4,6,12;26,27,9;33,38,6;41,48,6;76,79,6;91,99,6;101,103,14;104,109,6;113,120,1;120,121,15;128,129,15;160,161,10
12|19|4,6,12;20,25,6;34,36,17;53,55,14;68,69,9;80,81,9;92,93,9;101,102,9;103,110,1;125,126,9;129,136,1;136,137,15;150,154,8;167,168,10
12|20|18,22,8;26,31,6;33,34,9;49,54,1;60,62,17;74,75,15;75,76,16;79,80,9;84,85,10
12|21|8,9,15;16,17,15;24,25,9;30,35,1;42,43,15;53,55,13;73,74,9;81,84,13;87,91,1;91,94,6;98,100,13;117,118,9;124,132,1;136,137,9;147,150,0;166,167,15;191,192,9;195,199,6;207,208,15;225,226,15;245,248,13;257,258,9;263,264,9;266,269,0;279,280,15;280,281,16;281,284,0;300,301,10
12|22|4,7,0;25,27,13;37,38,9;46,52,1;57,65,1;69,70,9;77,79,14;83,84,15;94,95,10
12|23|4,5,9;14,15,15;43,48,1;54,55,9;68,69,15;73,75,14;77,78,9;119,120,15;131,134,0;136,137,9;143,145,13;169,172,0;174,175,9;189,190,15;190,191,16;194,195,9;199,200,10
12|24|6,8,14;11,14,0;21,24,9;29,32,0;45,47,13;50,55,2;65,66,9;76,79,9;84,85,9;108,109,15;109,110,16;113,115,12;120,121,15;129,131,12;138,141,0;143,144,9;161,162,15;172,173,10
12|25|2,3,15;13,14,15;41,42,9;45,49,6;52,57,1;84,85,15;111,113,12;142,144,12;153,155,13;158,162,1;186,187,10
12|26|13,14,9;26,31,1;54,60,1;71,73,13;76,80,6;93,94,9;103,107,6;110,115,6;136,137,15;141,142,9;146,147,10
12|27|4,8,6;21,22,9;31,35,6;38,43,6;64,65,15;65,66,16;69,70,9;74,75,10
12|28|4,7,0;24,25,9;34,38,6;41,46,6;52,55,0;57,58,9;61,65,6;71,74,0;79,82,0;91,94,0;99,100,10
12|29|24,25,9;33,34,15;51,53,8;61,64,0;69,72,6;78,79,15;89,90,10
12|30|17,22,6;24,25,15;37,38,15;47,48,15;62,63,9;73,74,9;80,85,1;91,92,9;97,99,14;121,124,0;133,134,9;146,147,9;148,154,1;156,157,10
12|31|4,7,0;28,31,0;51,54,0;72,75,0;85,91,1;107,108,9;113,119,1;123,126,0;134,140,1;148,149,15;153,155,14;164,169,0;174,177,0;189,191,13;204,205,9;228,231,0;243,244,9;261,262,9;281,282,9;284,286,13;299,304,6;306,307,10
12|32|12,13,9;17,20,0;21,22,15;35,38,0;56,58,14;61,62,9;64,65,3;70,71,9;74,79,1;85,86,9;89,90,15;109,114,2;128,130,13;140,141,9;152,155,0;166,173,1;176,177,15;177,178,16;181,182,9;186,187,10
12|33|12,13,15;13,14,16;17,19,14;40,43,0;47,49,14;56,58,13;90,93,0;103,106,0;122,125,0;132,137,1;140,141,15;145,146,9;150,151,10
12|34|2,3,15;17,18,9;26,27,9;52,55,0;60,63,0;65,66,9;72,73,15;73,74,16;83,84,15;90,91,10
12|35|2,5,0;16,21,5;22,25,8;41,43,17;44,45,15;51,52,9;65,68,0;70,71,9;82,83,10
12|36|16,17,15;17,18,16;21,23,14;54,56,13;59,62,0;62,64,13;70,71,9;73,75,13;90,98,1;104,105,15;116,119,0;119,121,13;127,128,9;130,132,13;159,161,14;162,168,6;218,220,13;225,228,0;235,236,9;255,256,10
12|37|29,34,6;45,47,13;83,84,9;87,89,14;94,98,1;114,115,9;125,128,0;146,148,13;153,156,0;180,186,2;202,203,15;214,218,7;218,219,15;237,238,9;242,243,10
12|38|2,3,15;26,28,12;30,32,13;35,37,14;39,40,9;54,55,9;86,88,13;91,96,1;105,106,15;115,119,6;122,129,6;129,130,9;137,141,6;146,147,15;172,173,15;173,174,16;174,177,0;185,186,9;188,191,0;201,202,15;202,203,16;203,206,0;222,223,10
12|39|2,3,9;7,8,9;36,41,1;79,80,9;93,94,10
12|40|18,22,6;27,29,13;35,37,13;44,46,12;47,52,6;52,55,0;64,66,13;69,72,6;82,84,12;88,93,5;93,95,13;98,101,6;104,105,15;120,124,6;128,129,9;139,140,15;188,190,13;190,192,17;198,200,13;214,215,9;220,221,15;221,222,16;229,230,15;244,245,9;247,250,0;260,261,15;261,262,16;262,265,0;281,282,10
12|41|2,3,9;7,8,9;27,30,0;30,32,13;62,63,9;70,77,1;79,82,0;116,117,15;117,118,16;128,133,2;139,140,9;150,151,15;160,161,15;186,187,10
12|42|19,22,0;25,28,0;30,31,9;36,42,1;50,51,15;63,66,6;79,82,6;83,84,9;87,88,15;88,89,16;96,97,9;114,115,9;129,130,15;130,131,16;134,136,14;150,151,10
12|43|8,9,15;20,23,0;23,25,13;35,37,14;46,47,9;48,53,6;57,62,1;70,73,0;76,78,14;87,92,1;94,96,14;102,104,8;107,108,9;116,121,1;135,136,9;137,144,1;144,146,13;155,156,15;186,187,9;192,196,6;196,199,6;204,205,16;222,223,10
12|44|5,7,13;7,9,17;16,17,9;26,27,9;28,35,1;58,59,15;67,68,9;75,76,9;80,81,10
12|45|8,9,15;34,35,15;52,55,0;76,80,7;91,92,9;103,104,10
12|46|17,18,15;18,19,16;45,47,14;56,57,9;58,63,6;67,72,1;80,83,0;86,88,14;97,102,1;104,106,14;112,114,8;117,118,9;126,131,1;145,146,9;147,153,2;158,160,13;176,177,15;177,178,16;178,181,0;205,206,10
12|47|20,22,14;38,44,6;52,53,3;76,78,8;83,85,13;99,106,1;106,109,0;119,120,10
12|48|2,5,0;17,20,8;28,29,9;36,38,14;39,44,6;48,53,1;82,85,0;99,106,1;106,109,0;119,120,10
12|49|2,5,0;17,20,8;28,29,9;38,43,6;55,56,15;56,57,16;57,60,0;80,81,10
12|50|8,9,15;18,19,15;32,35,9;40,43,0;47,49,12;54,55,15;55,56,16;71,72,15;116,117,15;117,118,16;118,121,0;128,129,15;132,133,9;157,160,0;165,168,0;186,189,0;194,195,10
12|51|12,14,14;18,21,0;29,30,9;32,33,3;36,39,0;50,55,1;61,62,9;74,75,9;111,115,6;115,117,12;118,125,6;131,132,15;141,142,15;152,153,15;158,159,9;171,172,15;189,190,9;192,193,3;198,199,9;202,207,1;213,214,9;219,222,0;224,225,9;233,234,15;234,235,16;238,239,9;243,244,10
12|52|2,3,9;21,24,0;42,43,15;56,59,0;60,61,15;87,88,15;92,94,12;98,99,10
12|53|6,8,13;25,29,13;32,35,0;36,37,15;37,38,16;38,41,0;50,53,0;57,61,8;62,63,15;63,64,16;67,69,12;95,97,13;102,105,0;119,125,2;127,128,10
12|54|8,9,15;18,19,15;32,34,13;66,69,0;80,81,9;90,93,0;96,97,15;128,129,10
12|55|6,7,15;7,9,14;28,30,12;35,36,15;49,52,0;66,67,10
12|56|6,7,9;17,20,0;36,37,15;77,79,12;108,113,1;115,117,12;138,140,14;143,144,15;154,155,10
12|57|6,8,14;11,12,15;28,34,2;51,53,17;62,64,17;72,73,10
12|58|4,6,12;35,37,17;71,72,9;75,78,6;80,81,10
12|59|4,7,0;18,22,7;40,41,15;55,61,2;63,68,5;100,103,0;103,105,13;113,114,15;139,140,15;144,147,6;149,150,10
12|60|4,9,2;27,28,9;51,54,6;64,66,14;70,71,10
12|61|6,8,17;15,16,9;40,43,0;49,50,9;54,55,10
12|62|16,17,9;22,23,15;23,25,14;30,32,17;37,38,9;88,90,13;97,98,15;98,101,6;105,107,13;107,109,17;114,117,13;149,150,10
12|63|4,7,0;15,17,13;17,19,17;24,27,13;44,46,17;49,51,13;69,72,0;74,75,15;101,103,13;126,129,0;135,136,9;141,142,9;146,147,10
12|64|43,45,13;50,53,6;62,65,13;76,80,6;80,82,14;89,90,15;106,107,9;110,118,1;132,133,15;133,134,16;137,138,9;142,143,10
12|65|4,7,0;16,18,17;23,24,9;38,40,17;45,46,9;82,84,17;87,89,13;104,106,14;114,115,9;119,120,9;125,126,9;219,226,6;226,227,9;237,242,1;244,245,10
12|66|21,22,9;57,64,1;67,68,15;83,86,0;94,96,13;102,104,13;107,111,1;130,133,0;133,135,13;165,166,15;196,197,10
12|67|10,11,9;25,27,14;32,34,17;38,41,8;44,49,1;49,50,9;53,58,1;58,59,15;59,61,14;66,68,17;76,78,14;80,81,9;82,88,1;98,105,1;107,109,13;120,123,6;123,128,5;131,132,15;141,145,6;157,158,15;234,235,15;248,249,10
12|68|4,7,0;16,18,17;49,54,5;76,81,5;84,85,15;94,98,6;116,121,6;145,146,9;156,159,0;161,162,9;174,180,2;193,194,9;201,202,9;204,207,0;217,218,15;218,219,16;219,222,0;238,239,10
12|69|4,7,0;16,18,17;39,42,13;70,73,0;73,75,13;99,101,14;120,122,17;131,132,10
12|70|4,7,0;18,22,7;41,42,15;42,43,16;75,78,0;108,109,15;119,122,0;131,132,9;136,137,10
12|71|6,8,17;13,15,14;20,22,17;31,36,5;49,50,10
12|72|6,8,17;26,27,15;42,46,6;46,48,12;55,56,9;70,75,1;86,87,9;92,93,10
12|73|6,8,17;11,12,15;23,25,14;34,39,5;64,65,15;82,85,0;89,90,9;94,95,10
12|74|6,8,17;19,21,12;25,27,13;30,34,6;34,37,6;42,43,9;47,48,10
12|75|6,8,17;13,15,12;19,20,9;23,27,1;44,45,9;57,59,12;63,64,9;71,72,9;79,81,14;85,86,15;86,87,16;90,91,9;95,96,10
12|76|28,30,14;37,39,12;52,55,0;56,57,15;73,77,1;79,81,12;98,99,9;106,108,14;163,164,15;178,180,13;183,187,1;189,191,12;194,195,15;219,220,9;221,227,1;227,232,1;234,236,12;271,272,10
12|77|7,9,13;9,11,17;14,18,1;22,24,14;29,31,14;42,48,2;50,51,9;54,58,6;58,60,14;98,99,9;109,111,14;134,137,6;144,150,1;154,162,1;162,163,15;191,192,10
12|78|6,8,17;11,13,13;22,23,15;35,38,0;43,45,13;49,55,6;58,64,6;68,74,6;98,102,13;105,108,0;115,116,9;124,125,15;135,136,10
12|79|14,15,15;24,29,1;45,49,1;51,53,14;61,62,9;70,73,6;75,77,13;80,83,0;83,85,13;89,96,2;98,99,9;103,104,10
12|80|4,7,0;9,10,15;22,24,17;39,41,17;48,56,6;87,89,13;89,91,17;94,97,0;110,112,14;128,133,5;138,145,1;148,149,15;160,164,6;164,166,14;207,209,14;214,215,15;243,245,13;250,252,13;267,268,15;295,296,15;300,301,9;305,306,10
12|81|7,9,13;9,11,17;16,19,13;38,40,17;43,45,13;52,54,13;57,60,0;61,62,15;62,64,14;86,88,14;90,92,13;124,127,0;142,143,9;147,148,10
12|82|10,11,15;22,23,15;32,35,0;46,47,15;55,56,15;61,63,13;66,68,14;89,92,0;98,99,9;103,104,10
12|83|30,33,6;45,53,6;55,57,14;58,63,6;77,78,15;87,91,1;121,124,0;126,127,9;133,134,15;144,145,15;151,152,10
12|84|31,33,13;59,60,15;60,62,14;85,86,15;106,107,10
12|85|6,8,17;11,12,15;27,29,17;89,90,15;94,95,9;99,100,10
12|86|8,11,0;13,15,13;23,25,17;41,43,13;50,51,15;74,75,15;98,99,10
12|87|2,3,9;11,12,15;19,21,17;34,36,17;39,43,1;67,69,17;77,79,17;82,87,2;92,93,15;104,107,0;109,110,9;117,119,17;129,134,2;139,140,15;154,155,15;164,165,15;169,170,9;174,175,10
12|88|4,7,0;16,18,17;34,36,17;39,41,13;50,51,15;82,83,15;83,84,16;107,108,9;111,117,1;122,123,9;124,129,6;142,143,15;161,163,14;172,174,13;179,182,0;183,184,15;193,195,14;199,200,15;213,214,10
12|89|19,24,5;34,38,7;63,66,6;71,72,9;76,77,10
12|90|5,7,13;7,9,17;14,17,0;24,27,6;63,64,9;66,68,13;79,81,14;84,87,0;88,89,15;104,108,13;111,114,0;116,117,9;120,124,1;145,148,0;149,150,15;171,173,14;176,177,15;187,188,10
12|91|6,8,17;11,12,15;23,25,14;36,37,15;58,62,6;62,65,0;71,72,9;77,78,10
12|92|31,32,15;52,53,15;85,86,15;86,87,16;90,91,9;95,96,10
12|93|8,10,17;24,25,9;50,52,14;74,80,1;104,106,14;110,111,10
12|94|4,7,0;18,19,15;45,48,0;81,83,13;86,90,6;92,95,0;97,98,10
12|95|6,8,17;11,12,15;21,24,0;37,38,9;43,44,15;50,51,10
12|96|4,7,0;7,9,13;12,16,6;16,18,12;21,22,15;39,40,9;52,54,14;58,59,9;62,63,15;77,85,6;112,115,0;115,117,13;132,133,15;156,157,10
12|97|6,8,17;11,13,13;22,23,15;49,51,13;54,57,0;61,64,0;68,69,9;74,75,10
12|98|38,40,13;45,48,0;50,51,9;57,58,15;68,69,15;69,70,16;75,76,10
12|99|4,7,0;16,18,17;39,42,13;71,72,15;72,74,14;79,81,17;91,95,6;95,97,12;100,101,15;115,116,10
12|100|26,27,15;44,46,17;51,52,9;59,67,1;75,77,13;86,87,9;107,108,9;113,117,6;117,119,14;124,126,14;148,156,1;158,160,14;172,174,13;197,198,15;198,199,16;202,204,14;211,213,12;220,225,5;228,229,15;233,235,14;241,244,8;252,257,1;262,263,15;263,264,16;271,272,9;300,302,13;307,310,0;324,330,2;338,340,12;347,350,0;352,353,9;359,360,15;370,371,15;377,378,10
12|101|10,12,14;31,32,15;58,62,6;70,71,15;94,95,15;95,96,16;101,102,9;104,105,9;110,111,15;122,125,6;133,134,9;139,140,15;140,141,16;152,153,15;184,190,1;196,198,14;209,210,9;214,215,10
12|102|2,3,9;16,18,8;19,21,12;24,25,15;62,65,6;84,86,14;90,92,13;92,94,17;121,122,10
12|103|4,6,13;16,17,15;17,18,16;18,21,0;51,52,10
12|104|36,38,14;65,71,2;75,76,9;80,81,10
12|105|9,14,1;23,28,6;30,31,15;31,32,16;37,38,9;40,41,9;46,47,15;100,101,10
12|106|25,29,7;29,30,15;48,53,5;59,60,10
12|107|10,12,13;12,14,17;17,21,6;34,35,9;40,46,1;57,58,15;83,84,15;84,85,16;101,106,1;123,124,10
12|108|7,8,9;12,13,9;21,23,13;26,28,14;30,32,13;32,34,17;41,42,15;82,83,15;100,102,14;104,105,9;108,109,15;120,122,13;135,136,15;146,147,10
12|109|4,6,13;21,25,6;25,27,14;45,52,1;55,57,13;66,71,5;81,82,15;88,93,13;111,113,17;118,119,15;132,135,6;138,140,17;156,157,9;164,165,15;176,180,6;180,182,14;201,202,15;218,224,2;241,243,17;262,263,10
12|110|5,8,13;15,16,15;28,29,15;29,30,16;42,45,0;45,47,13;47,49,17;52,55,0;62,64,14;72,74,17;77,79,12;108,113,1;115,117,12;151,152,15;161,162,15;166,168,14;172,173,10
12|111|4,6,14;30,32,14;35,41,2;43,45,17;49,50,15;58,59,9;80,86,1;99,100,9;102,106,6;114,115,15;161,166,1;169,175,1;182,188,2;193,198,1;204,205,10
13|1|1,3,11;3,5,11;21,22,9;25,26,15;32,33,9;40,41,15;46,48,13;51,54,6;68,73,2;79,80,15;92,93,9;95,98,0;108,109,15;109,110,16;110,113,0;129,130,10
13|2|8,9,15;23,24,15;24,25,16;30,31,9;33,34,9;51,56,6;70,73,0;74,75,15;90,91,15;112,113,15;113,114,16;124,125,15;140,145,1;145,147,14;158,164,1;166,170,0;168,176,1;184,185,15;204,205,15;211,212,9;224,228,7;232,234,12;254,255,10
13|3|7,8,15;21,22,15;51,52,9;65,66,9;67,75,1;77,81,6;85,86,15;86,87,16;94,95,9;123,124,15;143,144,15;152,153,15;153,154,16;154,157,0;167,170,0;177,178,9;189,190,9;191,197,2;202,207,1;216,217,10
13|4|6,7,15;21,27,1;31,32,9;36,37,9;38,43,1;45,48,0;48,49,9;50,56,1;65,66,9;67,72,1;77,82,1;88,93,6;99,104,1;119,124,1;135,137,12;138,143,1;143,144,9;147,152,1;184,189,6;191,192,15;205,208,0;215,216,9;227,228,9;229,235,2;240,245,1;251,252,10
13|5|6,10,6;14,16,14;24,29,6;48,51,0;57,58,9;66,69,0;82,87,6;97,99,17;101,103,12;108,109,15;125,127,17;146,148,17;150,152,12;157,158,15;166,167,9;172,174,13;195,197,17;199,201,12;212,213,9;216,217,15;217,218,16;218,221,0;241,242,9;246,247,10
13|6|22,23,15;23,24,16;37,39,14;42,43,15;58,60,14;70,74,6;74,76,14;83,84,15;92,93,9;102,105,0;129,135,2;135,136,16;136,139,0;167,170,0;189,190,15;196,197,10;197,198,14
13|7|10,11,15;27,29,17;36,38,13;41,44,6;62,68,1;68,73,2;78,82,13;85,88,0;90,92,13;95,98,6;101,104,6;105,112,1;129,130,10;130,131,14
13|8|38,41,6;58,59,15;106,109,6;111,112,9;117,119,14;121,122,10
13|9|2,3,9;8,9,15;20,21,15;21,22,16;27,28,9;33,34,15;44,45,15;53,54,10
13|10|4,6,12;7,13,1;13,16,6;16,21,5;32,33,15;46,50,6;59,60,9;82,86,8;87,88,15;104,108,8;109,110,15;110,111,16;111,114,0;116,117,10
13|11|4,5,9;15,16,9;17,23,1;24,27,8;57,58,9;72,73,9;86,87,15;98,101,0;102,103,15;155,157,17;166,169,6;184,186,13;195,196,15;210,215,6;215,217,12;218,224,6;240,243,9;254,259,5;259,263,6;268,269,9;272,276,1;276,277,10
13|12|5,6,15;23,24,15;38,44,1;49,55,1;57,60,6;63,64,15;64,65,16;74,75,15;75,76,16;81,82,10
13|13|12,13,15;13,14,16;32,33,9;36,37,15;43,45,12;66,67,9;79,80,15;80,81,16;86,87,9;110,114,1;116,118,12;132,133,9;145,146,15;168,169,15;175,176,10
13|14|4,5,9;15,16,15;28,29,15;40,42,14;50,54,6;59,60,9;84,88,7;106,107,9;128,129,15;133,135,12;142,144,14;170,171,9;177,178,9;191,193,12;196,197,15;201,202,9;225,226,10
13|15|21,25,6;27,28,15;28,29,16;34,35,9;37,38,9;43,44,15;58,64,1;69,75,1;79,80,9;84,88,7;88,89,15;101,102,15;108,109,10
13|16|7,12,2;16,17,15;17,18,16;23,24,9;26,27,9;32,33,15;47,48,15;66,67,15;76,81,5;81,85,6;90,92,13;101,103,12;126,129,6;141,147,1;155,163,6;181,182,15;195,196,15;226,227,15;227,228,16;235,236,9;241,242,15;242,243,16;243,246,0;264,266,17;281,283,12;293,295,17;306,307,9;314,315,9;320,321,15;348,349,15;358,359,9;375,380,1;385,386,15;390,391,9;396,397,15;404,405,10
13|17|2,5,6;13,14,15;14,15,16;20,22,12;27,29,12;30,35,6;52,56,8;69,70,15;79,80,15;80,81,16;94,101,2;105,113,1;115,118,0;144,145,15;145,146,16;146,149,0;153,154,15;154,156,14;160,162,12;183,184,9;185,190,6;193,199,1;205,208,9;213,214,9;228,229,15;236,237,15;247,248,15;252,253,9;264,267,0;269,270,15;270,271,16;294,296,12;297,304,1;306,309,0;317,320,6;323,324,15;324,325,16;325,328,0;347,348,15;363,364,9;378,379,15;386,387,15;395,396,10
13|18|11,12,15;22,24,17;37,38,15;53,54,15;80,82,17;87,88,9;96,99,0;104,109,5;115,116,15;131,137,1;145,146,9;153,154,9;157,158,15;166,168,17;173,177,13;180,182,17;184,186,12;200,202,12;205,206,15;225,226,9;235,238,0;252,253,15;259,260,10;260,261,14
13|19|8,12,1;21,24,0;26,28,13;31,34,6;48,53,2;59,60,15;86,89,13;94,97,0;115,117,17;120,122,17;123,124,15;132,133,10;133,134,14
13|20|28,29,15;44,47,6;53,54,15;61,62,10;62,63,14
13|21|2,3,15;24,26,13;34,35,15;46,48,13;51,55,1;99,101,12;104,105,15;111,112,10;112,113,14
13|22|2,3,15;19,21,17;22,23,15;23,25,14;29,31,12;36,38,14;61,63,17;64,65,15;65,66,16;71,72,17;72,73,9;80,83,6;86,88,17;91,94,0;100,102,14;104,105,9;114,120,1;130,135,1;137,139,14;149,150,15;161,162,15;162,163,16;176,178,17;180,182,12;196,198,14;202,203,15;203,204,16;207,208,10
13|23|2,5,0;5,6,9;11,13,14;14,19,1;19,21,14;36,40,6;55,57,12;72,73,9;90,91,9;102,103,15;109,111,12;120,122,14;138,143,5;143,147,6;153,154,10;154,155,14
13|24|4,5,9;16,20,7;48,50,14;54,55,15;55,56,16;59,60,10
13|25|2,3,15;14,17,6;30,31,15;41,44,8;55,56,9;60,61,9;66,68,14;78,80,13;88,89,15;100,102,13;105,109,1;133,134,15;147,149,17;151,153,12;165,166,15;166,167,16;188,190,12;193,194,15;194,195,16;198,199,10
13|26|10,12,14;17,18,15;18,19,16;31,35,1;37,39,12;46,48,14;64,66,17;69,70,15;76,77,17;77,78,9;81,82,15;82,83,16;98,99,15;105,106,17;106,107,9;110,111,15;111,112,16;125,126,15;148,149,10
13|27|10,11,15;27,29,17;36,38,13;41,44,6;62,68,1;68,73,2;78,81,9;89,92,0;93,94,15;111,115,1;117,119,12;130,132,13;151,152,10;152,153,14
13|28|18,20,17;25,27,14;31,34,0;44,48,7;55,56,15;80,81,15;90,92,14;96,99,0;100,101,15;107,108,10;108,109,14
13|29|18,20,17;30,32,17;33,34,15;34,35,16;38,39,9;43,44,9;76,77,10;77,78,14
13|30|4,5,9;20,21,9;26,28,13;31,34,0;35,40,6;40,42,14;52,56,6;56,58,14;62,64,13;70,76,2;84,86,17;98,99,15;104,106,13;117,119,13;150,151,15;151,152,16;159,160,9;184,186,13;191,192,9;243,244,10;244,245,14
13|31|9,12,0;21,27,6;40,41,15;71,72,15;99,100,15;126,127,15;158,160,17;168,169,15;185,187,13;187,189,17;192,197,2;204,206,12;209,210,15;225,226,15;226,227,16;227,230,0;240,248,1;260,261,15;277,279,17;289,293,7;304,306,17;336,343,1;343,347,6;379,380,15;391,394,0;395,396,15;416,417,15;424,425,10;425,426,14
13|32|9,10,15;28,34,1;34,38,6;38,40,14;76,78,17;81,84,0;119,120,10;120,121,14
13|33|16,18,12;41,45,8;70,72,17;87,89,12;99,102,0;130,131,9;155,156,15;167,171,7;173,174,9;177,183,1;186,187,15;229,231,17;251,253,17;259,260,15;260,261,16;276,280,1;287,288,15;305,306,9;314,315,10;315,316,14
13|34|14,19,6;21,22,15;28,29,17;29,30,9;33,34,15;34,35,16;58,59,15;90,95,5;108,112,1;112,113,10
13|35|10,11,15;15,18,0;21,22,15;36,37,15;54,56,14;62,66,6;74,75,15;83,84,9;101,103,12;106,111,1;131,133,14;137,138,15;147,148,15;154,156,17;164,166,14;170,171,15;175,176,9;184,185,15;185,186,16;186,189,0;189,190,10
13|36|2,3,15;21,22,9;27,28,15;34,35,9;54,56,13;59,62,6;83,84,15;98,102,1;102,105,6;116,119,9;127,130,0;132,134,13;158,159,15;170,172,13;186,188,13;202,204,14;207,209,17;226,227,10;227,228,14
13|37|6,7,9;14,17,6;21,22,9;41,49,1;56,57,15;73,75,12;79,83,7;92,94,12;138,142,1;146,151,1;157,158,10
13|38|6,8,14;26,33,1;33,37,6;37,39,14;69,70,9;71,77,1;86,93,1;115,119,1;153,154,15;176,181,6;183,184,10;184,185,14
13|39|7,9,17;10,11,15;26,28,12;48,51,6;53,55,13;58,61,0;62,63,15;69,70,10;70,71,14
13|40|4,9,1;17,20,0;30,31,15;65,68,0;75,78,0;91,92,15;98,99,9;114,115,15;121,122,10;122,123,14
13|41|15,17,17;20,23,0;33,34,15;45,48,6;61,63,14;76,77,15;117,118,9;136,137,15;143,144,10;144,145,14
13|42|4,6,14;14,15,15;26,30,6;30,32,14;49,50,15;65,73,1;104,111,1;122,123,15;130,131,9;143,145,14;149,150,15;150,151,16;154,155,10
13|43|10,11,15;27,29,17;44,52,6;64,65,15;78,83,8;112,115,6;117,118,9;126,127,15;133,134,10;134,135,14
14|1|1,3,11;11,12,9;17,20,6;24,25,9;48,49,15;49,50,16;50,53,0;62,63,15;63,64,16;71,72,9;81,82,15;82,83,16;83,86,0;120,121,9;124,125,15;135,136,15;142,143,10;143,144,14
14|2|8,9,15;20,21,9;30,31,15;31,32,16;37,38,9;40,41,9;54,55,15;73,79,2;83,84,9;103,108,6;110,111,10;111,112,14
14|3|25,26,15;32,33,17;33,34,9;37,38,15;38,39,16;54,55,15;81,85,6;103,105,14;126,128,17;130,132,12;145,146,9;147,151,8;154,155,10
14|4|4,6,13;21,26,2;57,58,9;90,91,15;100,104,1;106,108,12;123,127,1;129,131,12;143,144,15;154,155,15;161,162,10
14|5|6,8,14;37,38,9;42,44,13;56,58,14;73,74,15;74,75,16;82,83,9;92,93,15;93,94,16;94,97,0;112,116,7;122,123,9;126,127,15;138,141,0;148,149,9;160,161,9;162,168,2;181,186,6;188,189,10
14|6|32,33,15;40,42,17;52,53,15;78,81,6;82,83,9;85,90,5;127,129,12;132,133,15;160,162,14;164,166,12;193,195,12;212,213,9;217,221,7;223,225,12;226,232,1;232,237,2;249,250,10
14|7|31,35,6;53,56,0;69,73,6;84,87,0;103,104,10;104,105,14
14|8|13,16,13;19,23,6;29,31,13;31,33,17;36,39,6;46,50,6;52,53,15;68,74,6;76,79,0;80,81,15;102,103,10;103,104,14
14|9|24,26,17;27,28,15;39,43,6;43,45,14;63,68,1;72,77,1;89,90,15;102,105,8;141,142,15;153,155,12;172,176,7;176,177,15;186,187,9;197,199,13;199,201,17;217,219,13;226,227,9;241,243,13;243,245,17;248,251,0;267,269,13;280,284,7;286,287,9;292,295,0;307,313,1;313,316,0;320,322,14;329,331,13;345,346,10;346,347,14
14|10|27,28,15;39,44,6;50,51,15;51,52,16;57,58,9;60,61,9;66,67,15;80,82,14;105,110,5;110,114,6;144,147,13;153,159,1;161,165,0;163,171,6;174,176,13;176,178,17;186,189,6;204,210,1;231,235,6;247,250,0;272,274,12;299,300,9;301,307,1;309,310,10
14|11|28,33,1;50,56,1;69,70,9;72,75,0;76,77,15;88,91,0;101,105,1;107,109,12;126,127,9;146,148,13;151,156,1;164,168,7;174,175,9;194,195,15;212,213,15;236,237,15;247,248,10
14|12|10,12,13;38,39,15;50,52,14;58,59,9;87,90,0;100,102,13;129,130,15;153,154,15;167,168,10
14|13|8,9,15;25,27,17;51,54,0;56,61,5;72,74,13;89,92,0;118,121,13;153,156,0;157,158,15;158,159,16;162,163,9;167,168,10
14|14|12,15,0;20,21,15;33,36,8;50,51,9;90,91,10;91,92,14
14|15|2,3,15;14,16,17;44,45,10;45,46,14
14|16|3,7,1;9,11,12;15,16,9;21,24,0;40,45,1;45,47,12;48,53,6;55,56,10;56,57,14
14|17|13,14,9;38,39,9;52,53,15;64,68,6;78,83,1;100,107,1;109,113,1;115,117,12;121,122,9;135,136,10
14|18|8,9,15;25,27,17;48,49,9;66,67,15;82,83,15;83,84,16;108,116,2;120,122,14;132,135,0;144,146,17;159,166,6;166,167,9;177,178,15;178,179,16;184,185,9;188,189,15;195,196,10;196,197,14
14|19|14,17,0;18,19,15;33,34,15;34,35,16;40,41,9;43,44,9;49,50,15;61,62,15;74,78,1;89,91,14;112,117,6;119,120,10;120,121,14
14|20|8,9,9;20,21,15;34,35,10
14|21|9,11,17;26,32,6;38,39,15;39,40,16;47,49,12;51,53,17;65,66,15;76,78,13;78,80,17;83,86,0;90,93,0;107,113,6;120,123,6;123,128,5;138,141,0;156,157,15;166,170,6;173,180,6;184,186,17;197,198,9;202,203,15;220,221,9;232,234,12;245,247,13;258,260,13;288,293,1;295,296,10
14|22|8,9,15;9,10,16;17,18,9;23,26,0;35,36,15;47,50,0;51,52,15;77,78,15;92,93,3;145,150,5;150,154,6;158,159,9;167,169,13;172,176,6;189,190,15;196,198,14;234,236,13;236,238,17;241,244,6;248,255,5;255,257,13;284,286,13;289,292,6;292,296,7;312,315,0;330,332,13;351,355,6;355,357,14;364,367,0;368,369,15;369,370,16;373,374,9;401,402,10
14|23|4,6,14;11,12,15;29,31,17;41,43,17;44,45,15;45,46,16;49,50,9;54,55,9;60,63,0;63,64,9;65,70,6;70,72,14;78,82,6;90,91,15;99,100,9;105,106,9;167,168,10
14|24|26,27,15;39,45,6;50,55,6;61,66,6;73,78,6;102,107,1;121,122,15;122,123,16;128,130,12
14|25|6,8,13;29,33,8;63,64,15;71,72,15;86,87,16;87,90,0;117,118,10
14|26|26,31,6;50,51,15;51,53,14;63,67,6;72,73,15;94,98,6;100,101,10
14|27|10,11,15;18,19,15;36,38,17;41,42,15;51,52,15;52,53,16;66,67,15;73,74,17;74,75,9;78,79,15;79,80,16;95,96,15;132,133,9;170,172,12
14|28|20,21,15;38,40,17;50,51,15;63,69,1;77,79,17;97,98,15;104,105,10
14|29|4,7,0;35,36,15;42,43,10
14|30|9,11,17;22,25,6;27,34,2;42,44,17;47,51,6;58,61,9;77,79,17;84,87,0;106,107,15;107,108,16;108,111,0;111,112,10
14|31|17,18,15;35,37,17;46,48,17;49,50,15;50,51,16;56,57,17;57,58,9;65,68,6;71,73,17;76,79,0;85,87,14;89,90,9;99,105,1;115,121,1;121,125,6;125,127,14;132,136,1;148,154,2;161,166,6;180,181,10
14|32|8,9,15;23,24,15;24,25,16;30,31,9;33,34,9;39,40,15;53,56,6;64,65,15;65,66,16;71,73,12;78,80,12;81,86,6;99,100,9;106,107,15;107,108,16;115,116,9;124,131,2;155,156,15;169,171,14;180,181,15;200,201,9;221,222,15;230,231,10
14|33|17,18,15;18,19,16;29,30,15;41,43,12;71,72,15;82,83,15;83,84,16;84,87,0;89,90,10
14|34|8,9,9;11,16,5;16,20,6;48,52,6;58,60,17;70,71,15;91,93,13;98,101,0;102,103,15;107,110,6;110,111,9;122,127,6;130,131,10
14|35|15,17,14;19,20,9;32,33,15;33,35,14;42,43,9;47,48,15;63,69,1;69,70,15;70,72,14;74,76,14;92,97,1;104,105,15;113,114,10
14|36|8,11,0;13,16,0;34,41,1;44,45,15;45,46,16;46,49,0;59,63,6;75,78,0;80,81,9;84,87,0;111,114,0;123,129,2;131,132,10
14|37|8,10,13;13,16,0;16,18,13;25,28,6;31,35,6;73,76,6;86,87,15;118,120,17;121,122,15;122,123,16;128,129,17;129,130,9;135,136,15;136,138,14;153,159,1;162,163,15;163,164,16;164,167,0;177,179,13;193,194,15;198,200,14;202,207,5;210,211,15;211,212,16;219,220,9;243,244,10
14|38|7,9,13;12,15,0;77,78,15;87,91,6;94,99,6;101,102,15;121,122,15;122,123,16;128,130,12
14|39|18,19,15;43,44,15;59,60,9;74,75,9;82,85,0;103,104,15;104,105,16;110,112,12
14|40|6,7,15;7,9,14;25,26,15;26,27,16;32,33,17;33,34,9;41,45,6;82,84,12
14|41|9,10,15;27,28,9;69,70,15;76,77,10;77,78,14
14|42|14,17,0;18,19,15;28,29,9;37,40,0;51,52,15;52,53,16;56,57,9;69,72,0;97,102,6;115,116,15;120,122,14;124,125,10
14|43|14,16,14;94,96,12
14|44|4,7,6;10,11,15;11,12,16;12,15,0;38,39,15;59,60,15;76,78,17;86,88,13;98,100,13;105,108,13;114,119,6;123,129,1;131,133,14;157,158,15;158,159,16;185,187,13;187,189,17;192,194,14;200,205,5;205,209,6;209,211,14;222,227,5;227,231,6;233,234,10
14|45|6,9,6;20,21,9;26,27,15;42,44,13;44,46,17;49,52,6;108,110,14;121,122,15;130,131,10
14|46|4,6,14;14,16,17;32,35,6;36,37,15;59,63,6;95,96,15;102,103,10
14|47|14,17,0;18,19,15;43,44,9;53,55,13;60,63,0;64,65,15;78,83,6;85,86,15;86,89,6;91,92,10
14|48|17,18,15;34,35,15;46,47,15;47,48,16;53,54,9;56,57,9;71,73,17;82,83,15;87,88,9;93,94,15;101,102,10
14|49|8,9,15;13,15,14;32,38,1;53,54,15;62,63,10;63,64,14
14|50|12,17,5;17,21,6;27,32,1;53,54,15;54,55,16;55,58,0;58,59,10
14|51|4,6,14;11,12,15;30,36,1;51,54,0;55,56,15;71,72,15;78,79,10;79,80,14
14|52|2,3,9;11,12,9;13,19,2;19,20,16;20,23,0;33,36,6;39,41,17;46,47,9;60,62,13;62,64,17;67,70,0;83,84,9;85,90,1;90,91,9;94,99,1;114,116,17;119,121,17;122,123,15;131,132,10;132,133,14
15|1|1,3,11;19,20,9;23,24,15;30,31,9;44,50,1;52,53,10
15|2|17,18,15;34,36,17;48,50,17;59,60,10
15|3|18,20,17;35,37,17;51,52,15;80,81,10
15|4|4,6,13;21,25,6;53,59,1;63,64,10
15|5|21,24,0;56,57,10
15|6|8,10,17;13,15,13;24,25,15;49,50,15;50,51,16;61,64,0;71,73,14;75,76,10
15|7|23,24,15;30,32,12;41,45,6;45,48,6;54,55,15;55,56,16;59,60,9;64,65,10
15|8|14,15,15;21,23,12;39,40,15;59,61,13;61,63,17;67,74,1;74,77,6;79,80,10
15|9|2,5,0;25,26,15;26,27,16;39,42,0;48,49,9;54,55,9;59,60,10
15|10|6,8,14;23,27,6;27,29,14;45,46,15;55,56,10
15|11|15,20,5;20,25,2;44,46,17;51,52,9;65,66,10
15|12|4,5,9;20,21,9;34,35,15;39,41,14;45,46,10
15|13|20,23,9;28,30,14;40,43,0;46,47,15;56,57,10
15|14|25,29,7;31,38,1;41,42,15;42,43,16;48,50,12;61,63,17;78,79,10
15|15|7,9,13;9,11,17;14,17,0;33,35,14;37,38,9;61,67,1;74,75,10
15|16|6,8,14;23,24,15;24,25,16;30,32,12;41,47,1;52,55,0;55,56,9;62,63,16;63,66,0;66,67,9;71,72,10
15|17|10,11,9;17,21,6;31,32,9;33,39,2;41,42,10
15|18|12,13,15;22,23,15;23,24,16;44,45,9;52,58,1;60,61,10
15|19|2,3,15;16,18,14;20,21,9;50,51,9;61,63,8;79,83,6;92,98,1;102,103,10
15|20|30,31,9;40,45,2;56,57,9;62,63,9;67,68,10
15|21|4,9,1;9,13,6;27,30,6;38,40,12;46,47,9;65,67,13;82,88,1;92,93,10
15|22|14,15,15;15,16,16;21,22,9;29,30,9;39,42,6;53,54,15;54,55,16;60,62,12;67,69,12;70,75,6;85,86,9;98,100,13;103,106,6;113,114,9;119,120,9;124,125,10
15|23|4,7,0;24,25,9;45,46,15;50,51,9;55,56,10
15|24|6,8,14;19,20,15;28,30,14;40,43,6;52,54,14;65,66,15;81,82,10
15|25|4,7,0;38,41,0;43,44,9;57,58,10
15|26|6,8,14;13,15,14;19,20,15;24,27,6;27,28,9;33,37,6;41,42,9;43,49,1;57,63,1;67,68,10
15|27|2,3,15;7,9,11;9,12,0;17,19,14;21,22,9;27,31,6;31,33,14;38,43,1;47,48,15;48,49,16;54,55,10
15|28|29,31,12;40,43,0;47,48,9;51,55,8;59,66,1;66,70,6;74,75,9;76,82,1;90,96,1;100,101,10
15|29|19,20,9;40,45,2;57,59,17;64,65,9;68,69,9;73,74,10
15|30|9,10,15;16,18,12;37,39,14;43,44,10
15|31|5,7,13;10,12,14;22,25,13;28,32,1;43,44,15;44,45,16;48,49,9;53,54,10
15|32|8,10,13;12,14,14;49,50,15;50,51,16;54,55,9;59,60,10
15|33|15,20,2;42,44,14;48,49,9;52,56,6;60,61,9;62,68,1;76,82,1;86,87,10
15|34|8,9,15;13,15,14;28,31,0;38,39,10
15|35|4,7,0;17,18,15;18,19,16;43,44,15;44,45,16;48,49,10
15|36|16,19,6;23,25,13;42,44,14;48,49,10
15|37|10,13,0;21,22,15;26,29,6;31,32,10
15|38|14,15,15;19,21,14;24,25,15;33,34,10
15|39|16,18,13;44,47,0;59,60,15;81,84,0;91,93,14;97,98,10
15|40|26,27,15;37,38,10
15|41|8,9,9;17,18,9;37,38,10
15|42|2,5,0;44,45,9;60,61,15;76,77,15;84,85,10
15|43|4,7,0;12,15,0;35,37,14;41,42,10
15|44|8,10,14;17,19,14;21,22,9;23,29,2;39,45,1;57,63,1;63,65,14;67,68,10
15|45|2,5,0;6,7,15;26,29,0;29,30,9;31,36,1;40,41,10
15|46|1,3,14;18,19,9;29,30,10
15|47|29,34,5;49,50,9;66,72,1;76,77,9;81,82,10
15|48|28,33,1;39,44,5;60,61,10
15|49|17,19,13;22,25,0;25,27,13;34,35,15;45,46,15;46,47,16;52,53,10
15|50|4,7,0;22,23,15;33,34,15;40,41,10
15|51|16,20,6;27,29,14;31,32,9;34,35,10
15|52|12,14,17;32,34,17;39,40,9;41,47,6;53,56,0;60,63,6;72,73,10
15|53|6,8,17;24,27,0;47,48,9;55,56,10
15|54|28,31,13;34,39,1;47,48,15;73,74,10
15|55|6,8,17;18,19,9;24,25,15;43,48,1;51,52,15;56,57,9;61,62,10
15|56|10,14,1;14,16,14;23,28,2;42,44,13;52,53,15;53,54,16;57,59,11;62,63,10
15|57|14,16,14;32,33,15;43,44,10
15|58|5,7,13;7,9,17;12,15,0;15,17,13;28,30,13;43,49,1;49,51,14;55,56,10
15|59|5,7,13;22,25,0;44,46,14;50,51,10
15|60|7,8,15;18,19,9;29,31,13;36,39,0;50,51,15;55,56,9;60,61,10
15|61|4,7,0;11,13,12;28,29,15;39,40,10
15|62|8,11,0;21,27,1;27,30,6;32,33,10
15|63|6,8,17;20,21,9;36,38,17;53,54,10
15|64|10,11,9;16,17,15;29,32,0;38,39,9;43,44,10
15|65|24,26,14;27,33,1;36,37,15;47,48,15;58,60,14;62,63,9;89,92,6;100,105,1;105,106,15;111,113,17;129,130,10
15|66|10,12,13;24,25,9;30,31,15;42,45,0;56,58,12;62,64,12;69,71,14;75,81,1;87,88,10
15|67|4,6,12;16,17,15;35,37,14;41,42,10
15|68|8,11,0;14,16,12;20,22,12;47,48,10
15|69|2,3,15;9,11,17;12,13,15;32,33,10
15|70|5,7,13;7,9,17;33,34,15;38,39,9;43,44,10
15|71|8,10,12;14,16,12;26,28,13;31,35,6;35,38,6;43,44,9;48,49,10
15|72|13,16,0;48,49,10
15|73|15,16,15;16,17,16;35,36,10
15|74|14,15,9;67,73,1;73,77,6;80,81,10
15|75|2,5,0;12,13,9;24,25,9;26,32,2;45,46,10
15|76|4,7,0;21,27,1;29,30,10
15|77|2,5,0;12,13,9;25,31,2;41,42,10
15|78|4,8,6;18,19,9;22,23,15;38,39,9;43,44,10
15|79|2,3,15;3,6,6;27,30,0;46,52,1;54,55,10
15|80|6,8,14;23,24,9;27,28,15;32,34,14;37,38,15;48,49,10
15|81|11,12,9;22,23,9;37,39,17;56,57,10
15|82|8,10,17;28,29,15;55,56,10
15|83|15,16,15;16,17,16;35,36,10
15|84|4,6,13;22,27,5;35,37,17;46,47,10
15|85|10,12,14;16,17,15;17,18,16;23,24,9;26,27,9;32,33,15;58,60,13;70,71,15;85,88,0;89,90,15;90,91,16;109,116,6;141,142,10
15|86|2,5,0;19,20,15;27,28,9;31,32,15;38,39,10
15|87|6,8,14;18,19,9;24,26,14;27,34,1;37,38,15;51,52,15;64,65,15;71,72,10
15|88|11,14,0;52,54,13;61,62,9;63,70,1;105,106,15;135,136,10
15|89|9,12,0;12,14,13;21,22,15;22,23,16;23,26,0;32,33,15;39,40,10
15|90|4,6,13;9,12,6;24,25,15;29,31,14;37,38,10
15|91|17,19,17;20,21,15;37,38,10
15|92|23,26,0;33,35,14;39,40,10
15|93|2,5,0;13,15,17;24,25,10
15|94|2,3,15;41,42,15;52,53,10
15|95|2,5,0;15,16,9;19,20,15;34,35,10
15|96|12,14,14;27,28,15;39,40,9;71,72,10
15|97|6,8,14;20,23,0;36,38,14;56,57,10
15|98|31,36,1;39,40,15;40,41,16;44,45,9;49,50,10
15|99|2,3,15;7,9,14;37,38,15;44,45,10
16|1|4,7,13;15,16,15;49,51,14;53,54,9;58,59,9;66,67,9;74,77,0;87,88,10
16|2|10,11,15;17,19,12;28,29,15;29,30,16;50,51,9;61,65,1;67,69,12;86,88,13;96,99,6;101,103,13;103,105,17;108,111,0;113,114,9;117,119,13;124,125,9;133,135,13;145,146,15;151,152,10
16|3|7,8,15;8,9,16;14,15,9;17,18,9;23,24,15;35,36,15;50,51,9;58,61,0;71,72,10
16|4|7,8,15;12,15,6;15,16,9;21,26,1;26,28,14;31,36,6;53,59,1;61,62,10
16|5|2,3,15;11,12,9;46,51,1;55,56,9;79,80,10
16|6|57,58,10
16|7|37,43,2;54,56,17;59,60,9;83,84,15;88,91,6;98,101,0;120,126,2;128,129,10
16|8|2,3,15;14,15,15;27,28,15;61,68,1;93,94,10
16|9|8,9,15;23,24,15;24,25,16;46,48,12;51,58,1;65,67,12;77,78,9;85,87,14;91,92,10
16|10|5,6,15;11,13,13;16,19,6;27,28,15;28,29,16;34,36,12;41,43,12;44,52,2;54,59,5;70,75,1;87,92,6;103,104,10
16|11|3,5,8;13,17,7;20,21,15;21,22,16;32,33,15;33,34,16;47,48,15;48,49,16;49,52,0;60,61,15;69,70,9;77,81,6;85,86,15;86,87,16;94,95,9;102,105,0;112,113,9;125,131,2;136,141,1;150,151,10
16|12|17,18,15;28,29,15;29,30,16;30,33,0;41,42,15;42,43,16;53,54,15;67,68,15;68,69,16;69,72,0;87,88,9;89,93,8;102,104,13;109,112,0;119,120,9;131,132,9;133,139,2;144,149,1;155,156,10
16|13|24,25,15;52,53,9;57,59,13;64,67,0;74,75,9;87,93,2;98,103,1;111,112,10
16|14|7,8,15;23,24,15;44,46,17;59,65,6;69,75,1;88,90,17;105,110,6;131,132,15;163,165,14;170,172,17;175,179,6;185,186,9;209,210,10
16|15|15,16,15;29,30,9;37,41,6;62,63,9;64,70,1;75,82,2;100,101,10
16|16|6,7,9;9,10,9;11,18,1;20,21,15;21,22,16;22,25,0;25,27,14;43,44,10
16|17|6,10,1;21,26,2;56,57,10
16|18|4,8,6;14,16,17;26,27,15;47,49,13;54,57,0;58,59,15;74,80,2;82,83,10
16|19|2,3,15;48,49,10
16|20|2,3,15;14,16,14;24,28,6;32,33,15;62,68,1;81,82,10
16|21|6,7,9;23,25,12;26,33,1;60,62,14;66,67,10
16|22|4,5,9;16,17,9;18,23,1;23,24,9;27,34,6;34,35,15;62,63,15;83,88,5;88,91,6;94,99,1;101,106,5;116,117,10
16|23|13,16,0;17,18,15;71,74,0;76,77,9;90,91,15;105,106,10
16|24|18,23,5;26,28,13;31,34,6;54,56,13;56,58,17;63,64,9;70,71,15;80,81,10
16|25|10,12,13;12,14,17;37,42,1;47,48,15;54,55,9;79,80,15;101,105,7;129,131,12;144,145,10
16|26|2,4,14;12,13,15;24,28,6;28,30,14;45,46,15;59,60,9;64,69,5;72,73,15;104,105,15;105,106,16;109,111,14;116,120,6;136,137,9;142,143,15;177,178,10
16|27|2,5,0;13,14,15;20,21,9;61,63,12;68,69,15;80,83,6;90,92,11;115,116,15;131,133,17;134,135,15;146,149,0;150,151,15;160,161,15;172,173,15;173,174,16;177,179,12;188,189,15;193,194,9;198,199,10
16|28|20,21,9;26,27,15;33,35,12;49,51,13;54,57,6;76,78,17;79,80,15;80,81,16;95,98,0;111,115,6;115,117,12;118,124,8;127,130,13;133,136,0;137,138,15;151,155,8;162,165,6;176,177,10
16|29|2,3,15;3,5,14;9,11,13;11,13,17;16,18,14;20,21,9;28,31,0;36,37,9;73,74,15;87,88,10
16|30|21,22,15;29,31,17;37,39,13;42,45,6;66,68,17;74,83,2;101,103,17;110,111,9;116,117,15;117,118,16;134,141,1;149,150,15;166,173,1;198,199,10
16|31|2,5,0;5,6,9;11,13,14;14,19,1;19,21,14;34,36,14;42,46,6;54,55,15;63,64,9;91,93,12;105,106,9;113,115,14;119,120,15;127,128,15;137,138,10
16|32|20,21,9;26,27,15;33,35,12;70,71,9;85,86,15;86,88,14;93,95,17;96,97,15;101,104,0;115,118,6;129,130,10
16|33|7,10,6;21,23,13;26,30,6;41,42,15;48,50,12;92,93,9;105,106,15;117,121,6;121,123,14;149,150,15;161,162,9;164,168,6;171,173,13;173,175,17;178,181,6;196,197,10
16|34|37,39,17;52,57,5;65,67,17;72,73,9;86,87,10
16|35|8,9,15;27,29,17;37,39,12;42,43,15;58,60,14;66,70,6;75,76,9;79,83,6;86,92,1;101,103,13;109,111,12;136,140,6;145,146,9;149,153,6;156,163,6;165,166,9;178,179,15;190,194,6;194,196,14;218,219,15;219,220,16;235,236,15;242,243,9;246,247,15;253,254,10
16|36|6,8,14;31,34,0;35,41,2;53,54,15;61,63,17;64,65,15;74,75,15;75,77,14;84,86,17;87,88,15;88,89,16;92,93,9;109,114,5;123,124,15;139,144,5;164,165,15;165,166,16;171,172,9;187,189,17;194,195,15;206,207,15;207,210,6;213,215,17;231,232,9;239,240,15;251,252,10
16|37|2,6,6;25,26,9;35,38,0;39,40,15;61,65,1;83,88,5;88,93,1;93,94,9;98,99,10
16|38|4,6,14;11,13,17;16,17,15;37,38,9;53,55,14;60,61,15;70,74,1;110,116,1;118,119,9;121,124,0;134,135,15;135,136,16;136,139,0;155,156,10
16|39|19,20,15;60,61,15;76,78,13;78,80,17;83,86,0;97,99,17;102,103,9;107,108,10
16|40|2,5,0;32,34,13;39,41,14;43,44,9;49,54,1;64,65,9;68,72,6;76,77,10
16|41|2,3,15;20,22,17;27,28,15;38,41,8;58,60,17;72,75,0;84,85,15;85,86,16;102,109,1;113,115,14;118,119,15;152,154,17;163,164,10
16|42|17,19,17;50,51,10
16|43|4,6,13;21,25,6;25,27,14;45,52,1;55,57,13;80,82,13;82,84,17;92,93,15;93,94,16;104,108,6;108,111,6;126,127,10
16|44|2,3,15;12,13,9;18,19,15;19,20,16;34,37,6;41,43,13;53,54,15;54,55,16;77,78,16;78,81,0;133,134,10
16|45|11,12,15;28,30,17;31,32,15;32,33,16;48,52,1;59,60,15;74,75,15;102,103,15;137,138,10
16|46|44,48,7;56,57,10
16|47|33,38,6;40,43,0;62,68,2;70,71,10
16|48|15,17,17;36,37,15;46,50,6;53,58,1;67,69,17;74,75,9;79,80,9;86,87,15;99,100,15;100,101,16;106,108,12;119,126,2;141,142,9;146,147,10
16|49|27,28,15;28,29,16;34,35,9;37,38,9;51,52,15;63,67,6;67,69,11;73,78,1;78,79,15;85,87,12;117,118,10
16|50|18,23,5;23,27,6;62,63,10
16|51|10,11,15;31,33,13;33,35,17;40,41,9;48,49,15;62,65,0;78,79,9;80,85,1;85,86,9;89,96,6;101,102,9;107,108,15;114,115,10
16|52|6,7,9;16,17,15;17,18,16;23,24,9;26,27,9;32,33,15;49,50,15;50,51,16;80,81,15;95,96,10
16|53|10,15,5;15,20,1;25,30,6;35,36,15;47,50,0;67,68,15;68,69,16;89,91,14;96,97,10
16|54|2,5,0;19,20,15;20,21,16;30,33,6;48,54,1;54,57,6;57,61,7;79,80,10
16|55|11,13,17;18,20,13;30,31,9;50,54,17;72,73,10
16|56|4,6,14;42,49,1;49,52,0;58,60,14;62,63,9;72,73,15;91,94,0;97,100,0;104,107,6;118,119,10
16|57|4,6,14;22,23,15;29,30,9;35,37,14;39,40,9;44,45,9;54,59,5;69,70,10
16|58|24,28,7;28,29,15;33,36,6;47,49,14;53,54,9;63,69,1;78,79,10
16|59|6,7,9;17,18,15;29,33,6;33,35,12;54,58,13;71,72,9;100,101,9;106,107,15;107,108,16;127,129,12;144,145,10
16|60|29,30,15;119,120,10
16|61|17,18,15;25,26,15;26,27,16;27,30,0;44,49,5;70,74,6;74,76,11;80,85,1;87,88,9;90,94,1;110,113,13;119,125,1;127,131,0;129,137,6;145,147,12;188,195,1;205,207,14;211,212,10
16|62|4,6,14;62,63,15;74,77,0;85,86,15;112,115,0;123,124,15;124,125,16;125,128,0;136,139,0;141,146,5;152,153,10
16|63|2,3,15;14,16,14;27,29,13;34,37,13;43,49,1;49,53,6;53,55,14;77,78,15;78,79,16;86,87,9;96,97,9;123,124,15;154,155,10
16|64|4,6,13;9,12,6;27,28,15;34,35,9;64,65,15;72,73,15;82,84,17;98,104,1;111,117,2;122,127,1;133,134,10
16|65|2,3,15;12,15,6;23,24,15;24,25,16;30,32,12;37,39,12;40,45,6;58,59,15;83,85,13;90,93,0;100,101,9;113,119,2;124,129,1;135,136,10
16|66|4,7,0;19,20,15;28,29,9;36,38,14;41,49,1;56,61,5;61,64,0;79,80,9;84,87,8;98,103,1;106,112,2;124,130,6;130,132,12;135,142,2;142,143,16;146,147,9;151,152,10
16|67|4,8,6;12,13,9;16,17,15;17,18,16;18,21,0;29,30,15;38,39,9;67,73,1;93,96,0;103,104,9;116,122,2;127,132,1;138,139,10
16|68|25,26,15;26,27,16;27,30,0;40,41,15;55,56,15;72,78,1;83,84,15;84,85,16;97,100,0;110,111,10
16|69|2,5,0;14,18,6;22,23,15;23,24,16;31,32,9;37,38,15;66,74,1;84,87,8;103,109,1;124,125,9;129,130,9;141,143,12;144,150,2;150,151,16;151,154,0;162,165,0;172,173,9;185,191,2;196,201,1;210,211,10
16|70|2,3,15;23,26,0;37,38,9;49,52,6;52,57,5;57,61,1;71,74,13;84,85,15;126,131,6;142,145,0;146,147,15;160,165,6;167,168,10
16|71|2,3,15;41,46,6;48,49,15;49,50,16;66,67,15;84,86,17;91,93,11;135,136,9;160,162,12;182,183,15;192,194,14;198,199,10
16|72|2,3,15;21,26,5;31,34,6;47,48,9;49,55,1;66,71,5;80,81,9;85,89,7;104,109,1;117,122,5;125,126,15;126,127,16;135,136,9;147,148,15;152,153,9;183,184,15;204,205,10
16|73|16,20,6;24,25,15;61,68,1;71,72,15;72,73,16;78,79,9;81,82,9;87,88,15;103,109,1;124,125,10
16|74|15,17,17;26,27,15;43,46,0;47,48,15;68,71,6;86,87,10
16|75|9,10,15;27,29,14;30,37,1;43,50,2;54,56,14;73,78,1;80,85,2;87,89,14;91,92,9;97,100,0;115,121,6;128,131,6;145,151,1;174,175,9;180,181,15;230,231,10
16|76|9,10,15;22,29,2;48,50,13;53,55,14;66,68,14;85,90,1;115,116,9;187,191,1;200,201,15;205,207,14;230,231,9;232,238,1;244,245,10
16|77|17,18,15;18,19,16;24,25,9;27,28,9;33,34,15;49,51,13;59,60,15;60,61,16;86,87,15;108,110,14;119,122,0;123,124,15;149,154,6;156,157,10
16|78|2,3,15;20,25,5;26,29,8;38,41,0;43,44,9;73,79,1;93,94,15;94,95,16;105,106,15;110,112,14;114,115,9;120,121,15;157,158,10
16|79|13,15,17;22,23,15;23,24,16;41,42,9;43,48,6;56,57,15;57,58,16;63,65,12;82,85,0;93,94,15;105,108,0;115,116,9;127,128,9;129,135,2;140,145,1;151,152,10
16|80|2,3,15;21,26,5;27,30,8;46,52,1;63,68,5;68,72,6;78,79,15;87,88,9;97,103,6;210,212,13;217,218,9;219,225,1;229,230,9;243,244,10
16|81|2,3,15;21,26,5;26,29,0;42,43,9;44,50,1;61,66,5;69,70,15;86,87,9;88,94,1;112,113,9;129,130,15;144,145,9;158,162,7;177,178,9;187,190,0;201,202,9;234,235,10
16|82|4,8,6;15,17,17;22,25,0;38,39,15;45,46,9;49,50,15;56,57,10
16|83|21,22,15;31,34,0;37,40,6;64,65,15;69,70,9;74,75,10
16|84|11,13,14;20,24,6;30,33,0;34,39,6;43,49,6;49,52,0;84,86,17;110,111,10
16|85|14,15,15;31,33,17;34,35,15;83,86,6;88,89,10
16|86|14,15,15;33,35,17;42,44,12;57,59,17;71,73,12;77,79,12;88,90,12;96,97,15;108,111,0;115,117,14;120,122,17;125,129,6;147,149,17;161,162,15;173,176,0;185,186,9;190,191,10
16|87|10,12,17;19,20,15;38,39,15;39,40,16;64,69,5;77,79,17;88,89,10
16|88|17,19,17;28,30,17;33,37,6;43,44,15;53,55,14;57,58,9;69,75,6;80,81,15;103,105,17;114,115,10
16|89|11,13,14;30,33,0;34,39,6;54,59,5;64,67,6;109,111,12;115,117,12;144,145,15;151,152,9;157,159,14;161,162,9;163,170,2;181,186,1;189,195,1;202,207,1;228,229,10
16|90|4,7,0;8,9,15;27,28,15;32,34,14;39,40,15;48,49,9;59,61,12;68,69,15;96,97,15;105,107,12;112,113,15;117,120,6;125,126,15;169,170,10
16|91|9,11,17;21,22,15;37,38,9;40,41,3;55,58,6;61,63,17;64,65,15;73,74,9;101,103,14;115,116,15;147,150,0;151,152,15;180,181,10
16|92|14,16,17;19,20,15;49,52,8;68,71,6;71,72,9;73,79,6;96,97,9;109,114,8;126,130,6;138,141,0;165,168,0;175,178,0;184,186,14;194,195,15;206,209,9;223,226,0;241,242,15;248,249,9;260,263,6;282,283,10
16|93|9,11,12;14,15,15;37,40,0;41,46,1;46,47,9;52,57,1;59,60,9;62,66,1;74,78,1;80,82,12;97,101,1;103,105,12;123,126,0;129,132,0;136,139,6;150,151,10
16|94|15,17,13;17,19,17;26,27,9;39,44,8;69,73,8;100,102,17;103,104,15;104,105,16;108,110,12;123,124,3;132,136,6;142,143,15;173,174,10
16|95|15,17,17;27,28,15;40,46,6;57,60,0;66,69,6;70,71,15;88,94,2;101,105,6;105,108,6;119,120,10
16|96|6,9,6;16,19,6;32,35,6;36,37,15;48,55,1;59,61,14;65,68,0;69,70,15;85,87,13;87,89,17;92,94,14;98,102,7;121,123,17;132,133,10
16|97|14,15,9;18,25,1;25,29,6;41,44,6;61,66,6;76,79,0;81,82,9;87,88,17;88,89,9;90,95,6;101,108,1;112,114,14;118,121,0;128,130,14;134,138,7;157,159,17;168,169,10
16|98|17,18,15;32,33,15;44,45,15;57,58,15;58,59,16;66,67,9;70,71,15;71,72,16;77,78,10
16|99|2,5,0;7,8,9;20,21,9;28,29,9;38,39,15;56,58,17;89,90,10
16|100|2,5,0;15,16,9;20,21,9;28,29,15;53,54,9;57,58,15;69,73,7;75,76,9;85,86,10
16|101|17,19,13;26,32,1;44,51,1;51,52,15;89,91,13;91,93,17;96,99,0;101,103,13;106,109,6;117,123,8;152,153,10
16|102|14,15,9;22,23,15;34,39,2;47,48,15;68,69,15;86,88,17;94,100,1;121,122,10
16|103|6,8,14;20,23,0;41,44,0;59,60,9;66,74,2;80,81,15;119,124,1;126,127,9;147,153,1;155,156,10
16|104|2,5,0;6,7,15;40,41,9;44,45,15;68,69,15;97,98,10
16|105|2,5,0;19,20,15;29,30,15;63,64,9;67,68,15;81,83,17;85,87,12;97,98,15;102,103,9;107,108,10
16|106|2,6,6;13,14,15;24,27,8;38,39,9;43,45,13;77,78,9;81,83,14;87,91,0;89,93,8;94,95,15;102,103,9;110,111,9;113,118,1;118,122,6;129,130,15;141,143,14;144,150,6;166,172,1;175,176,15;204,205,10
16|107|2,3,9;12,15,0;20,21,15;31,33,17;34,35,15;41,42,17;42,43,9;46,47,15;47,48,16;63,64,15;79,82,0;118,119,9;123,124,10
16|108|2,4,17;6,8,12;13,14,15;30,31,15;74,76,14;78,79,9;92,94,17;96,98,12;108,109,15;113,114,9;118,119,10
16|109|13,16,0;25,26,15;47,48,9;52,53,10
16|110|2,5,0;8,11,0;39,41,17;45,48,8;65,67,17;70,73,0;76,77,9;82,84,17;93,95,13;95,97,17;100,103,0;115,118,8;135,141,2;143,144,10
16|111|28,33,6;35,36,9;43,48,1;79,85,1;115,116,10
16|112|9,10,15;22,28,6;33,38,6;52,58,1;58,60,14;64,67,0;68,73,1;97,104,1;104,108,6;118,123,6;143,144,15;157,158,9;164,165,15;180,181,15;191,192,15;213,215,17;224,225,10
16|113|6,8,14;11,13,12;26,32,1;65,66,15;85,86,9;90,91,10
16|114|7,9,17;12,15,0;28,29,15;40,41,9;42,48,6;52,58,1;58,59,15;66,68,17;78,79,15;88,92,6;92,95,6;115,116,10
16|115|2,5,0;28,29,15;42,43,15;43,44,16;59,60,15;64,67,6;75,77,13;95,96,15;107,108,9;118,119,15;138,143,1;151,156,6;158,161,0;162,163,15;176,182,2;184,185,10
16|116|14,16,17;45,46,15;57,58,9;66,67,9;68,73,1;75,76,9;86,92,2;101,103,17;110,111,15;118,119,15;132,135,0;136,137,15;164,165,15;172,173,15;194,195,10
16|117|4,5,9;6,11,6;15,20,1;39,40,10
16|118|8,9,15;24,26,17;63,67,6;67,69,14;88,89,9;98,99,9;101,105,6;108,110,13;110,112,17;115,118,6;133,134,10
16|119|2,5,0;8,11,0;38,40,17;41,42,15;42,43,16;46,48,12;57,58,9;61,66,6;66,69,0;76,78,17;82,85,8;93,94,9;109,111,13;111,113,17;116,119,0;131,134,8;151,157,2;159,160,10
16|120|2,5,0;8,10,14;12,13,9;27,30,0;31,36,6;40,47,2;59,65,1;80,81,15;91,92,10
16|121|6,13,2;26,27,15;27,29,14;34,35,9;45,46,9;60,61,9;62,68,1;74,75,10
16|122|11,12,9;19,20,15;20,21,16;37,44,1;46,49,0;51,52,9;57,58,15;81,82,9;86,87,10
16|123|2,5,0;16,18,13;33,34,15;52,54,14;56,57,9;69,77,1;92,93,15;103,104,10
16|124|2,5,0;16,17,15;17,18,16;21,23,14;32,33,15;42,43,15;52,54,17;67,70,0;108,109,15;115,116,9;134,136,17;153,154,10
16|125|1,3,14;31,32,15;45,46,15;59,60,15;77,78,9;84,88,7;88,89,15;114,117,0;144,148,6;154,158,6;165,166,9;187,188,15;198,199,10
16|126|12,14,14;29,31,17;50,52,14;54,58,7;60,61,9;70,74,6;95,101,2;101,102,16;105,106,9;110,111,10
16|127|2,3,15;18,20,14;34,35,15;90,96,1;96,99,0;109,110,10
16|128|2,5,0;6,7,15;19,20,15;29,30,15;36,38,17;42,43,15;54,59,5;65,66,10
17|1|2,4,14;6,7,9;10,11,15;16,18,13;32,34,14;38,39,9;45,52,1;55,56,15;67,68,15;84,85,15;96,97,15;101,103,14;107,108,15;117,118,9;134,135,9;146,147,9;158,159,9;163,165,13;170,173,0;175,176,9;182,183,15;183,184,16;193,194,15;200,201,10
17|2|20,21,15;27,28,9;41,42,9;48,55,2;59,61,13;68,70,12;93,95,17;98,102,6
17|3|41,44,0;46,47,9;56,58,14;59,65,6
17|4|10,12,13;24,26,13;33,35,12;45,46,15;52,53,9;66,69,0;74,75,15;106,109,0;116,122,6
17|5|10,12,12;28,29,9;62,69,2;71,73,13;76,78,17;87,92,6;96,101,6;107,109,17;114,115,9;118,119,15;119,120,16;144,151,1
17|6|2,5,0;10,12,14;23,24,15;53,55,14;57,58,9;60,64,7;70,71,9;72,77,1;95,96,9
17|7|11,14,6;23,26,6;33,36,6;83,85,12;95,96,15;118,120,17;146,148,17;191,196,1;208,210,17;221,223,17
17|8|19,23,1;45,46,3;54,56,14;78,81,0;90,91,9
17|9|2,5,0;8,9,9;13,14,15;50,52,14;69,70,15;84,85,15;106,107,15;107,108,16;111,112,9;116,117,9;122,125,0;135,137,14;138,144,6
17|10|4,7,0;8,9,15;36,37,15;54,56,14
17|11|4,6,14;9,10,15;14,17,6;17,18,9;23,24,15;24,25,16;36,38,12;42,43,9;46,47,15;66,67,15;71,74,6;74,75,9
17|12|12,13,15;23,24,15;24,25,16;25,28,0;58,60,13;69,70,15;88,90,13;99,100,15;100,101,16;101,104,0;112,114,14;119,125,2;127,129,14;134,136,17;142,149,1;149,154,2;175,177,17;185,186,15;186,187,16;198,199,15;224,229,6;236,237,9
17|13|10,13,6;13,14,9;27,28,9;33,35,12;41,42,9;55,56,9;74,75,9;83,84,15;90,91,9;100,101,9;102,108,1;113,114,9;119,122,6
17|14|1,3,14;12,13,9;36,37,15
17|15|6,7,15;20,23,0;47,48,9;55,59,6;67,70,0;115,120,1;144,147,0;172,174,14
17|16|6,8,13;13,15,14;17,19,13;22,27,1;75,77,17;103,104,15;117,120,0;124,125,9;131,133,14
17|17|24,25,15;38,41,8;51,58,1;94,95,9;102,107,8
17|18|3,7,6;19,20,15;47,48,9;64,66,12;73,78,1;86,89,0;104,105,9;110,113,0;123,124,9;136,143,1;143,145,14
17|19|15,16,15;66,71,6;73,75,17;77,79,12;98,103,5
17|20|4,11,1;19,21,12;25,27,12;34,36,12;40,42,12;54,56,12;85,87,12
17|21|1,4,6;48,55,1;83,84,9;85,90,1
17|22|7,9,14;19,20,15;31,32,9;48,50,14;63,70,1
17|23|34,36,13;36,38,17;44,46,13;60,61,15;65,66,9;81,82,9;90,93,0;97,99,14;103,106,0;109,112,6;115,116,15;135,137,13;173,175,13;180,185,1;223,229,6
17|24|2,3,15;26,27,15;27,28,16;40,41,15;41,42,16;56,57,4;65,66,15
17|25|46,50,6;56,58,17;61,62,9;74,77,0;79,80,9;96,97,9
17|26|12,13,15;31,32,9;35,36,15;50,51,15;51,53,14;56,57,15;57,58,16;85,87,14
17|27|2,5,0;6,7,15;27,29,13;29,31,17;38,39,9;42,43,15;43,44,16;49,50,9;66,67,15;67,68,16;75,76,9;88,89,9
17|28|4,7,0;17,20,0;30,31,15;31,33,14;37,39,12;49,55,1;55,60,2;96,103,1
17|29|8,10,14;58,60,14;62,64,14;74,75,15;88,90,14;101,108,1
17|30|2,5,0;16,18,14;23,24,15;24,25,16;37,41,1;43,45,12;52,54,14;63,66,0;68,69,9;87,88,9;95,100,8
17|31|8,10,14;14,16,13;16,18,17;25,26,9;48,49,9;50,58,1;93,96,0;116,118,14;120,126,6
17|32|8,10,14;15,17,17;18,19,15;19,20,16;25,28,13;33,36,0;38,39,9;48,49,9;54,59,1;61,63,12
17|33|8,10,14;15,17,17;18,19,15;19,20,16;20,23,0;28,29,15;44,45,15;61,62,15;76,80,6;93,99,6;101,103,14;125,126,9;133,134,9;135,141,6;158,159,15;172,175,0;177,178,9;187,190,6
17|34|8,10,14;15,17,17;24,25,15;44,45,15;76,78,14;92,93,9;105,107,17;110,111,15;124,127,0;128,129,15
17|35|9,11,17;12,13,15;44,46,17;49,50,15;62,63,15;81,82,9;92,97,1
17|36|8,10,14;33,34,9;46,49,0;50,51,15;51,52,16;62,63,15;74,75,15;93,95,17;97,99,12
17|37|17,18,15;39,42,0;47,51,6;58,59,15;72,76,6;76,78,14;83,84,15
17|38|8,9,9;29,30,9;33,36,6
17|39|2,3,9;10,13,0;13,15,13;22,25,13;48,49,15;70,72,14;82,83,15;94,95,9;126,129,0;138,145,1;145,147,14
17|40|11,12,9;24,28,7;28,29,15;41,42,15;55,56,15;62,64,12;75,76,9;84,87,0
17|41|6,8,14;26,27,9;31,32,15;57,59,17
17|42|22,24,13;33,38,6;56,63,2;63,64,15;64,66,14;72,74,17;86,87,15
17|43|2,4,14;6,7,9;11,12,9;19,20,9;27,30,0;49,55,6
17|44|15,16,15;16,17,16;22,23,9;25,26,9;29,30,15;30,31,16;34,36,14;41,42,15;55,59,6;62,67,0;72,77,1;77,81,6;113,114,9;119,120,9;122,127,2;159,162,0;164,165,9
17|45|17,18,15;58,59,15;86,87,15;104,111,1
17|46|35,38,0;43,47,1;61,63,13;79,81,14;82,90,1;117,118,15;138,139,9;147,149,17;154,157,13;160,162,14;164,165,9
17|47|41,43,13;86,88,14;90,93,13;107,108,15;108,109,16;112,113,9;123,127,6;150,157,1
17|48|1,4,6;21,23,17;29,30,15;50,52,17
17|49|7,9,13;9,11,17;22,25,0;31,32,9;33,39,1;43,44,9;52,55,0;61,63,14;77,83,6
17|50|13,15,17
17|51|10,17,1;17,20,0;66,70,1;86,87,15;119,126,6;197,200,13;203,207,1
17|52|9,11,14;46,47,9;54,57,0;63,68,2
17|53|26,28,17;29,30,15;55,58,0;59,60,15;60,61,16;68,69,9;74,77,6;95,98,0;99,100,15;100,101,16;108,109,9;124,127,6;127,128,9;137,144,1
17|54|31,35,1;60,64,1;76,78,14;89,91,13;102,103,9
17|55|23,27,6;29,30,15;30,31,16;36,37,9;39,40,9;45,46,15;63,65,14;84,85,15;85,86,16;86,89,0;109,116,1;132,133,9
17|56|5,6,15;6,8,14;11,13,17;14,15,15;32,37,5;37,41,6;46,47,9;73,74,15;74,75,16;84,87,6
17|57|2,4,17;6,8,12;13,14,15;25,27,14;35,37,14;62,63,15;87,89,14;116,117,9;140,142,13;147,150,0
17|58|4,9,1;9,13,6;49,51,14;61,62,15;68,69,9;99,105,6;109,117,6;123,124,9;133,134,15;140,141,9
17|59|14,16,13;19,24,1;33,34,15;40,41,9;49,51,13;54,58,6;109,112,0;120,122,14;127,132,6;139,141,17;174,175,9
17|60|22,25,0;44,45,15;45,46,16;46,49,0;71,72,15;72,73,16;82,83,15;88,90,13;99,100,9;117,123,2;123,124,16;124,127,0;133,134,15;134,135,16;145,146,15;164,165,15;226,227,9;228,234,6
17|61|23,25,12;32,33,15;40,42,17;60,62,13;62,64,17;70,72,13;75,77,14;111,113,14
17|62|21,22,9;26,27,15;85,86,15;92,93,9;110,113,0;126,128,13
17|63|6,7,15;11,13,14;18,22,6;42,45,0;50,53,0;60,62,12;73,75,12;76,82,1
17|64|2,3,15;19,20,15;37,41,7;54,56,14;58,60,14;69,73,7;111,112,15;120,121,9;126,127,15;135,136,9;143,145,14;169,170,15;170,171,16;178,179,9
17|65|2,5,0;44,45,9;46,53,1
17|66|11,12,15;34,35,15;48,49,15;62,64,14;69,71,17;74,78,6;84,86,13;91,94,0;96,97,9
17|67|18,19,15;19,20,16;31,32,15;49,53,6;53,55,14;66,68,13;84,87,0;95,96,9;107,108,15;139,140,15;144,147,6;147,148,9
17|68|8,11,6;16,20,1;42,43,15;82,88,6;88,91,0;103,105,17
17|69|9,12,6;17,21,1;82,89,1;92,93,15;93,94,16;113,117,7;136,139,0;151,153,17;175,176,9
17|70|8,10,14;26,28,13;47,48,9;57,58,15;68,69,15;84,86,14;88,89,9;91,96,5;99,100,15;100,101,16;109,110,9;124,125,9;143,149,1;149,152,0;159,161,14
17|71|9,11,14;14,16,17;29,33,8;38,39,9;67,68,9;72,73,9;85,86,9;91,93,17;95,97,12;104,106,14;118,119,9
17|72|4,8,6;18,19,9;23,25,13;46,47,15
17|73|4,8,6;12,14,17;36,37,15;42,44,13;55,57,13;98,99,9;107,114,2;114,115,15
17|74|8,10,13;13,17,6;24,25,9;32,34,14;37,38,3;68,74,6
17|75|3,10,2;14,16,14;18,19,9;29,30,15;36,37,17;37,38,9;50,51,15;63,66,0
17|76|4,8,6;12,14,17;39,40,15;78,85,2;103,104,9
17|77|2,5,0;10,14,6;14,16,14;31,33,14;40,45,2;72,75,0
17|78|7,8,15;8,9,16;14,15,17;15,16,9;29,30,15;30,31,16;53,54,15;74,75,15;79,81,14;88,91,0;102,103,15;107,109,14
17|79|7,8,15;25,27,14;32,33,9;42,48,2;55,58,13;61,65,1;65,67,14;88,95,1
17|80|4,5,4;15,17,14;27,29,14;36,38,14;39,44,1;50,52,14;67,69,14;70,75,1;75,76,15;76,78,14;89,94,2;96,99,6;106,107,9;108,115,1
17|81|9,11,12;14,15,15;32,33,15;37,38,9;47,50,0;51,52,15;56,57,9
17|82|17,18,15;43,45,12;46,51,1;58,64,2;94,95,15;95,96,16;99,100,9
17|83|6,8,13;27,28,15;32,35,6;35,36,9;68,69,9;88,89,15;89,90,16
17|84|9,14,1;39,40,9
17|85|22,23,15;23,24,16;38,39,15;39,40,16;70,72,13;81,86,5;89,90,15
17|86|6,10,6;26,29,0;32,33,15;38,40,13;51,53,13;65,68,0;89,90,9
17|87|14,20,1;20,25,2;35,38,0;47,48,9
17|88|12,13,15;13,15,14;24,25,15;29,32,6;35,36,15;40,43,0;48,51,13;54,58,1;63,65,17;77,78,9;82,83,15;119,120,9;152,157,6
17|89|6,8,14;22,23,16;23,26,0;36,37,9;41,42,15;56,60,6;69,74,6;78,81,13;91,92,15;92,93,16;93,96,0
17|90|8,10,17;13,18,1;58,59,15;71,73,8
17|91|20,23,0;24,30,1;30,35,1;39,44,1;49,54,6;64,65,15;73,74,9;81,82,9
17|92|14,15,15;15,16,16;21,23,12;75,76,15;85,86,15;92,94,12
17|93|23,29,1;29,33,6;58,59,15;59,60,16;65,67,12;74,79,1;130,131,9;132,139,1;139,141,14;147,150,9;158,160,14;180,183,6;196,203,2
17|94|13,14,15;14,15,16;15,18,0;24,28,1;34,36,13;36,38,17;46,48,12;55,56,15;62,65,13;71,73,13;76,80,6;83,85,13;85,87,17;97,98,15;110,117,2
17|95|20,21,15;34,36,12;41,46,1;56,58,14;62,65,0;90,95,5;98,99,15;99,100,16;105,107,12;115,122,2
17|96|14,15,15;28,33,8;57,60,0;62,63,9;81,82,9;89,94,8
17|97|4,8,1;13,14,15;28,29,15;46,50,1;61,65,6;85,87,12;92,96,6;101,102,9;127,128,15;134,135,9;164,170,1;175,181,1;183,187,0;185,194,1;199,200,9;209,212,0;235,237,14;239,240,9
17|98|2,3,9;12,14,12;18,22,7;24,27,0;39,41,17;50,51,9;64,66,13;66,68,17;79,82,0;88,89,9;90,96,1;100,101,9;109,112,0;118,120,14;134,140,6
17|99|17,19,17;22,25,0;26,27,15;34,35,15;49,50,15;50,51,16;56,57,9;59,60,9;65,66,15;87,90,13;93,97,1;136,143,2;166,167,15;167,168,16;171,172,9
17|100|12,15,6;34,36,12;55,57,13;61,68,2;90,91,15;95,98,6;112,113,15;117,120,6;120,121,9
17|101|6,8,14;40,41,9;42,46,8;52,53,9;54,61,6;73,75,13;82,84,12;97,99,12;118,119,9;133,136,0;144,147,0;152,153,9
17|102|10,12,14;24,26,13;29,32,6;37,39,12;43,45,12;61,62,15;62,63,16;68,69,9;71,72,9;77,78,15;91,93,12;102,105,0;113,116,0;121,122,9
17|103|12,16,1;27,32,5;35,36,15;53,55,14;57,58,9;65,70,1;74,75,9
17|104|13,16,8;23,24,9;31,33,13;40,42,12;48,49,15;56,58,17;59,60,15;79,81,12;91,92,15
17|105|4,5,15;15,18,6;22,23,9;30,31,15;52,54,13;65,66,9;84,90,1
17|106|10,16,6;18,20,14;22,23,9;30,32,14;38,39,9;46,47,15;47,48,16;48,51,0;67,72,1;81,82,9;87,90,6
17|107|13,15,17;20,22,13;40,42,13;42,46,17;49,52,0;53,54,15;69,71,17;72,73,15;84,88,6;88,90,14;94,96,13
17|108|15,17,14;19,20,9;30,32,13;35,39,6
17|109|29,31,14
17|110|5,6,15;6,8,14;11,13,17;14,15,15;27,28,15;28,30,14;33,35,17;36,37,15;37,38,16;45,46,9;55,62,1;66,68,14;71,73,17;81,82,15;90,92,12;95,96,15;117,119,14;160,161,15;161,163,14;177,178,9
17|111|7,8,15;25,26,15;53,59,1;68,73,2;75,76,9;83,88,6;90,91,15;111,116,2;118,119,9;126,132,1;135,136,15;136,137,16
18|1|18,19,15;24,26,13;29,32,6;44,46,14;51,52,15;58,59,9;71,73,14;82,83,9
18|2|6,13,2;15,18,6;26,32,6;36,43,1;43,48,2;67,68,15;82,83,15;104,105,15;105,106,16;109,110,9;114,115,9;120,123,0;133,135,14
18|3|3,4,9
18|4|4,7,6;10,11,15;26,28,17;29,30,15;38,39,15
18|5|9,13,7;15,16,9;27,32,1;42,44,12;69,74,6;92,93,9;104,108,1
18|6|14,15,9;18,24,1;35,38,13;44,45,9;54,59,2;71,73,17;78,79,9;83,84,15
18|7|2,5,0;27,28,15;43,49,2;57,59,14
18|8|4,7,0;13,14,9;42,48,6
18|9|9,11,14;16,19,0;26,27,9;30,31,15;42,43,15;43,44,16;59,61,17;72,73,9
18|10|11,12,15;29,30,15;47,49,17;57,59,13;71,76,2;78,81,6;89,94,1
18|11|6,8,14;16,19,13;37,38,15
18|12|2,5,0;14,15,9;37,38,15;72,74,13;74,76,17
18|13|33,37,7;37,38,15;50,53,0;75,77,17;94,96,14;98,99,9
18|14|6,8,14;42,44,17;53,55,17;71,72,15;72,73,16;78,79,9;81,82,9;87,88,15;99,104,1;104,106,14;110,112,17;115,119,6;124,126,13;131,132,9;133,142,2;144,146,14;153,155,13;159,165,6
18|15|2,4,12;8,10,12;23,24,15;32,34,17;37,41,6;46,48,13;57,65,2;89,93,7;99,100,9;101,105,8;110,117,6;133,136,0;139,140,15;155,156,15
18|16|7,8,15;51,52,15;65,67,13;67,69,17;76,77,15;88,91,6;108,113,5;113,118,2;126,127,9;144,149,5;160,165,5
18|17|10,11,15;11,12,16;39,40,9;47,51,6;66,67,15;96,98,14;113,114,15;114,115,16;137,139,14;142,148,1;157,158,9;173,174,9;177,178,15;189,193,1;198,199,15;213,214,15;231,235,1;246,250,6;259,260,9;267,274,1
18|18|23,29,1;40,47,1;67,68,15;86,87,15;87,88,16;109,113,7;113,114,9;117,122,6;134,135,15;152,153,15;201,207,1
18|19|6,7,9;20,21,9;34,36,12;41,43,17;65,67,12;70,76,1;107,109,17;145,152,6;156,158,17;197,198,15;198,200,14;204,206,13;206,208,17;217,221,7;234,235,9;239,241,13;248,249,15;267,270,6;280,282,13;298,304,6;314,318,7;323,329,1;364,367,0
18|20|2,5,0;12,16,1;23,25,17;89,93,6;99,101,13;101,103,17
18|21|6,7,9;45,47,13;47,49,17;52,55,0;63,64,15;75,80,1;82,85,0;86,87,15;87,88,16;113,115,13;127,128,9;168,170,17;171,172,15;172,174,14;177,179,17;188,192,7;196,197,9;198,207,2;239,240,15;256,258,17;263,266,13;289,292,0;301,306,5
18|22|17,18,9;21,27,2;68,73,6;96,98,14;99,104,8;105,106,15;132,134,14;137,142,1;169,170,4;177,179,13;200,205,5;233,240,6;271,273,12;274,279,6;279,280,9;283,289,1;309,314,5
18|23|13,16,0;21,23,17;30,33,0;41,46,6;46,47,9
18|24|5,7,13;10,14,1;16,18,12;21,22,15;33,34,15;74,77,13;80,84,1;104,106,14;118,119,9
18|25|9,11,17;31,32,9;37,39,17;42,47,6;55,56,15;64,66,17
18|26|5,6,15;35,39,17;44,45,9;53,54,15;54,55,16;60,61,9;63,64,9;69,70,15;83,85,14;94,95,9;117,122,5;122,126,6;131,132,9;135,139,1;143,148,1;173,175,13
18|27|2,3,15;10,12,13;32,36,6;74,75,9;79,80,9;85,89,6;96,100,6;105,106,9
18|28|2,3,15;24,25,15;36,38,14;51,55,7;55,56,15;62,63,17;63,64,9;69,70,15;93,95,14;99,100,9;151,152,15;158,159,17;159,160,9;163,164,15;164,165,16;214,215,9;218,222,6;232,233,15;246,247,9;266,267,9
18|29|7,8,15;18,23,2;37,41,6;41,43,12;56,60,1;62,66,6;66,68,12;88,91,0;91,93,13;100,102,14;108,109,16;112,113,9;162,166,1;176,178,17;187,189,17;194,196,12;197,202,6;202,203,15;220,221,15;240,241,15;241,242,16;255,257,12
18|30|2,5,0;6,7,15;24,26,17;36,38,17;39,40,15;40,41,16;44,45,9;49,50,9;55,58,0;74,76,14
18|31|2,4,17;6,8,12;22,25,0;25,26,9;31,33,14;34,39,6;39,41,14;47,51,6;60,61,15;69,70,9;109,113,6;116,121,1;147,154,1;154,158,6;158,161,6;162,167,1;173,175,14;178,184,1;209,210,15;216,218,12;232,233,15;233,234,16
18|32|4,5,15;9,11,14;16,21,5;24,31,2;66,69,0;87,88,9;89,94,1;102,103,9;116,121,1
18|33|8,9,15;13,16,0;54,59,5;70,78,1;93,94,9
18|34|12,13,9;19,24,6;34,35,9;41,42,9;61,63,13;82,85,6;90,96,1
18|35|11,14,0;18,19,9;33,39,2;47,48,9;57,59,13;64,67,0;70,74,6;82,83,9;87,89,13
18|36|4,6,13;11,14,0;15,16,15;16,17,16;28,30,12;35,40,1;44,49,2;51,52,3;78,81,0;87,94,1;102,105,6
18|37|10,11,9;21,22,9;41,43,13;57,58,15;76,80,6;84,89,6;89,92,0;95,100,1;100,102,14;105,110,6;110,113,0;120,121,9
18|38|3,4,9;6,9,0;17,18,15;36,38,13;55,57,13
18|39|8,10,13;27,30,0;48,50,12;53,54,15;82,83,15;94,98,6;120,123,6;128,134,1
18|40|14,16,13;19,23,1;37,44,1;44,48,6;48,51,0;85,92,1;95,96,15;96,97,16;102,104,12;124,130,6
18|41|16,18,12;29,35,6;37,41,6;55,56,9
18|42|20,21,9;62,64,13;67,70,6;127,128,9;159,161,13
18|43|11,16,2;18,19,9;25,30,1;30,33,6;40,41,9;44,48,6;52,53,15;74,77,6
18|44|10,11,15;17,18,9;31,32,15;52,57,6;61,67,1;76,78,14
18|45|2,3,15;7,9,14;14,19,5;24,25,15;31,32,17;32,33,9;36,37,15;37,38,16;51,53,12;58,61,6;65,66,9;74,75,15;75,76,16;81,83,12;88,89,15;102,103,9;112,113,15;139,145,6;153,154,15;154,155,16;160,161,9;174,175,15;200,206,1;206,208,14
18|46|11,12,15;30,31,15;37,38,17;38,39,9;42,43,15;43,44,16;57,58,15;62,63,9;67,68,9;71,72,15;72,73,16;76,77,9;81,82,9;94,97,6;112,118,1
18|47|19,20,15;38,39,15;56,61,1;69,70,9
18|48|9,11,17;31,38,2;40,42,14;66,68,14;70,71,9;90,96,8;116,121,1;121,123,14;132,137,5
18|49|9,10,15;16,17,9;28,29,15;33,35,14;57,60,0;83,84,9;104,105,9;109,110,15;116,117,9;142,147,1;166,168,13;176,177,9;192,194,17;206,208,17;215,223,1
18|50|23,25,12;32,33,15;40,42,17;60,62,13;62,64,17;70,72,13;75,77,14;99,102,0;131,133,13;154,155,9;170,172,13;181,183,12;188,192,6;217,223,8;235,236,9
18|51|5,7,13;14,15,3;30,31,15;31,32,16;37,38,9;40,41,9;46,47,15;71,74,6;89,92,6;103,104,15
18|52|23,25,17;32,34,12;39,40,15;92,94,17;122,127,5
18|53|8,9,15;13,15,14;23,24,15;24,25,16;25,28,0;36,39,0;39,41,13;41,43,17;46,49,0;51,56,5;82,84,17
18|54|6,8,14;26,27,9;31,32,15;46,47,16;47,50,0;56,60,6;69,76,1;82,83,15;87,90,6;90,91,9;108,113,6
18|55|13,14,15;14,15,16;15,18,0;24,28,1;34,36,13;36,38,17;46,48,12;55,56,15;80,82,17;98,100,13;103,107,6;120,123,0;126,127,15;158,159,15
18|56|15,16,15;54,57,6;71,72,9;77,78,15;94,96,17;99,100,15;104,105,9;114,116,14;121,123,17;129,130,15;142,143,15;150,152,13;152,154,17;160,161,9;169,171,13;174,177,6;180,182,17
18|57|18,21,0;21,25,6;39,40,9;50,51,9;106,109,0;144,147,0;152,156,1;170,172,13;188,190,14;191,199,1;201,205,6;205,207,14;220,221,15;234,238,1;244,246,13;246,248,17
18|58|10,11,15;25,26,15;26,27,16;55,59,7;70,72,17;90,91,15;112,117,5;122,128,2;128,132,1;137,139,17;142,146,6;151,152,9
18|59|9,10,15;16,19,13;30,31,9;38,41,0;50,52,17;77,82,5
18|60|28,29,9;34,36,13;39,41,14;51,54,13;57,59,14;66,68,14;73,74,15
18|61|4,7,0;19,21,14;59,60,15;77,78,9;83,84,15
18|62|4,7,0;31,32,9;48,50,12;60,62,14;74,78,6;88,89,9
18|63|30,32,13;39,40,15;40,41,16;55,58,0;68,69,15;81,83,13;86,89,6;90,91,9;104,105,15;105,106,16;113,114,9;132,133,9;138,139,15;156,157,9;162,163,15
18|64|8,9,9;20,23,0;27,29,14;36,37,15;50,53,13
18|65|12,14,14;15,22,1;34,36,13;46,47,9;57,63,1;68,71,6;86,87,9;92,97,2;99,102,0
18|66|10,11,9;41,44,13;47,51,6;63,66,0
18|67|8,11,0;16,20,6;39,41,14
18|68|38,40,14;45,46,9;49,51,14
18|69|16,18,13;21,25,6;25,27,12;30,31,15;44,50,1;52,54,13
18|70|13,14,15;48,52,6;62,65,13
18|71|2,3,15;3,6,6;17,20,13;39,40,15;40,41,16;76,78,14;109,111,14
18|72|22,25,0;30,34,6;53,55,14
18|73|49,51,14
18|74|2,3,15;3,6,6;17,20,13;39,40,9;41,47,6;55,56,9;79,85,6;91,95,8;108,114,2;116,118,14;132,139,1
18|75|29,32,0;37,41,6;60,62,14
18|76|8,12,6;23,27,6;30,34,8;53,54,9;56,58,14;66,68,14;80,85,2;87,90,0
18|77|2,3,15;3,6,6;17,20,13;25,27,13;34,36,13;53,54,15;58,60,14;64,66,13;85,87,17;90,94,1;131,137,1;145,149,1;149,152,6;167,170,9;212,214,14
18|78|8,9,9;99,101,14
18|79|2,5,0;7,8,15;8,9,16;36,37,9;59,60,15;75,76,3;108,110,12;114,119,5;122,127,1
18|80|4,7,0;9,10,15;16,17,9;60,62,13;65,69,1;87,88,9;89,95,1
18|81|6,8,14;10,12,13;15,19,1;19,21,14;47,54,1;63,64,17;64,65,9;66,71,1;73,75,14
18|82|4,7,0;9,10,15;34,35,9;58,59,15;87,88,9;91,95,6;93,99,2;126,127,9;130,136,6;154,158,1;158,160,14;164,166,13;198,201,6;214,220,1;220,225,2;249,250,9;268,269,9;313,315,14
18|83|19,23,6;25,26,15;55,57,17;66,71,5
18|84|2,5,0;12,15,0;21,22,9;27,28,15;48,49,9;54,58,6;67,72,6
18|86|5,8,13;31,32,15;32,33,16;78,83,1;92,95,6;104,112,6;120,121,9;125,126,15;141,144,0;144,146,13;149,153,6;165,168,0;168,170,13;173,177,6
18|87|8,11,0;15,19,6;44,45,9;48,51,0;74,75,9;89,90,9;97,104,1
18|88|4,7,0;33,34,9;37,43,6;47,48,9;53,55,12;58,59,15;88,89,9
18|89|2,5,0
18|90|5,8,13;24,26,14;31,32,15;32,33,16;53,55,14;72,78,2;83,85,14;94,99,5;99,103,6
18|91|4,5,9;14,16,14;21,23,14;44,46,14
18|92|2,5,0
18|93|5,8,13;29,30,15;30,31,16;51,55,6;69,76,2
18|94|6,8,17;11,12,9;16,17,15;32,35,0;74,75,15;93,95,14;117,120,13;123,127,6;127,129,14
18|95|15,18,0;38,43,6;67,69,14;100,102,14
18|96|17,18,15;35,38,13;60,61,15;61,62,16;80,81,15;81,84,6;87,89,17;97,100,13;115,116,9;121,127,6;139,141,13;162,164,14
18|97|6,7,15;11,12,9;14,16,13;16,18,17;21,25,1;41,42,15;48,49,9;52,54,17;59,60,9;63,65,14
18|98|8,9,9;20,26,1;26,31,2;48,50,12;75,76,9;82,84,12
18|99|34,39,1;54,61,1;72,73,15;73,74,16;91,92,9
18|100|16,19,0;31,37,2;41,42,9
18|101|39,41,12;46,50,6;64,66,17
18|102|11,12,15;27,29,13;29,31,17;34,38,1;46,48,17;60,64,6;67,69,13;78,80,12;87,90,0;90,92,13;99,101,14;109,112,0;121,122,9
18|103|21,25,7;25,26,15;46,47,9
18|104|31,32,15;38,39,17;39,40,9;43,44,15;44,45,16;75,78,0
18|105|2,4,17;6,8,12;13,14,15;30,32,17;41,42,9;61,63,12;67,68,9;86,87,9;122,123,15;129,130,9
18|106|2,3,9;12,14,12;25,28,0;44,46,17;49,50,15;57,59,13;59,61,17;67,68,9
18|107|2,5,0;6,7,15;24,26,17;36,38,17;39,40,15;40,41,16;44,45,9;49,50,9;70,73,0;73,74,9;77,78,15
18|108|2,3,9;24,26,14
18|109|16,17,15;32,39,2;45,46,9;65,66,15;77,79,14;84,88,6;88,91,6;100,101,9;136,137,9
18|110|7,10,0;12,14,13;27,33,1;47,50,13;61,64,0;66,68,13;73,74,9;85,86,9;87,92,1;92,93,9;96,103,6;105,109,6;120,122,17;127,129,12;139,140,9;159,165,6;165,166,9;169,175,1;207,209,13
19|1|0,2,11;4,6,11;6,8,11
19|2|26,28,14;32,33,9
19|3|20,21,9;26,28,12
19|4|14,17,0;26,27,15;38,41,0;45,46,15;55,56,15;56,57,16;70,76,1;86,89,8;94,96,12
19|5|4,7,0;16,17,15;23,24,9;31,35,1;37,39,12;53,54,15;70,76,6;78,80,14;87,92,2;94,97,6
19|6|44,45,15;45,47,14
19|7|2,3,9;12,14,13;17,20,0;40,41,9;44,45,15;51,52,9;69,71,14;80,81,9;84,88,6;88,90,14
19|8|14,17,0;36,37,9;38,43,1;51,52,15;68,74,1;76,78,14;93,94,15
19|9|10,11,9;49,54,1;56,58,14;63,65,14;72,76,6;76,78,14
19|10|12,13,15;13,15,14;22,24,13;31,38,6;69,70,15;70,71,16;71,74,0;82,83,9;92,97,6
19|11|24,25,9;31,32,15;52,55,13;69,73,6;79,81,17;89,94,1
19|12|2,3,9;17,18,15;24,25,9;36,43,1;52,53,9;56,57,15
19|13|8,15,1;15,20,2;22,25,0;33,34,17;34,35,9;36,43,1
19|14|6,11,8;14,15,9;35,39,6
19|15|6,7,9;61,63,14
19|16|2,3,15;14,15,15;21,22,9;39,40,15;40,43,6;71,77,6
19|17|2,3,15;15,19,6;33,39,6;49,51,13;94,100,6
19|18|10,13,0;13,15,13;26,27,15;27,28,16;35,36,9;41,44,6;47,51,6;51,54,6
19|19|8,11,0;13,15,13;57,58,9;59,65,6
19|20|10,13,0;32,33,9;34,39,1;61,66,1
19|21|10,11,9;49,56,1;60,62,14;68,70,13;77,83,2;83,84,16;84,87,0;100,106,1;106,109,0;126,133,1;133,135,14
19|22|17,18,15;18,21,6;32,33,9;40,46,6
19|23|6,8,12;14,15,15;39,40,15;40,41,16;41,44,0;61,62,9;80,82,14;87,88,9;96,99,6;105,112,1;112,115,6
19|24|8,9,9;15,19,6;25,27,13;47,49,14
19|25|7,9,13;28,29,15;29,30,16;30,33,0;44,45,9;47,49,14;64,70,6
19|26|10,11,15;33,41,6;43,46,0;54,57,0;63,64,15;78,84,6;89,91,13;94,97,0;110,111,16;118,119,9;127,133,6;148,149,15;160,163,6
19|27|13,14,9;35,38,9;45,47,17;50,51,9;64,66,14;80,86,6
19|28|2,4,13;13,14,9;38,39,15;51,56,1;70,73,0
19|29|29,31,17;51,55,6;63,64,15
19|30|8,11,0;15,17,14;20,21,15;34,35,9;40,41,15;47,48,9
19|31|36,39,6;48,49,9;55,56,15;56,57,16;62,63,17;63,64,9;69,70,15;70,71,16;76,77,17;77,78,9
19|32|6,11,8;14,15,9;32,34,14;49,55,6
19|33|2,3,15;3,4,16;9,10,9;32,33,3;65,67,14
19|34|2,3,9;15,16,15;16,18,14;39,40,15;48,49,15;70,71,10
19|35|20,24,1;34,38,1;41,48,6;48,50,14;52,53,9;57,61,13;72,75,13;81,87,6;89,92,0;108,109,9;112,116,6;120,121,10
19|36|4,7,0;8,9,15;37,38,15;52,53,9;61,62,9;63,69,1;75,76,10
19|37|2,3,15;12,13,15;28,31,8;50,56,2;72,74,17;77,82,1;100,101,10
19|38|20,22,14;51,52,9;57,58,15;58,59,16;62,63,9;71,72,15;89,90,9;91,97,1;99,100,10
19|39|4,7,6;21,22,15;45,46,15;73,78,1;95,96,10
19|40|2,5,0;21,22,15;68,69,10
19|41|2,3,15;14,15,15;21,22,9;27,29,14;31,32,9;42,45,0;47,48,9;62,69,1
19|42|23,25,13;71,73,14;94,97,6
19|43|2,4,13;13,16,0;20,22,14;25,27,12;38,39,15;68,69,15;78,80,13;94,95,9;96,102,6
19|44|2,4,13;24,25,15;25,26,16;33,34,9;41,44,0;45,46,15;46,47,16;54,55,9;66,67,16;74,75,9
19|45|2,4,13;13,16,0;16,18,13;29,33,1;47,53,1;56,57,15;57,58,16;65,66,9;81,82,16;89,90,9
19|46|18,21,6;40,42,13;44,46,14;48,49,9;61,66,2;71,74,6;87,90,0;97,98,15
19|47|10,11,9;50,52,13;57,60,0;62,63,9
19|48|25,27,14;35,39,6;43,44,15;55,57,14;60,62,17;74,77,13;83,85,13;100,102,12
19|49|4,7,0;9,10,15;43,47,6;51,52,15;63,65,14;73,75,13;82,83,9;106,112,6
19|50|6,8,14;16,21,5;21,26,2;65,67,14
19|51|2,3,15;14,15,15;21,22,9;30,33,13;38,41,0;43,44,9;58,64,1;76,83,1
19|52|4,5,9;11,12,9;17,21,6;27,28,15;28,29,16;36,37,15;55,57,14;59,60,9
19|53|6,8,14;16,17,9;20,25,2;33,35,13;46,47,9
19|54|2,3,15;14,15,15;21,22,9;31,32,9;42,45,0;47,48,9;63,64,15;87,94,1
19|55|25,26,9;29,30,15;30,31,16;36,37,17;37,38,9;43,44,15;44,45,16;50,51,17;51,52,9;65,68,6;76,77,9
19|56|2,3,15;14,15,15;21,22,9;27,29,14;39,42,0;44,45,9;59,66,1
19|57|10,11,9
19|58|2,4,17;6,8,12;13,14,15;32,33,15;48,53,5;56,57,15;57,58,16;58,61,0;71,75,6;96,99,0;121,126,1;128,132,6;143,145,14;147,148,9;162,164,12;174,177,0;193,195,14;203,205,13;239,240,9;252,253,9;262,264,17;271,277,1
19|59|14,17,8;42,44,17;45,46,15;46,47,16;52,53,17;53,54,9;59,60,15;68,70,17;71,72,15;72,73,16;80,81,9
19|60|9,13,6;38,39,9;42,48,6;50,52,17;54,56,12;63,65,14;73,74,15;78,81,0
19|61|2,5,0;5,6,9;11,13,14;16,17,15;31,32,15;32,33,16;40,41,9;53,54,9;57,58,15;71,74,0;76,77,9;92,93,9
19|62|43,44,9;45,53,1;85,90,1
19|63|7,8,15;12,15,0;18,19,15;52,56,6
19|64|48,49,9;103,104,9
19|65|7,8,15;8,9,16;14,15,9;17,18,9;23,24,15;53,54,15;58,60,14;65,66,15;81,82,9;88,89,9;110,111,9
19|66|10,11,15;15,18,6;18,19,9
19|67|17,18,15;22,25,6;25,26,9;31,34,0;40,42,14;44,45,9;50,54,6;54,56,14
19|68|22,25,0;32,33,15;33,34,16;39,40,9;48,51,0;62,65,0;81,84,0
19|69|2,5,0;10,13,6;15,18,0;21,25,6;61,62,15;62,63,16;70,71,9
19|70|2,5,0;26,27,15
19|71|4,9,1;9,12,6;61,68,1;68,70,14
19|72|2,5,0;15,16,15;25,26,15;32,34,17;45,46,15;46,47,16;50,51,9
19|73|33,34,9;47,48,9;49,54,6;58,59,15;75,77,17;96,98,13;98,100,17;107,108,15;127,133,1;137,143,1
19|74|21,23,14;27,32,5;32,36,6;59,60,9;61,67,1
19|75|7,11,6;19,20,15;20,21,16;26,27,9;42,44,14;50,51,15;51,52,16;59,60,9;77,80,13;93,95,17;113,116,0;118,119,15;133,136,0;138,139,15;139,140,16;179,185,1;189,195,1;206,210,6
19|76|10,11,15;18,19,15;28,29,15;37,39,17;43,51,1;51,52,15;56,57,9;61,62,9;65,66,15;66,67,16;70,71,9;75,76,9;88,91,6;106,112,1;117,123,1
19|77|13,14,15;36,37,9;60,63,0;68,74,1
19|78|10,11,15;25,26,15;36,39,6;40,41,15;41,42,16;49,50,9
19|79|46,47,9;53,54,15
19|80|10,11,9
19|81|2,3,15;11,13,17;16,20,6;24,25,15;40,46,2;54,56,17
19|83|14,17,0;17,19,13;32,33,15;33,34,16;39,40,9;52,53,15;57,58,9
19|84|30,33,0
19|85|16,17,15;36,37,15;37,38,16;45,46,9
19|86|10,11,15;15,17,14;36,39,0
19|87|17,18,15;18,19,16;24,25,9;42,43,15;53,56,6;57,58,15;58,59,16;66,67,9
19|88|8,10,17;11,12,15;20,21,15;21,22,16;29,30,9
19|89|5,7,14
19|90|8,9,15;9,10,16;15,16,9;18,19,9;47,50,6;54,55,15;74,75,15
19|91|2,6,6;10,12,17;15,16,16;23,24,9
19|92|9,11,8;18,19,16;26,27,9;32,36,1
19|93|2,6,6;12,16,6;18,19,15;19,20,16;25,26,9;28,29,9;34,35,15;49,51,13;59,60,15;60,61,16;68,69,9;74,76,14
19|94|5,7,14;15,16,9
19|95|28,29,15;35,36,9
19|96|2,5,0;6,7,15;24,26,17;36,38,17;39,40,15;40,41,16;44,45,9;49,50,9;57,59,14;71,72,15;72,73,16;80,81,9
19|97|4,7,0;20,21,9;53,54,15;71,74,6;81,82,9;88,95,2
19|98|21,23,14;27,32,5;32,36,6;60,65,5
20|2|2,4,13;7,10,6;25,26,15
20|3|16,22,2;24,28,1
20|4|2,5,6;7,14,1;14,17,0;27,28,15;39,40,15;40,41,16;46,47,9;49,50,9;53,54,15
20|5|1,2,16;9,10,9;19,20,15;29,30,15
20|6|4,5,9;14,15,15;15,16,16;21,22,9;24,25,9;38,39,15;79,80,15;80,81,16
20|7|4,8,6;8,10,14;17,18,15;31,34,0;36,37,9;47,48,15;48,49,16
20|8|10,12,13;17,18,9;40,41,15;49,51,12;54,55,15
20|9|12,13,9
20|10|15,21,6;38,39,15;45,47,13;47,49,17;52,55,0;55,57,13;72,79,2;84,86,13;95,100,5;133,134,15;134,135,16;135,138,0
20|11|4,7,0;7,9,13;15,16,9;30,31,9
20|12|2,5,0;5,7,13;25,26,15;48,51,0;56,57,15;65,66,15
20|13|8,9,15;22,23,15
20|14|2,5,0;7,9,13;16,17,15;26,28,13;33,34,9;42,44,13;54,55,15;59,61,14;74,75,15;75,76,16;81,82,17;82,83,9
20|15|2,5,0;6,7,15;7,8,16;50,52,14;68,72,8
20|16|13,16,0;29,34,2;53,54,15;67,68,9
20|17|27,28,9
20|18|30,32,17
20|19|18,19,9
20|20|9,10,9;33,38,6
20|21|53,54,15
20|22|2,3,15;40,42,14;49,51,12;68,70,12
20|23|21,22,9;28,29,15;33,35,14
20|24|5,7,14;28,31,0;33,34,9
20|25|12,13,15;26,28,14
20|26|12,14,13
20|27|2,3,15;12,14,14;17,23,1;23,28,2
20|28|9,11,17
20|29|2,3,15;3,5,14;20,27,1
20|30|2,3,9
20|31|5,7,14;12,14,13
20|32|15,17,13
20|35|2,5,0;10,13,6
20|36|8,10,14;31,32,9
20|37|6,8,14;13,16,0
20|38|15,17,13;22,25,13;28,31,0
20|39|5,6,15;6,8,14;20,21,15;21,22,16;34,35,15;35,37,14;49,50,15;54,57,0;71,72,15;76,79,0;82,83,15;83,84,16;110,116,2;126,132,2;134,137,9;168,174,1;174,177,0
20|40|11,13,13;59,63,1;71,72,9;85,86,9;93,96,13;99,102,0;161,167,6;176,177,9;185,186,15;190,193,0;200,203,0;203,204,9;213,221,6;240,242,13;252,254,14;261,264,0;284,289,1;289,290,9
20|41|2,3,15
20|42|5,7,14;10,13,6;32,33,9
20|43|7,9,13;30,33,0;35,36,9
20|44|13,14,9;20,27,2;31,38,2;45,46,9
20|45|14,16,13;19,22,0;36,40,1;55,57,13;65,69,1;69,71,14
20|46|17,21,13;24,27,0;39,41,13
20|47|19,21,13;24,27,0;69,71,13;78,80,12;99,101,14;110,112,14;119,120,9;132,138,1;138,143,2;153,154,15;154,155,16;160,161,9;176,177,15;185,186,15
20|48|2,5,0;9,11,14;28,30,13;33,36,0;37,38,15;57,61,6
20|49|10,15,2;26,27,9
20|50|15,16,15;21,23,13;54,55,9;58,61,0
20|51|18,19,15;29,30,15
20|52|18,21,6;37,38,9;39,47,2;72,75,6
20|53|22,23,15;37,43,1;69,75,1;77,80,6;88,89,15;89,90,16;95,97,12;102,104,12;105,110,6;116,118,14;126,128,13;135,136,9;137,144,1;144,149,1;153,158,6
20|54|5,7,17;10,11,15;17,19,17;26,27,9;38,41,0;48,49,9;60,61,9;62,68,2;70,72,17;78,81,0
20|55|14,16,14;18,19,9
20|56|6,8,14;17,18,9;26,27,9
20|57|60,61,9
20|58|12,15,0;25,31,1;37,38,9;41,42,15;42,44,14;77,84,2;96,97,9;109,111,13;114,117,6;124,130,6
20|59|26,27,15;27,28,16;41,45,1;52,53,15;53,54,16;54,57,0
20|60|40,41,9;44,47,0
20|61|10,15,5;45,47,17;54,55,15;67,73,6;83,87,7;93,100,1;102,104,14;116,117,15
20|62|6,7,9;11,13,13;13,15,17;24,28,7;47,49,17;50,51,15;51,52,16;52,55,0;55,57,14
20|63|5,7,13;7,9,17;17,18,9;20,21,9;28,29,9;33,34,9;50,54,1;63,68,5;79,83,7;123,124,15
20|64|4,6,14;11,13,17;27,30,0;31,32,15;37,39,17;44,52,1;54,56,14;66,67,15;81,82,15
20|65|6,8,17;11,12,9;17,20,13;23,26,0;26,28,13;31,35,6;46,49,0;49,51,13;54,59,1
20|66|18,22,17;78,82,6;93,96,0
20|67|23,24,9;31,37,1
20|68|21,24,0;29,32,6;33,34,15
20|69|46,48,13;48,50,17;55,58,0;69,71,17;81,82,9;85,92,1;105,106,15;106,107,16
20|70|11,12,15;12,13,16;29,35,6;38,40,13;40,42,17;48,51,0;63,64,9
20|71|11,14,6;21,22,9;25,27,14;54,57,0;59,60,9;75,76,15;95,96,15;96,97,16;120,123,0;149,154,5;161,162,9;163,168,1;179,182,0;199,200,15;200,201,16;201,204,0;221,224,0;232,234,13;249,255,1;257,259,14
20|72|6,8,17;11,16,1;38,40,12;51,52,15;61,62,9;67,68,15;89,90,15;90,92,14;97,99,13;102,105,6;116,119,0;125,127,14;133,134,9;139,140,15;146,147,17;147,148,9;151,152,15;152,153,16
20|73|2,5,0;5,7,13;13,16,0;50,51,9;53,54,9;62,64,13;93,94,15;94,95,16;107,108,15;120,125,1;127,129,14
20|74|2,5,0;7,8,9;11,15,1;27,28,9;31,33,14;36,42,6;44,47,0;52,53,9;58,61,0
20|75|4,8,1;14,15,9;23,29,6;29,31,14;39,40,15;40,41,16;44,45,9;49,50,9;57,59,17;61,63,12;75,76,15;76,77,16;84,85,9;88,89,15
20|76|2,5,0;5,6,9;11,13,14;14,19,6;19,21,14;27,31,6;39,40,15;48,49,9;54,55,9;76,77,9;86,88,12;93,97,6
20|77|6,8,14;19,21,13;34,37,13;63,64,15;68,70,14;84,90,6;92,93,15;107,114,2;120,121,9;129,135,1
20|78|37,38,9;49,54,5;57,58,15;62,65,0
20|79|29,30,9
20|80|2,3,9;7,9,13;16,18,12;26,28,14;31,34,6;38,39,9;41,46,5;65,66,9;68,70,14;72,73,9;86,87,15;87,88,16;95,96,15;131,132,15;136,139,0;142,143,15;143,144,16
20|81|5,7,17;10,14,6;19,20,9;31,33,14;35,36,9;49,51,14;55,57,17;99,103,1;131,133,14
20|82|4,7,0;18,24,2;26,30,6;55,56,9;59,65,6;65,68,0;69,70,15
20|83|6,8,13;22,26,6;35,36,9
20|84|13,15,17;17,19,12;26,29,13
20|85|10,13,0;17,19,14;24,27,0;41,44,8;66,67,15;67,68,16
20|86|14,17,13;33,34,9;41,42,9;50,58,6;64,65,9;83,85,14;139,140,15;158,159,3;167,171,1;193,199,1;199,204,2;224,229,5
20|87|6,8,17;11,13,13;53,54,9;56,59,0;63,66,0;70,72,13;81,88,1;88,92,6;98,99,15;118,119,9;129,130,9;143,144,15;144,145,16
20|88|20,22,14;23,29,6;32,39,2;41,42,9;49,54,6;60,62,17;65,66,9;68,70,13;75,76,9;89,90,9
20|89|49,55,1;79,85,1
20|90|6,8,14;24,25,9;33,37,6;37,39,14;44,45,9;54,57,0;65,68,6;68,72,7;74,75,9;82,85,0;96,97,15;97,98,16;105,106,9;111,112,15;133,135,13;135,137,17
20|91|6,8,17;11,16,1;16,18,14;34,35,9
20|92|8,9,9;11,12,9;56,58,17
20|94|8,10,14;14,17,0;57,61,13;64,67,0;79,83,6;94,96,14;110,112,13;119,121,12;140,142,14
20|95|14,16,14;23,24,9;26,27,9
20|96|28,30,14;35,37,17;42,43,9;57,59,14;62,68,1;78,79,15;79,80,16;109,110,9
20|97|8,9,15;13,15,14;20,23,0;33,34,15;40,41,17;41,42,9;47,51,6;75,78,0;91,98,2;98,102,6;110,113,9;116,117,15;117,120,6;127,130,13;135,136,9;141,142,15;171,180,2;189,192,0;194,195,9;198,201,0;206,209,6;211,214,0;216,217,9;222,223,15;227,230,0
20|98|2,5,0;7,9,13;14,15,9;22,23,15;30,31,15;40,42,13;47,48,9
20|99|4,5,9;35,37,8;38,40,12;49,51,14;65,67,14;77,78,9;83,88,2;90,93,0
20|100|26,29,0;31,32,9;49,50,15;56,57,9
20|101|2,3,9;23,25,12;42,43,15;49,50,9
20|102|9,12,6;19,20,15;20,21,16;41,42,15;46,48,14;65,70,6
20|103|6,7,9;28,33,2
20|104|72,77,2
20|105|22,23,15;42,45,6
20|106|16,22,6
20|107|24,30,1;32,34,13
20|108|9,14,1;25,26,15;26,27,16;51,54,9;66,67,15;81,82,16;89,90,9
20|109|9,15,2;19,22,6;25,26,15;26,27,16;32,33,9;62,63,15;63,64,16;71,72,9;88,89,9
20|110|70,71,9
20|111|11,12,15;32,33,15;50,52,14
20|112|4,8,1;20,21,15;21,22,16;25,26,9;30,31,9;48,53,6;70,76,1
20|113|6,7,9;14,17,6;21,22,9;44,50,1;72,73,15
20|114|6,7,9;11,12,15;19,20,15;29,30,15;57,58,15;72,76,6;76,78,14;83,87,1;87,89,14;91,94,13;112,113,9;120,121,4;131,133,14
20|115|6,8,14;13,15,14;17,19,13;24,27,13;38,42,6;42,44,14;67,69,14;74,75,9
20|116|23,25,12;32,33,15;40,42,17;60,62,13;62,64,17;70,72,13;75,77,14
20|117|12,14,12;25,28,0;31,32,9;42,48,2;78,81,0;92,93,15;97,100,0
20|118|2,5,0
20|119|4,7,0;22,24,17
20|120|20,21,15;21,22,16;29,30,9;41,43,12;83,84,15;100,106,2;110,112,14
20|121|41,42,9;86,90,1;95,96,15;100,103,0;114,117,13;133,134,9
20|122|2,5,0;6,7,15;7,9,14;13,14,9;24,25,9
20|123|6,7,15;29,36,8;61,68,6;70,73,0;83,86,0;88,93,5;93,96,0;101,107,6;112,113,15
20|124|18,22,6;32,35,0;40,41,9;50,55,6;55,59,6;57,63,1;73,74,9;82,83,15;89,90,9
20|125|27,29,13;43,45,14;48,51,6
20|126|10,11,9;30,31,9;58,59,9;64,65,15;76,79,6
20|127|6,7,9;14,16,14;48,51,8;58,59,9;69,70,9;85,86,15;109,111,14
20|128|42,44,14;48,53,5;56,57,15;85,86,9;99,102,0;109,110,9;121,122,9;123,129,2;131,133,17;139,142,0
20|129|17,22,6;31,36,2;56,62,1;67,73,1;75,79,0
20|130|2,3,15;61,63,14;74,75,15;75,76,16;88,90,14;118,120,12;123,124,15;146,148,14;154,155,15;155,156,16;156,159,0
20|131|13,16,0;54,56,13;63,64,9;65,72,1;88,89,15;95,96,17;96,97,9;100,101,15;101,102,16;156,161,1;163,165,14
20|132|20,21,15;21,22,16;27,28,17;28,29,9;34,35,15;77,86,1;106,107,15;111,112,9;121,122,16;125,127,14
20|133|8,10,17;39,45,1;45,50,2;55,59,13;77,81,7;97,98,15;98,99,16;107,108,15
20|134|9,12,0;12,14,13;25,26,9;28,32,7;38,44,1;44,48,6;48,50,14;54,55,9;64,66,17;82,84,13;112,118,6;133,134,9;141,145,6;145,147,14;152,157,1
20|135|9,15,1;23,28,6;38,42,17;70,71,9;74,75,15;75,76,16;81,82,9;85,86,15;86,87,16;103,104,15
21|1|1,3,14;12,13,16;13,16,0;50,56,1;62,63,10
21|2|13,18,5;18,22,6;25,31,1;31,36,2;41,46,5;60,61,15;88,89,10
21|3|8,13,6;35,37,17;38,39,15;39,40,16;40,43,0;43,45,14;49,50,15;66,68,17;76,77,9;79,81,13;94,100,1;125,126,15;126,127,16;139,142,6;147,149,14;153,154,10
21|4|22,23,15;36,37,15;37,38,16;43,45,12;50,51,15;69,70,15;70,71,16;80,81,15;87,88,10
21|5|10,12,13;12,14,17;21,22,9;31,32,9;33,37,8;41,42,15;49,50,9;69,74,6;95,100,6;102,104,13;114,115,15;124,125,10
21|6|2,4,13;17,19,14;23,28,5;28,32,6;49,50,9;52,54,13;74,75,10
21|7|4,6,13;21,23,14;41,48,1;51,53,13;76,78,13;78,80,17;88,89,15;89,90,16;100,104,6;104,107,6;122,123,10
21|8|14,15,9;25,32,2;46,47,15;47,48,16;69,71,17;74,75,9;79,80,10
21|9|2,5,0;10,12,14;14,15,9;20,21,15;34,37,6;41,42,9;51,56,1;58,60,12;77,78,15;88,89,10
21|10|4,6,14;9,12,6;16,18,13;34,35,9;36,42,6;75,76,10
21|11|19,23,6;28,33,6;47,52,1;54,57,6;88,89,10
21|12|4,7,0;7,9,13;18,20,17;29,31,13;40,45,5;59,60,10
21|13|13,15,17;18,19,15;25,27,13;27,29,17;39,41,13;67,68,9;98,99,10
21|14|6,8,17;11,12,9;20,22,13;25,28,0;32,35,0;39,40,9;44,45,10
21|15|28,29,9;50,51,9;67,68,9;72,73,10
21|16|10,12,14;16,17,15;17,18,16;23,25,12;30,31,15;60,61,9;65,66,10
21|17|9,11,14;13,15,13;18,23,1;36,43,2;43,44,15;53,54,9;59,64,2;66,69,0;69,71,13;74,78,6;78,81,0;85,86,9;90,91,10
21|18|7,9,14;16,17,15;31,32,15;36,37,9;46,48,14;54,55,9;75,82,1;89,90,15;101,104,0;112,113,10
21|19|6,7,9;10,14,6;16,17,15;17,18,16;23,24,9;26,27,9;32,33,15;53,56,6;58,59,9;96,97,9;116,117,10
21|20|13,14,15;24,25,15;25,26,16;26,29,0;47,48,10
21|21|5,6,15;13,15,13;15,17,17;26,32,1;35,36,15;52,55,6;57,58,10
21|22|18,20,13;38,39,15;64,66,14;68,69,9;72,73,15;86,87,15;98,101,0;109,110,10
21|23|16,19,0;46,47,10
21|24|5,6,15;14,16,17;19,23,6;28,30,13;39,46,6;55,57,17;64,65,9;76,77,9;90,95,1;111,115,6;115,117,14;157,158,15;172,177,5;183,184,10
21|25|4,6,13;21,25,6;25,27,14;34,39,2;57,59,13;71,74,0;76,77,9;80,82,13;87,88,9;96,98,13;108,109,15;115,116,10
21|26|8,10,17;11,12,15;20,21,15;21,22,16;29,30,9;38,46,6;46,48,14;50,51,9;55,56,9;70,76,1;82,83,10
21|27|17,18,9;21,22,15;35,39,7;47,48,9;57,58,10
21|28|81,82,15;95,100,5;113,114,9;123,124,10
21|29|6,10,1;26,29,0;29,31,13;36,37,9;38,44,1;44,48,6;53,54,9;59,60,9;67,69,14;79,82,0;91,92,9;99,101,14;105,106,15;106,107,16;110,111,9;115,116,10
21|30|14,15,15;30,32,13;32,34,17;37,40,0;41,42,15;42,43,16;48,49,9;51,52,9;57,58,15;81,87,6;91,93,14;95,96,9;121,122,15;126,128,12;168,169,10
21|31|16,17,15;30,31,9;38,42,6;80,86,6;89,96,2;114,115,10
21|32|12,13,15;13,14,16;19,21,12;26,28,14;29,36,1;42,50,1;65,66,9;80,81,10
21|33|7,8,15;22,23,15;33,34,15;34,35,16;35,38,0;46,47,15;47,48,16;58,59,15;74,79,6;86,91,1;97,98,10
21|34|23,29,1;29,33,6;33,35,14;40,41,15;58,60,17;60,65,1;76,77,15;81,82,9;86,87,10
21|35|11,16,6;16,18,12;25,26,15;41,43,14;48,52,7;52,53,15;53,54,16;63,64,15;80,87,1;105,106,10
21|36|16,17,15;32,34,13;34,36,17;39,43,1;75,76,9;80,81,15;115,119,7;126,127,15;127,128,16;135,136,9;146,147,9;151,152,10
21|37|7,8,15;12,15,6;15,16,9;29,36,6;38,40,17;53,54,9;76,77,10
21|38|22,23,9;27,28,15;39,43,6;43,46,6;51,52,9;56,57,10
21|39|14,15,15;31,33,17;57,61,1;71,72,15;72,73,16;73,76,0;88,92,6;115,118,6;120,121,10
21|40|14,18,7;23,28,6;30,32,14;84,87,6;89,90,10
21|41|9,10,15;28,34,1;34,38,6;38,40,14;55,56,15;72,74,17;81,86,5;94,96,17;101,102,9;115,116,10
21|42|7,11,1;19,23,7;23,24,15;34,35,15;35,36,16;36,39,0;50,51,15;51,52,16;59,60,9;77,81,6;93,98,5;104,105,10
21|43|20,25,6;33,38,5;38,42,6;79,82,6;97,102,5;102,105,0;115,116,10
21|44|18,20,12;24,26,12;36,38,12;70,71,15;101,104,0;114,115,15;126,129,6;142,144,14;151,153,13;165,166,15;170,171,9;175,176,10
21|45|7,10,0;12,14,13;17,20,6;24,28,7;28,29,15;55,56,15;56,57,16;60,63,0;64,65,15;65,66,16;71,73,12;88,91,6;93,94,10
21|46|6,11,1;28,34,1;62,65,0;68,69,9;77,79,13;82,85,0;89,92,0;96,97,9;101,102,10
21|47|9,10,15;16,17,9;23,24,15;42,43,15;49,50,9;75,80,6;84,92,1;94,98,6;118,124,1;171,172,9;176,177,10
21|48|6,8,14;32,33,9;39,40,15;58,60,12;61,66,1;71,78,2;87,88,10
21|49|28,32,7;32,33,15;46,51,5;54,55,15;55,56,16;73,74,10
21|50|4,5,9;14,20,1;30,33,6;37,38,9;49,52,6;59,60,9;63,66,6;68,69,10
21|51|8,10,14;20,22,13;25,27,14;29,30,9;44,45,9;48,52,6;52,54,14;61,64,0;70,71,9;74,75,9;79,80,10
21|52|31,32,9;39,40,9;45,46,15;46,47,16;59,60,15;65,67,13;70,73,6;84,85,9;89,90,10
21|53|6,8,17;13,15,14;17,19,13;25,27,12;41,42,9;46,47,10
21|54|10,12,14;15,18,6;23,26,6;36,38,12;53,54,9;55,61,1;63,64,10
21|55|5,7,13;7,9,17;24,25,15;40,43,6;49,50,15;50,51,16;54,55,9;59,60,10
21|56|8,9,4;27,28,15;28,29,16;34,35,9;37,38,9;43,44,15;53,54,15;69,72,0;91,92,9;96,101,5;104,105,15;105,106,16;109,110,9;114,115,10
21|57|4,5,15;21,24,0;31,32,9;36,40,7;47,51,6;57,59,17;62,64,14;68,69,10
21|58|17,18,9;35,42,2;76,77,10
21|59|6,8,17;11,15,6;22,23,9;41,43,13;46,49,0;51,52,9;60,61,15;61,62,16;65,66,9;70,71,10
21|60|6,8,17;22,28,1;51,53,13;56,58,14;60,61,9;63,64,10
21|61|6,8,17;16,18,17;23,24,9;29,32,13;42,43,15;43,44,16;44,47,0;71,72,10
21|62|5,7,13;7,9,17;14,17,6;29,30,9;52,54,13;56,58,14;60,61,9;63,64,10
21|63|19,20,9;35,36,9;57,61,6;65,67,17;70,73,6;75,76,10
21|64|8,10,13;10,12,17;17,20,13;23,26,6;40,42,13;42,44,17;47,50,0;57,60,6;63,64,15;64,65,16;68,69,9;73,74,10
21|65|2,5,0;13,15,17;39,41,14;57,59,12;63,65,12;70,73,6;75,76,10
21|66|24,28,6;32,33,15;50,53,6;66,72,1
21|67|4,10,2;37,41,6;45,46,15;71,72,10
21|68|6,8,17;22,23,15;23,26,6;28,30,13;30,32,17;49,53,6;53,56,6;61,62,9;66,67,10
21|69|10,11,9;29,35,1;39,40,9;48,51,13;54,56,14;58,59,9;61,62,10
21|70|10,12,17;17,18,9;24,30,6;38,39,9;44,45,15;55,56,10
21|71|11,12,9;30,31,15;40,41,15;50,51,9;72,73,9;77,78,10
21|72|6,8,14;16,18,13;25,26,9;49,56,1;60,66,6;76,77,9;81,82,10
21|73|10,11,9;20,23,0;24,29,1;61,63,13;82,83,15;91,92,9;105,106,15;106,107,16;112,113,17;113,114,9;124,126,12;129,130,15;130,131,16;136,137,17;137,138,9;151,153,17;162,163,9;167,168,10
21|74|18,19,9;27,33,1;38,44,1;53,54,9;62,63,15;74,75,15;99,100,15;106,108,12;117,120,0;131,133,17;146,151,6;151,152,9;156,157,10
21|75|4,6,14;12,13,9;30,32,13;37,40,0;42,43,9;49,50,15;50,51,16;54,55,9;59,60,10
21|76|24,28,6;28,30,14;35,36,15;42,44,14;52,53,9;65,66,9;79,80,9;86,87,15;96,97,15;103,104,10
21|77|10,11,9;19,20,15;29,30,15;47,49,17;58,59,9;63,65,13;70,73,0;84,86,17;99,104,6;110,112,14;114,115,9;122,124,14;128,129,10
21|78|7,8,9;21,22,9;46,47,15;83,84,15;97,100,0;117,118,9;122,123,10
21|79|11,12,9;24,25,9;55,61,1;66,74,1;95,96,9;99,100,15;124,125,15;125,126,16;140,143,0;147,148,9;152,153,10
21|80|11,12,9;30,36,2;53,58,5;59,62,8;83,86,6;91,92,9;96,97,10
21|81|12,13,9;16,17,15;17,18,16;33,38,6;38,40,14;54,56,13;63,64,15;73,74,15;83,84,9;105,108,0;127,128,9;132,133,10
21|82|7,8,15;8,9,16;14,15,9;23,27,1;40,41,9;61,67,6;73,74,9;85,88,0;99,100,9;104,105,10
21|83|33,35,13;38,41,0;53,54,15;54,55,16;66,69,6;79,80,15;80,81,16;84,85,9;89,90,10
21|84|2,3,15;9,11,14;19,20,9;41,42,9;45,49,6;51,58,1;67,68,9;79,80,9;91,96,5;110,116,1;121,124,6;145,146,9;150,151,10
21|85|8,9,9;19,21,14;33,34,15;49,55,1;58,59,15;59,60,16;63,64,9;68,69,10
21|86|4,6,14;12,13,9;32,34,13;39,42,0;44,49,5;52,53,15;53,54,16;57,58,9;62,63,10
21|87|6,7,15;7,8,16;8,11,0;31,32,9;35,41,6;43,46,0;49,54,2;54,59,1;59,61,14;89,90,15;90,91,16;98,99,9;104,109,2;109,111,13;116,117,9;125,127,13;130,133,6;136,138,14;140,141,9;148,151,0;155,158,6;164,165,15;165,166,16;169,170,9;174,175,10
21|88|2,3,15;9,11,14;19,20,9;32,33,9;41,42,15;46,49,0;58,59,9;81,82,10
21|89|11,13,13;34,35,9;61,67,1;69,72,6;80,81,15;85,86,9;90,91,10
21|90|2,3,15;9,11,14;19,20,9;27,29,14;37,38,9;66,67,9;76,78,13;83,86,0;97,99,17;104,105,9;117,118,15;126,127,9;134,136,14;150,156,1;161,169,1;175,177,17;186,187,9;191,192,10
21|91|2,3,15;8,10,13;53,58,2;75,76,9;82,83,15;83,85,14;89,91,13;98,104,2;108,109,9;113,114,10
21|92|2,5,0;8,9,9;13,15,13;18,21,0;30,33,0;34,39,1;39,40,9;45,50,1;69,70,15;76,77,10
21|93|11,13,13;13,15,17;24,28,7;57,58,9;62,63,10
21|94|4,8,1;20,21,15;21,22,16;25,26,9;30,31,9;48,53,6;77,78,9;83,86,0;92,93,9;96,97,9;101,102,10
21|95|6,7,9;36,37,9;39,41,13;44,47,0;64,65,10
21|96|5,8,13;50,55,5;55,59,6;68,73,1;73,76,6;78,79,10
21|97|2,3,15;3,5,14;12,13,15;22,23,15;46,47,9;56,58,14;60,61,9;64,65,15;81,83,17;86,87,9;99,101,14;104,107,0;120,126,1;131,132,9;143,146,0;150,151,9;155,156,10
21|98|2,5,0;30,34,6;38,39,15;57,60,0;65,68,6;79,80,9;84,85,10
21|99|13,15,12;19,21,12;32,38,1;59,64,6;71,72,9;76,77,10
21|100|20,25,1;49,50,10
21|101|2,5,0;6,7,15;29,34,5;34,37,0;39,40,15;48,51,13;54,56,17;58,60,12;75,77,14;81,82,10
21|102|44,45,15;56,59,6;68,69,9;73,74,10
21|103|17,18,15;27,28,15;51,52,9;57,58,15;64,66,12;75,76,9;91,92,15;101,104,6;114,115,10
21|104|9,11,14;15,16,15;16,17,16;22,24,12;35,36,15;36,37,16;73,75,13;89,95,1;102,105,9;122,126,13;129,132,0;136,139,0;143,144,9;148,149,10
21|105|6,8,14;13,15,14;23,24,15;24,25,16;37,40,8;46,47,15;47,48,16;58,61,0;62,63,15;92,93,15;93,94,16;97,98,9;102,103,10
21|106|2,5,0;12,13,9;23,24,9;25,32,2;41,42,9;46,47,10
21|107|4,6,13;17,18,9;35,41,2;45,46,9;50,51,10
21|108|7,10,0;19,22,13;33,36,0;38,40,13;45,46,9;57,58,9;59,64,1;64,65,9;68,75,6;82,85,6;85,90,5;96,97,10
21|109|4,8,6;15,17,17;30,33,6;49,51,12;52,59,1;66,68,14;70,72,13;85,89,7;93,99,1;108,109,10
21|110|2,5,0;7,8,9;18,19,15;33,34,15;66,67,10
21|111|9,11,14;24,25,9;33,39,2;50,51,9;63,64,10
21|112|2,3,9;12,13,15;17,21,7;21,22,15;43,44,15;44,45,16;52,53,9;56,57,15;88,89,10
22|1|2,4,13;13,14,15;14,15,16;15,18,0;22,23,15;29,31,17;46,49,0;61,62,15;62,63,16;83,84,10
22|2|47,50,0;50,52,13;110,111,15;111,112,16;112,115,0;123,124,9;137,141,7;145,146,9;155,156,9;158,161,0;170,171,15;182,183,10;183,184,14
22|3|7,8,15;8,9,16;9,12,0;18,22,1;24,25,9;34,35,15;56,61,1;83,84,9;85,91,1;93,94,10;94,95,14
22|4|18,21,0;23,24,9;27,31,6;44,47,0;49,50,9;60,61,9;89,90,15;90,91,16;96,97,10
22|5|2,4,13;13,14,15;14,15,16;15,18,0;24,28,6;28,31,6;43,49,1;52,53,15;66,69,0;75,77,14;79,80,9;82,87,5;87,91,6;95,100,6;100,103,0;106,111,1;111,113,14;116,121,6;121,124,0;137,142,6;142,145,0;148,153,1;158,164,1;172,177,1;194,200,2;233,234,15;254,256,12;263,266,13;272,278,1;280,284,0;282,288,6;288,291,0;310,316,6;316,319,0;324,326,14;330,332,13;332,334,17;353,356,6;356,361,5;361,365,1;379,382,6;382,387,5;387,391,1;401,404,13;414,415,15;446,449,8;460,465,6;469,477,1;483,484,15;501,506,6;510,512,13;515,518,6;534,535,15;539,541,12;544,545,15;569,571,8;579,583,6;592,596,8;599,600,10;600,601,14
22|6|2,3,9;12,15,0;16,17,15;29,30,15;42,45,0;47,48,9;56,57,15;72,75,0;77,78,9;97,102,6;104,105,10
22|7|4,7,0;8,9,15;9,10,16;27,33,2;53,56,0;57,58,15;67,69,14;76,80,6;82,83,15;89,90,10
22|8|7,8,15;8,9,16;9,12,0;18,22,1;24,25,9;34,35,15;56,61,1;68,74,1;82,83,9;84,90,1;92,93,10
22|9|10,12,14;16,17,9;30,34,6;40,41,15;54,55,9;60,61,15;61,62,16;76,83,1;92,93,9;101,102,15;108,109,9;122,123,15;129,130,10;130,131,14
22|10|2,3,9;36,39,0;40,41,15;62,63,9;64,70,2;76,77,10;77,78,14
22|11|7,8,15;8,9,16;9,12,0;18,22,1;29,30,15;49,56,6;70,71,9;79,80,15;80,82,14;86,89,0;94,97,9;126,127,15;127,130,6;144,146,14;150,151,9;159,160,15;160,161,16;172,173,15;188,189,9;219,220,10
22|12|2,4,14;7,9,17;12,16,6;20,21,15;45,46,9;59,62,6;66,67,9;72,73,9;83,84,15;84,85,16;90,91,9;94,95,15;101,102,10;102,103,14
22|13|2,4,14;7,9,17;14,18,6;23,25,13;28,30,14;37,42,1;48,49,9;61,62,15;84,85,15;91,92,10
22|14|2,5,0;6,7,15;16,18,14;23,24,15;41,43,17;53,55,17;56,57,15;57,58,16;61,62,9;66,67,9;72,75,0;75,76,9;77,82,6;82,84,14;90,94,6;102,103,15;111,112,9;119,122,0;123,124,15;148,149,10;149,150,14
22|15|2,6,6;14,17,0;20,25,2;25,29,1;29,32,6;37,38,15;49,50,15;50,51,16;62,63,15;84,86,14;109,111,12;116,119,0;124,126,14;137,140,6;156,159,0;168,169,9;178,179,10
22|16|6,7,9;14,17,6;21,22,9;30,31,9;32,36,8;42,43,9;44,49,1;51,54,0;55,56,15;73,77,1;79,80,10;80,81,14
22|17|2,5,0;6,7,15;24,26,17;29,30,15;45,47,17;50,51,15;51,52,16;55,56,9;67,68,15;68,69,16;69,72,0;74,75,9;82,83,15;95,96,15;113,115,13;115,117,17;120,123,0;124,125,15;159,160,15;166,167,9;176,179,0;180,181,15;206,211,6;213,214,10;214,215,14
22|18|14,17,0;18,19,15;39,40,9;43,47,6;49,50,15;50,51,16;56,57,9;59,60,9;67,71,6;73,74,15;85,86,15;86,87,16;97,98,15;109,110,15;110,111,16;111,114,0;122,123,15;135,136,15;136,137,16;147,148,15;148,149,16;154,156,11;168,174,1;177,178,15;178,179,16;179,182,0;213,214,15;230,234,1;239,240,15;257,258,9;261,266,1;277,280,0;281,282,15;306,308,12
22|19|4,5,9;21,22,15;31,33,17;52,53,15;69,71,17;95,101,1;101,106,1;108,113,1;121,125,6;142,143,15;149,150,10
22|20|13,14,9;37,38,15;44,45,10;45,46,14
22|21|6,11,5;13,14,9;28,29,10;29,30,14
22|22|7,9,13;17,19,13;19,21,17;24,28,1;35,37,17;53,56,0;65,67,17;83,85,17;94,95,15;101,102,10;102,103,14
22|23|2,5,0;6,7,15;16,18,14;23,24,15;41,43,17;53,55,17;56,57,15;57,58,16;61,62,9;66,67,9;72,75,0;75,76,9;77,82,6;82,84,14;90,94,6;102,103,15;111,112,9;151,155,6;158,163,1;170,178,1;201,202,10
22|24|6,8,13;8,10,17;17,18,15;18,19,16;33,34,15;49,51,13;51,53,17;65,66,9;69,70,15;76,77,10;77,78,14
22|25|2,5,0;6,7,15;23,25,17;41,45,6;51,52,15;61,62,15;73,74,15;84,85,15;100,101,9;106,107,16;107,110,0;118,120,12;123,124,15;128,129,9;142,143,15;157,161,1;163,165,14;182,186,8;192,198,1;200,202,14;222,223,10
22|26|22,24,14;26,27,9;41,42,15;53,58,2;79,85,1;104,105,16;108,110,12;120,121,15;125,127,12;137,138,15;138,139,16;148,149,15;149,150,16;155,156,10;156,157,14
22|27|7,11,6;13,14,15;14,15,16;15,18,0;24,25,15;49,55,1;74,79,1;89,93,6;107,108,10;108,109,14
22|28|12,14,17;19,20,9;43,45,17;46,47,15;52,53,15;62,64,13;72,78,1;85,86,9;108,113,5;114,117,8;126,127,15;135,136,9;148,150,17;163,165,14;170,172,17;173,174,15;178,180,12;185,186,15;192,193,10
22|29|2,5,0;10,12,14;15,17,17;39,41,17;69,71,17;74,75,15;84,85,15;91,92,10;92,93,14
22|30|2,3,9;12,16,1;30,31,9;34,35,15;54,60,2;62,63,9;66,69,6;77,80,9;100,101,15;109,110,9;148,149,15;149,151,14;158,160,17;161,162,15;162,163,16;166,168,14;176,177,15;185,186,9;191,192,15;192,194,14;201,203,17;211,212,15;212,213,16;216,217,10
22|31|6,8,12;42,45,9;50,54,1;63,64,15;77,80,0;95,96,15;96,97,16;102,104,12;120,121,15;121,122,16;148,149,15;149,150,16;167,172,6;174,175,10;175,176,14
22|32|2,3,9;12,16,1;28,30,12;35,36,15;47,50,0;56,60,6;60,62,14;66,67,15;73,74,10;74,75,14
22|33|18,19,9;28,31,13;37,43,1;45,49,0;47,53,6;53,56,0;66,68,13;75,76,15;85,86,15;92,93,10;93,94,14
22|34|12,15,0;16,21,6;31,34,6;35,42,2;51,53,17;54,55,15;60,61,15;87,92,5;93,96,8;105,106,15;114,115,9;126,127,9;138,139,9;140,145,1;145,146,9;149,154,6;158,160,13;170,174,17;185,186,15;196,197,10
22|35|23,24,15;54,55,15;55,56,16;59,60,9;77,79,13;94,95,15;106,107,15;107,108,16;113,114,17;114,115,9;122,125,0;131,133,14;135,136,9;143,146,6;148,149,10
22|36|2,3,15;7,9,14;20,21,9;29,34,5;34,38,6;40,42,12;47,48,15;74,81,6;81,82,15;89,91,17;92,93,15;98,99,15;120,122,11;163,165,17;178,180,14;185,187,17;188,189,15;201,202,15;220,221,9;235,236,9;267,268,10
22|37|2,6,1;12,13,15;41,43,12;53,54,9;56,60,1;68,69,15;69,70,16;73,75,14;82,85,6;94,95,9;130,132,17;133,134,15;157,158,9;175,176,15;186,187,10
22|38|4,7,0;8,9,15;20,21,9;31,32,15;48,50,13;50,52,17;57,60,0;61,62,15;94,99,6;101,102,10
22|39|22,23,9;35,38,0;50,52,17;59,62,0;63,64,15;95,96,10
22|40|19,21,17;24,28,6;30,31,9;35,39,7;57,59,13;62,66,1;72,74,17;84,85,15;111,112,15;119,120,15;120,121,16;121,124,0;136,140,7;145,151,2;165,166,9;178,183,1;189,190,9;191,196,1;200,201,9;222,223,15;228,229,15;242,250,1;254,257,6;259,262,0;263,264,15;273,277,1;277,280,6;284,286,13;291,294,0;295,296,15;317,318,10
22|41|12,17,1;20,23,0;23,24,9;33,34,15;51,53,17;54,55,15;55,56,16;61,62,17;62,63,9;75,77,17;78,79,15;79,80,16;85,86,17;86,87,9;99,101,17;104,105,15;125,127,17;133,134,15;138,141,6;158,159,9;166,167,15;173,174,10
22|42|4,8,1;23,25,14;38,40,14;58,63,1;67,72,1;76,77,10;77,78,14
22|43|11,13,14;15,16,9;33,34,10;34,35,14
22|44|8,9,9;14,16,14;60,61,9;71,74,0;109,110,10
22|45|9,14,1;14,18,6;35,36,9;55,60,6;100,106,1;114,119,1;124,130,1;132,133,10;133,134,14
22|46|17,19,17;24,25,15;57,62,1;76,78,13;91,96,1;118,121,0;137,138,15;142,144,14;146,147,9;154,155,9;157,161,6;167,168,15;178,179,15;190,191,15;191,192,16;197,198,10
22|47|22,23,15;37,41,1;48,49,15;64,65,9;72,75,0;86,89,6;112,118,1;118,121,0;130,131,10
22|48|9,14,1;14,18,6;57,62,6;62,65,0;88,89,15;95,96,10
22|49|7,9,13;18,19,15;19,20,16;20,23,0;29,32,0;34,36,13;57,63,1;65,66,10
22|50|2,3,15;20,22,17;32,34,17;35,36,15;36,37,16;40,41,9;45,46,9;53,58,5;65,70,1;75,80,6;82,83,10
22|51|2,3,15;18,20,17;23,25,13;31,32,9;42,43,9;53,55,17;57,59,12;70,71,9;74,75,15;81,82,10
22|52|4,6,13;21,25,6;25,27,14;34,39,2;43,48,1;65,67,13;78,81,0;81,84,13;93,94,15;94,95,16;102,103,9;108,110,13;124,125,9;130,133,6;136,137,15;156,157,15;157,158,16;165,166,9;171,174,0;184,185,15;197,198,9;202,203,9;208,209,15;228,229,10
22|53|5,7,14;24,25,15;25,26,16;33,34,9;44,50,2;72,77,5;80,85,1;85,86,15;116,119,0;120,121,15;121,122,16;125,126,9;146,150,8;153,154,10;154,155,14
22|54|13,14,15;29,31,17;32,33,15;44,47,0;50,51,15;61,66,2;83,85,17;90,91,9;107,108,9;127,130,0;131,132,15;147,148,15;164,166,13;166,168,17;180,181,9;182,188,1;194,195,10
22|55|14,15,15;31,33,17;45,51,1;77,78,15;78,79,16;134,135,10
22|56|19,25,2;55,56,15;73,75,17;85,87,17;88,89,15;89,90,16;93,94,9;98,99,9;108,111,0;111,112,9;115,116,15;116,117,16;117,120,0;122,123,10
22|57|2,3,15;19,21,17;32,34,17;43,44,9;54,56,17;58,60,12;78,84,1;86,87,10
22|58|2,3,15;20,22,17;35,36,15;45,48,0;55,57,13;57,59,17;71,73,17;84,87,0;92,93,15;113,121,1;123,126,0;127,128,15;149,150,15;150,151,16;154,155,9;159,160,10
22|59|4,6,14;10,13,0;15,20,5;20,22,14;25,31,1;41,44,9;49,52,0;53,54,15;75,76,10
22|60|4,5,9;50,51,9;54,57,0;78,81,6;83,86,0;89,90,15;101,104,0;105,106,15;127,128,10
22|61|2,3,9;12,15,0;16,17,15;32,33,15;45,46,15;46,47,16;47,50,0;66,67,15;67,68,16;68,71,0;81,82,15;94,97,0;98,99,15;112,116,8;119,120,10
22|62|2,3,9;12,15,0;16,17,15;29,30,15;42,45,0;52,54,14;62,66,6;71,72,9;78,79,15;83,84,9;93,96,0;97,98,15;110,111,15;121,122,15;128,129,10
22|63|14,17,0;18,19,15;28,31,6;39,40,15;40,41,16;46,48,12;53,55,12;56,61,6;70,71,15;96,99,0;100,101,15;120,121,10
22|64|5,6,9;15,16,15;16,17,16;22,23,9;25,26,9;39,40,15;55,58,0;59,60,15;74,75,15;85,86,15;92,93,10;93,94,14
22|65|14,17,0;18,19,15;38,43,5;49,50,15;61,62,15;73,75,14;83,84,15;103,104,9;116,117,15;117,118,16;123,125,12;130,134,6;145,146,15;172,174,13;179,182,0;183,184,15;193,194,15;194,195,16;195,198,0;210,216,2;218,219,10
22|66|7,8,15;13,15,13;30,33,0;48,51,0;68,71,0;72,73,15;77,80,6;80,81,9;90,91,10
22|67|11,14,0;15,20,6;30,33,6;65,66,9;70,73,0;80,81,15;94,95,15;95,97,14;119,122,0;137,144,1;150,151,10
22|68|4,8,6;8,9,9;24,25,15;55,56,10
22|69|35,36,15;42,43,9;57,60,6;79,80,10
22|70|18,21,0;22,23,15;47,48,15;48,49,16;54,56,12;61,62,15;75,78,0;81,82,9;95,96,9;103,106,0;109,110,9;121,122,15;133,134,10
22|71|16,20,6;24,25,15;55,56,9;63,64,9;65,71,1;86,90,7;92,93,9;99,106,1;112,113,16;116,117,9;127,132,1;134,135,10
22|72|33,34,9;47,48,9;49,54,6;73,74,15;90,92,17;93,94,15;98,101,6;129,130,15;165,166,9;194,198,7;202,208,1;208,212,6;212,213,9;222,223,15;223,224,16;224,227,0;241,242,15;249,250,15;266,268,17;280,281,15;287,288,10
22|73|2,4,13;13,14,15;14,15,16;15,18,0;34,39,6;39,40,15;49,51,17;56,60,13;63,66,0;67,68,15;79,81,14;89,93,6;97,98,15;107,111,1;118,120,17;127,133,1;138,139,15;139,141,14;148,150,17;155,158,9;163,167,1;171,173,14;178,179,15;179,180,16;195,202,2;210,213,6;235,236,15;236,237,16;248,249,15;253,255,14;257,258,10;258,259,14
22|74|11,13,17;14,15,15;30,32,14;36,38,13;43,46,0;47,48,15;69,70,10
22|75|23,24,15;30,32,12;44,50,1;55,56,15;56,57,16;57,60,0;68,71,0;72,73,15;86,90,8;93,94,10
22|76|59,60,15;76,77,15;83,84,10
22|77|2,4,13;13,14,15;31,33,17;34,35,15;42,44,17;47,48,15;55,57,17;60,61,15;68,70,17;83,84,15;91,93,17;94,95,15;124,125,10
22|78|4,5,9;10,12,17;17,18,15;40,43,9;49,50,15;50,52,14;57,58,9;91,92,15;92,93,16;110,118,1;136,138,14;140,141,9;156,159,0;160,161,9;166,167,15;183,187,6;187,189,14;200,201,9;215,216,15;216,217,16;256,258,17;265,267,12;276,277,15;277,278,16;278,281,0;297,299,17;300,301,15;301,302,16;307,308,17;308,309,9;320,322,17;323,324,15;324,325,16;330,331,17;331,332,9;337,338,15;347,349,17;352,353,15;372,373,9;389,390,15;410,411,15;411,412,16;412,415,0;417,418,10
23|1|2,4,14;14,15,15;25,26,10
23|2|33,34,9;38,39,10
23|3|2,3,15;22,23,15;23,24,16;40,41,10
23|4|2,3,15;19,20,16;25,26,17;26,27,9;32,33,9;37,38,10
23|5|2,3,15;33,34,9;38,39,10
23|6|11,14,13;21,22,9;53,54,9;65,68,0;87,88,10
23|7|7,8,15;8,10,14;21,23,12;28,29,9;38,40,17;42,44,12;54,55,15;62,63,10
23|8|2,3,15;23,24,9;26,27,9;49,50,9;52,53,10
23|9|2,3,15;30,31,9;47,48,10
23|10|2,4,17;6,8,12;18,19,15;23,24,9;28,29,10
23|11|20,21,15;48,49,9;53,54,10
23|12|6,8,14;13,15,14;19,20,15;24,27,6;27,28,9;33,37,6;39,40,9;43,49,1;49,53,6;53,54,10
23|13|2,5,0;14,15,9;20,22,14;25,30,6;38,44,1;46,47,10
23|14|2,5,0;10,12,14;16,17,15;17,18,16;18,21,0;21,23,14;35,40,6;44,46,14;50,51,15;69,74,6;78,80,14;84,85,15;100,101,9;102,108,6;118,119,15;125,126,9;134,140,6;140,143,0;146,149,6;153,154,9;187,188,15;204,205,15;209,210,9;214,215,10
23|15|2,5,0;8,11,0;13,17,7;24,25,9;39,40,10
23|16|2,5,0;8,11,0;23,24,15;30,31,9;38,40,14;44,45,10
23|17|6,8,14;13,15,14;32,34,14;41,43,12;56,59,0;66,67,15;78,79,9;83,84,10
23|18|4,7,6;18,19,15;19,20,16;25,27,12;32,34,12;35,39,8;45,50,6;56,59,0;59,60,9;67,68,15;83,86,0;101,105,8;108,109,9;114,115,9;119,120,10
23|19|4,7,6;17,21,7;23,24,9;27,30,0;30,31,9;32,38,1;38,43,1;47,52,1;58,59,9;60,66,2;82,83,9;96,101,1;117,118,10
23|20|9,14,6;23,27,6;37,39,12;45,47,8;53,54,15;54,55,16;67,69,14;70,76,2;84,85,10
23|21|4,7,0;19,20,15;28,29,9;36,38,14;41,49,1;56,61,5;61,64,0;101,102,9;115,120,1;136,137,10
23|22|20,21,15;38,39,10
23|23|6,8,14;43,44,9;55,56,9;63,64,15;71,73,17;74,75,15;90,95,5;102,103,9;114,116,13;134,135,10
23|24|8,9,15;17,19,17;20,21,15;37,39,17;42,46,6;52,53,9;60,61,9;63,65,13;78,84,1;103,107,1;137,139,12;142,143,15;154,157,6;164,166,12;171,177,1;193,194,9;200,202,13;208,210,12;216,217,15;226,227,10
23|25|22,26,8;29,30,9;33,36,0;37,42,6;52,54,17;59,60,9;71,72,10
23|26|12,13,15;13,16,6;35,36,10
23|27|12,14,13;29,30,15;37,38,15;83,85,12;106,107,15;107,108,16;111,114,0;122,123,15;139,143,6;145,150,6;159,160,15;189,193,6;207,208,15;238,239,9;241,243,14;251,252,15;267,269,13;269,271,17;276,279,0;281,286,5;292,293,10
23|28|8,9,15;22,25,6;30,35,1;46,47,15;63,64,15;81,82,15;95,96,9;105,106,15;115,116,15;116,117,16;120,121,9;125,126,10
23|29|4,5,4;15,18,6;26,29,6;30,37,1;43,49,1;51,54,6;62,63,15;67,70,6;72,73,10
23|30|2,5,0;12,13,9;24,25,9;26,31,1;33,37,6;37,40,0;46,48,14;52,53,10
23|31|2,5,0;8,11,6;20,23,8;48,49,10
23|32|28,35,1;47,48,15;55,57,17;58,59,15;74,79,5;86,87,9;98,100,13;118,119,10
23|33|8,9,15;20,24,6;31,32,15;48,50,17;61,63,17;70,72,12;75,76,15;99,100,9;116,117,17;117,118,9;138,139,9;141,143,13;156,162,1;182,185,0;219,222,0;232,233,10
23|34|17,21,7;24,31,1;42,45,0;53,60,2;62,63,9;67,68,10
23|35|15,18,0;41,44,6;53,59,1;63,64,9;70,73,0;75,80,5;86,87,10
23|36|35,36,10
23|37|28,29,15;29,30,16;74,76,14;81,82,10
23|38|24,25,15;40,41,15;53,59,1;74,75,9;86,87,10
23|39|12,13,15;13,16,6;35,36,10
23|40|8,11,0;19,25,2;33,36,0;39,40,9;44,45,10
23|41|15,16,15;16,17,16;29,30,15;48,49,9;58,60,12;61,68,6;73,80,2;89,90,15;90,91,16;94,95,9;99,100,10
23|42|2,5,0;8,11,6;20,23,8;49,50,10
23|43|20,23,0;55,56,10
23|44|2,5,0;50,52,12;57,60,0;61,67,2;111,115,7;118,124,1;132,133,9;158,165,2;170,176,2;186,187,10
23|45|2,5,0;38,39,9;53,54,9;68,69,9;70,76,1;78,79,10
23|46|26,28,17;30,31,9;34,35,15;46,48,17;57,59,17;73,74,10
23|47|7,9,13;9,11,17;68,69,9;73,74,10
23|48|24,26,17;32,33,15;43,44,10
23|49|6,8,14;27,28,15;34,35,9;58,59,10
23|50|12,13,15;13,15,14;31,34,0;36,38,13;45,50,1;59,60,9;64,66,13;76,78,14;81,86,6;96,101,1;105,106,10
23|51|2,4,13;13,14,15;14,15,16;28,30,17;36,37,15;37,38,16;46,47,9;52,53,15;60,62,17;65,66,9;76,79,0;103,104,10
23|52|4,7,0;10,11,9;15,17,13;20,23,0;32,35,0;36,41,1;41,42,9;47,52,1;71,72,15;77,78,10
23|53|11,13,13;13,15,17;24,28,7;42,50,6;59,63,8;85,86,10
23|54|38,39,10
23|55|16,19,0;32,36,7;38,39,9;42,47,1;49,54,1;58,59,10
23|56|21,22,15;30,31,9;53,54,10
23|57|2,5,0;6,7,15;18,23,5;42,47,5;53,54,10
23|58|2,3,15;14,18,7;24,25,9;46,47,10
23|59|2,3,15;14,18,7;40,41,10
23|60|2,3,15;24,26,13;33,35,17;62,65,0;89,90,9;94,95,10
23|61|2,4,17;6,8,12;17,18,9;30,31,15;39,40,9;58,59,9;63,64,10
23|62|59,60,9;61,66,1;66,69,6;74,75,15;104,105,10
23|63|28,34,1;39,40,9;59,60,9;61,67,1;67,71,6;77,78,9;96,97,9;101,102,10
23|64|5,8,13;13,15,13;37,41,7;41,42,15;65,67,14;72,73,10
23|65|6,8,14;14,16,17;17,18,15;31,34,0;36,41,5;41,44,0;52,55,6;57,58,10
23|66|2,4,14;18,19,9;47,50,6;57,60,13;67,68,9;77,80,6;82,83,10
23|67|20,21,9;24,25,9;28,34,6;40,41,10
23|68|20,22,17;23,24,15;40,42,12;46,51,5;70,72,12;79,80,15;89,90,10
23|69|19,21,17;45,46,9;49,52,6;54,55,10
23|70|20,21,9;24,27,0;28,34,8;40,42,12;46,50,7;50,51,15;86,87,9;91,92,10
23|71|7,8,15;16,17,15;31,33,12;51,52,15;52,53,16;58,59,9;61,62,9;67,68,15;81,85,6;88,91,0;107,108,9;110,114,7;134,138,6;144,149,5;155,156,10
23|72|24,30,6;51,58,1;70,71,15;71,72,16;75,76,9;80,81,10
23|73|4,7,0;14,16,14;35,36,9;37,43,1;49,50,10
23|74|4,7,0;8,9,15;36,37,15;60,61,9;68,69,9;73,74,10
23|75|17,18,9;43,48,5;48,52,6;54,60,2;66,68,17;79,80,9;95,96,10
23|76|6,8,14;17,18,9;20,24,7;24,25,15;41,42,15;52,54,17;84,85,10
23|77|5,8,13;33,37,7;39,45,6;53,58,6;83,85,14;89,90,10
23|78|7,8,15;13,15,13;18,21,6;31,32,15;32,33,16;43,44,15;48,50,14;52,53,9;58,59,15;81,88,1;98,99,10
23|79|7,8,15;30,31,15;59,60,10
23|80|7,8,15;21,22,9;40,41,15;47,48,9;51,52,15;62,63,15;63,64,16;64,67,0;91,92,10
23|81|11,13,17;31,32,15;41,42,10
23|82|5,7,13;7,9,17;30,33,0;41,47,1;51,52,9;60,63,0;69,71,14;76,77,10
23|83|4,6,14;11,13,14;31,33,12;41,42,9;48,52,6;52,54,14;64,65,9;67,69,13;75,77,13;82,83,9;89,90,15;99,100,10
23|84|12,13,15;26,30,6;33,35,13;38,42,6;42,45,6;56,57,10
23|85|45,46,10
23|86|7,12,2;16,17,15;17,18,16;23,24,9;26,27,9;30,31,15;31,32,16;35,37,14;48,49,15;58,59,15;65,66,10
23|87|43,44,10
23|88|8,11,8;18,19,9;41,46,1;84,88,6;88,91,6;102,103,10
23|89|32,35,0;46,47,10
23|90|13,14,9;16,20,7;20,21,15;33,36,0;45,46,9;50,51,10
23|91|4,5,15;13,14,15;23,27,1;30,35,1;51,52,9;62,63,9;71,78,2;95,96,9;97,101,8;146,153,6;153,155,14;157,158,9;161,162,15;171,174,0;182,183,10
23|92|2,3,9;8,9,15;20,21,15;21,22,16;27,28,9;39,40,9;47,50,0;60,61,10
23|93|2,3,4;13,16,0;24,27,0;40,41,10
23|94|14,16,14;28,29,15;38,39,15;39,40,16;43,44,9;48,49,10
23|95|4,7,0;13,16,13;19,24,1;50,51,9;55,56,10
23|96|1,3,14;10,11,15;32,33,15;33,34,16;75,76,10
23|97|4,5,4;37,38,9;41,42,15;42,43,16;48,49,9;51,52,10
23|98|23,27,1;33,34,10
23|99|5,8,13;17,19,12;33,34,15;55,56,15;62,63,10
23|100|7,9,13;21,22,9;25,31,6;52,56,13;59,62,0;82,84,12;98,102,1;104,106,12;110,114,7;137,139,14;143,144,10
23|101|19,20,15;20,21,16;32,34,13;37,40,6;64,69,1;79,81,12;85,86,10
23|102|4,8,6;19,20,9;27,28,9;33,35,17;37,39,12;49,50,15;60,61,10
23|103|19,20,9;27,28,9;33,35,17;37,39,12;44,45,15;60,62,13;62,64,17;67,70,6;85,88,0;93,94,9;98,99,10
23|104|21,22,15;22,23,16;23,26,0;46,47,9;51,52,10
23|105|19,20,9;48,51,6;51,55,7;68,69,10
23|106|6,8,17;39,41,14;53,56,0;63,69,6;69,71,11;74,75,10
23|107|7,9,13;16,18,14;39,41,14;49,52,0;56,57,9;61,62,10
23|108|6,7,15;15,17,17;40,41,10
23|109|2,5,0;7,8,9;21,27,1;57,59,13;65,68,0;72,73,15;88,89,15;103,106,6;114,115,15;115,116,16;119,120,9;124,125,10
23|110|2,3,15;36,39,13;42,45,6;64,67,6;67,72,5;87,88,10
23|111|2,5,0;20,21,15;42,44,13;44,46,17;49,52,0;62,63,15;67,69,12;73,74,10
23|112|2,3,9;26,27,15;47,48,10
23|113|6,8,17;44,49,6;57,58,15;62,64,11;67,68,10
23|114|2,3,9;8,13,2;35,44,2;49,52,0;59,62,6;73,74,10
23|115|8,10,14;17,20,0;28,30,14;32,33,9;43,49,1;51,54,0;81,82,10
23|116|6,7,9;11,12,15;19,20,15;29,30,15;42,44,13;49,50,9;71,72,15;81,82,15;88,89,10
23|117|4,8,1;8,10,14;18,19,15;30,31,9;53,54,9;61,62,9;67,68,9;73,76,0;89,90,9;93,96,6;104,106,13;111,114,0;116,117,9;131,132,15;136,137,9;141,142,10
23|118|4,5,4;13,14,15;23,24,15;35,38,6;46,47,15;47,48,16;51,52,9;56,57,10
24|1|10,13,6;17,18,9;32,33,9;41,44,6;55,57,13;63,64,9;65,69,8;75,76,9;77,83,2;102,103,10
24|2|1,2,16;15,16,15;16,17,16;27,28,15;28,30,14;35,37,17;46,47,9;50,56,1;66,68,17;80,87,1;101,105,7;118,123,6;131,132,15;141,145,6;145,148,6;165,166,15;175,176,15;185,186,15;207,209,14;225,227,12;232,238,1;252,253,10
24|3|1,2,16;16,19,6;53,58,1;58,59,15;59,60,16;77,80,6;84,86,13;112,119,1;129,130,9;141,142,15;152,153,10
24|4|2,3,15;22,23,15;33,34,9;39,42,0;55,57,17;77,79,12;84,85,15;85,87,14;101,102,9;115,120,1;126,128,14;133,135,17;147,148,9;158,166,1;168,170,17;172,174,12;184,185,15;189,190,9;194,195,10
24|5|7,8,15;23,25,17;29,32,8;40,41,9;57,59,17;64,67,0;68,69,15;82,88,2;90,91,10
24|6|2,3,15;28,29,9;47,52,2;63,65,12;73,75,13;78,81,6;94,95,9;124,125,9;127,128,9;129,133,8;134,135,15;146,149,0;151,152,9;160,161,15;161,162,16;165,166,9;170,171,10
24|7|2,3,15;7,8,9;17,20,0;30,31,15;49,53,6;62,63,15;67,68,9;72,73,10
24|8|4,6,14;10,12,17;21,22,15;34,38,6;58,59,9;61,62,9;63,67,8;68,69,15;80,83,0;85,86,9;94,95,15;99,100,9;104,105,10
24|9|2,3,15;7,8,9;17,20,0;28,29,15;44,46,13;49,53,6;62,63,15;63,64,16;67,68,9;72,73,10
24|10|17,18,15;48,49,9;54,57,0;58,59,15;79,80,10
24|11|2,5,0;6,7,15;18,20,12;26,27,15;43,49,1;49,52,6;77,84,2;86,92,7;105,111,2;126,127,15;132,138,1;142,147,5;149,150,15;164,165,15;178,179,15;198,200,14;204,205,9;219,220,9;233,234,10
24|12|7,9,13;31,34,0;35,36,15;52,53,15;63,64,9;71,74,6;86,92,1;98,100,17;103,104,9;106,108,13;114,120,1;122,123,10
24|13|11,13,12;45,47,12;71,73,17;76,77,15;77,78,16;85,87,12;94,96,17;98,100,12;107,110,6;111,112,15;124,125,15;129,130,9;134,135,10
24|14|17,18,15;48,49,9;54,55,15;55,56,16;67,68,15;97,99,13;129,130,10
24|15|18,19,9;63,68,5;81,85,7;87,88,9;94,99,1;112,113,9;120,126,1;133,136,6;137,138,15;149,150,10
24|16|8,10,13;36,41,5;55,57,13;60,65,1;79,80,9;86,88,14;90,91,9;98,99,9;109,110,9;117,118,10
24|17|11,12,15;21,25,6;31,33,17;44,46,13;57,61,6;61,64,6;64,69,5;75,76,10
24|18|12,13,15;27,28,15;34,35,9;62,63,10
24|19|2,5,0;6,7,15;29,33,6;39,40,15;44,45,9;56,57,15;74,76,17;98,103,6;105,106,15;106,107,16;118,119,15;155,158,6;173,174,10
24|20|17,18,15;48,49,9;54,57,0;58,59,15;72,78,2;80,81,10
24|21|4,6,13;15,16,15;33,35,17;50,52,17;59,60,9;63,64,15;64,65,16;72,73,9;82,86,1;100,101,9;104,105,15;105,106,16;113,114,9;121,124,0;126,127,9;139,140,15;148,150,12;155,156,15;160,163,6;185,186,15;216,217,9;231,234,6;234,239,5;254,260,1;262,263,9;265,268,0;269,270,15;288,292,1;294,296,12;303,304,15;323,324,10
24|22|17,19,17;22,24,17;25,26,15;37,40,6;45,46,15;46,47,16;57,61,1;65,67,13;67,69,17;72,74,17;78,79,15;92,93,15;99,100,9;108,109,15;115,116,9;136,137,15;157,159,17;172,174,13;174,178,17;198,202,1;209,210,15;228,229,15;242,248,2;250,251,10
24|23|2,5,0;6,7,15;26,27,15;37,38,9;41,42,15;46,47,9;51,52,9;55,56,15;66,67,9;77,79,17;84,85,15;85,86,16;97,98,15;130,131,10
24|24|68,72,7;82,84,17;93,94,10
24|25|9,14,1;25,26,15;43,44,15;68,71,0;72,73,15;85,86,15;94,95,15;101,102,10
24|26|10,11,9;31,32,15;56,57,9;64,65,15;65,66,16;74,75,9;80,81,16;95,96,15;96,97,16;111,112,16;120,121,9;128,130,17;132,134,12;154,157,0;176,181,5;188,193,1;198,203,6;205,206,10
24|27|2,4,13;13,14,15;31,33,17;40,42,14;47,49,17;99,101,17;114,116,17;121,124,13;139,140,9;152,158,2;184,185,10
24|28|4,9,2;19,21,17;27,29,13;35,41,6;47,49,14;88,92,6;103,104,15;111,113,17;116,117,15;124,126,17;154,155,15;184,185,10
24|29|29,33,6;33,35,14;40,42,17;69,74,6;83,84,9;85,91,2;100,101,15;123,125,14;145,146,10
24|30|29,31,17;39,41,14;43,44,9;62,64,17;81,82,9;107,110,0;111,112,15;125,129,8;142,143,10
24|31|19,20,9;41,43,14;45,46,9;50,53,0;76,79,0;88,90,14;105,108,0;147,149,14;162,165,0;182,187,0;196,198,14;213,216,0;237,240,0;251,253,12;257,260,0;271,273,12;287,290,0;298,300,14;302,304,12;308,311,0;319,321,14;323,325,12;339,342,0;354,355,9;359,362,0;372,374,13;381,382,9;386,389,0;399,401,13;408,409,9;413,416,0;426,428,12;432,435,0;460,461,9;465,468,0;474,475,15;475,476,16;479,480,9;497,499,17;503,504,15;520,521,15;521,522,16;536,537,15;537,538,16;546,547,15;570,572,17;586,587,9;590,591,15;591,592,16;592,595,0;597,599,12;616,618,14;633,636,0;664,668,6;675,680,0;688,690,13;690,692,17;699,700,15;724,725,15;759,760,10
24|32|4,7,6;10,12,17;13,14,15;20,21,9;28,31,6;36,37,15;37,38,16;41,42,9;73,75,12;86,90,1;96,98,17;105,107,12;121,122,15;131,135,6;141,142,9;147,148,15;157,158,9;167,168,10
24|33|17,18,15;71,72,15;81,85,6;91,94,9;97,98,15;109,111,14;119,120,15;126,127,9;132,135,0;152,153,9;204,212,1;220,225,5;225,230,1;234,235,15;242,243,15;248,250,13;257,258,9;280,282,17;289,290,9;303,304,15;310,312,12;324,326,14;337,344,2;346,348,14;353,355,17;363,364,15;370,371,17;371,372,9;375,376,15;376,377,16;392,396,1;404,407,0;412,415,0;416,417,15;427,430,8;442,443,9;447,450,0;457,463,2;465,466,10
24|34|6,8,14;11,14,6;18,20,13;37,38,9;39,45,1;52,53,9;54,59,1;64,71,1;74,75,15;90,92,17;95,99,6;99,101,14;119,125,2;134,135,10
24|35|16,17,15;17,18,16;23,24,9;26,27,9;32,33,15;58,59,9;68,69,17;69,70,9;71,76,6;93,94,15;122,123,15;123,124,16;139,142,0;153,158,6;163,168,1;176,180,6;185,191,1;193,194,9;199,204,6;212,218,2;230,235,1;249,254,1;274,276,12;306,314,1;329,336,1;342,343,15;359,360,9;363,367,1;369,371,12;387,388,15;395,396,15;404,405,9;410,411,16;411,414,0;422,423,15;449,450,10
24|36|19,20,15;29,33,6;58,59,15;65,66,9;81,82,9;92,93,15;105,106,15;112,113,10
24|37|6,12,2;30,31,9;34,39,1;52,56,6;61,62,15;79,80,15;80,81,16;86,87,17;87,88,9;98,100,12;103,104,15;104,105,16;110,111,17;111,112,9;133,139,6;155,156,15;168,169,15;173,175,14;177,178,10
24|38|4,6,14;15,16,15;43,45,17;57,62,5;62,66,6;72,73,9;78,79,15;97,101,1;103,105,12;121,122,10;122,123,14
24|39|2,3,15;18,20,13;20,22,17;29,30,9;45,49,8;56,61,1;70,71,15;71,72,16;86,88,12;96,99,13;108,110,12;114,115,9;125,127,14;136,142,1;149,150,15;159,162,6;164,165,9;174,175,9;187,188,9;193,194,15;209,210,15;216,217,10;217,218,14
24|40|13,14,9;15,20,6;27,33,2;38,43,1;48,49,9;57,63,1;63,67,6;73,74,9;80,86,1;86,90,6;96,97,9;104,111,6;115,116,9;117,121,8;148,150,13;166,167,9;177,179,14;185,186,9;196,201,2;206,208,14;213,214,15;225,226,9;231,237,6;245,246,9;249,254,1;254,255,10
24|41|14,17,0;18,19,15;40,41,9;44,48,6;50,51,15;51,52,16;57,58,9;60,61,9;66,67,15;78,79,15;79,80,16;90,92,11;95,96,9;97,104,6;106,111,6;111,113,14;130,131,9;145,146,9;151,152,15;165,169,8;182,183,10
24|42|17,18,15;18,19,16;24,25,9;27,28,9;33,34,15;53,54,15;61,62,15;68,69,10
24|43|14,17,0;18,19,15;40,46,6;46,49,0;68,69,9;72,75,0;78,80,14;86,87,9;94,100,6;106,107,15;111,113,14;134,135,9;139,140,9;158,159,15;159,160,16;165,167,12;172,176,6;180,185,6;193,196,8;200,205,6;217,218,9;221,225,1;227,229,12;244,245,9;248,253,1;253,257,1;259,261,12;288,289,9;301,302,15;306,308,14;310,311,10
24|44|10,11,15;18,19,15;29,30,15;30,31,16;31,34,0;44,47,0;54,55,9;64,66,14;69,75,2;77,79,17;83,84,15;88,90,14;92,93,10
24|45|2,3,15;25,27,11;31,37,1;37,42,1;42,44,12;45,52,6;58,63,5;63,67,1;82,84,14;88,89,9;98,103,5;103,107,1;122,124,14;139,144,5;144,148,1;158,161,13;169,176,1;183,184,15;199,201,12;208,211,0;212,213,15;238,243,6;245,246,10
24|46|5,7,14;10,13,6;17,19,13;25,26,9;27,33,1;40,41,9;42,49,1;49,50,15;67,71,1;73,75,12;89,90,9;91,97,1;103,104,10
24|47|18,21,0;25,26,15;37,38,15;38,39,16;62,65,0;84,90,1;94,99,5;100,103,8;111,112,9;123,125,13;128,130,17;132,134,12;141,142,15;152,153,10
24|48|12,14,13;14,16,17;23,24,15;42,43,9;78,84,1;88,93,5;99,100,10
24|49|4,8,1;10,15,2;20,21,15;35,37,13;37,39,17;57,58,10
24|50|15,20,5;30,31,15;38,40,13;40,42,17;61,65,1;71,72,15;101,102,9;112,114,17;116,118,12;128,129,15;129,130,16;133,134,9;138,139,10
24|51|2,5,0;22,23,15;47,49,13;49,51,17;58,59,15;77,78,9;103,107,1;113,115,17;144,146,17;148,150,12;160,161,15;171,172,10
24|52|4,8,1;13,14,15;32,33,9;43,44,15;58,60,14;67,69,17;71,73,12;83,84,15;88,90,12;94,95,10
24|53|6,8,14;13,15,17;18,19,15;39,40,9;77,80,0;94,96,14;101,103,17;112,118,1;132,135,0;136,137,15;150,154,8;167,168,10
24|54|13,15,17;16,17,15;34,36,17;37,38,15;38,39,16;54,58,6;65,67,17;72,75,0;94,97,0;110,115,5;119,122,0;135,139,6;157,161,17;174,175,15;175,176,16;192,193,15;199,200,9;203,204,15;210,211,10
24|55|7,8,15;15,16,15;33,35,17;38,41,6;53,55,17;56,57,15;57,58,16;61,62,9;66,67,9;84,87,0;96,97,15;112,113,15;124,125,15;136,140,6;140,142,14;162,165,0;183,184,15;191,192,15;221,224,0;226,231,5;232,235,8;257,265,1;304,312,1;314,318,6;332,333,9;342,344,17;346,348,12;358,359,15;363,364,9;368,369,10
24|56|10,12,17;13,14,15;14,15,16;20,21,17;21,22,9;33,35,17;36,37,15;37,38,16;43,44,17;44,45,9;58,60,17;61,62,15;62,63,16;92,93,10
24|57|12,15,0;16,17,15;33,35,17;52,53,15;73,74,9;79,80,15;80,81,16;81,84,0;101,102,15;108,109,10
24|58|2,4,13;13,14,15;31,33,17;47,50,6;53,54,15;78,79,9;88,89,15;105,107,14;112,114,17;115,116,15;127,130,6;137,138,9;146,147,9;148,156,1;156,160,6;160,162,14;169,170,17;170,171,9;174,175,15;179,181,14;211,216,5;219,220,15;220,221,16;237,240,8;250,251,17;251,252,9;255,256,15;262,264,12;273,274,9;283,284,9;285,291,2;339,343,8;350,353,0;361,362,9;376,380,7;401,408,6;410,411,9;426,427,15;441,442,15;448,449,9;476,477,10
24|59|15,16,15;20,22,14;24,25,9;30,33,6;36,37,15;64,66,17;73,74,15;86,87,15;98,102,6;102,104,14;117,118,9;133,134,15;153,154,9;158,159,9;164,165,15;184,185,10
24|60|2,3,15;9,10,9;20,21,15;21,22,16;22,25,0;27,29,12;32,33,15;36,37,9;61,67,6;82,85,0;96,100,1;116,119,0;138,139,9;140,144,8;151,158,1;160,164,1;182,188,2;190,195,0;198,199,15;218,219,10
24|61|14,15,15;31,36,1;46,47,15;63,68,1;78,79,15;94,99,1;107,110,13;113,116,6;125,129,6;136,138,17;142,145,8;174,176,12;198,201,0;203,204,9;230,231,9;257,258,9;284,285,9;307,310,0;310,311,9;337,338,9;360,361,9;363,364,9;388,393,5;402,404,13;452,456,6;463,465,17;488,496,6;510,514,7;518,524,6;532,534,17;539,542,13;545,548,6;563,569,1;574,577,6;578,579,15;590,591,9;596,601,6;607,614,6;616,617,9;632,633,15;647,648,15;654,655,9;678,679,10
24|62|2,5,0;9,10,15;24,25,15;42,44,17;47,48,15;66,67,9;82,84,17;91,92,9;97,100,13;106,111,6;115,121,2;133,135,17;165,168,0;169,170,15;200,202,17;204,206,12;211,212,15;235,236,15;254,257,9;266,267,15;308,313,2;315,319,6;335,336,15;354,355,15;366,369,0;370,371,15;384,390,2;392,393,10
24|63|7,9,14;14,16,17;21,23,12;26,27,15;27,28,16;54,56,12;67,71,7;74,82,6;82,84,14;94,95,15;102,103,15;129,132,6;141,149,6;160,161,15;196,198,13;201,205,6;253,254,10
24|64|4,6,13;9,12,0;29,30,15;30,31,16;36,37,9;39,40,9;45,46,15;59,61,14;73,75,13;78,81,6;136,140,7;151,153,17;158,159,15;185,186,10
25|1|10,11,15;26,27,15;48,50,14;54,55,9;72,73,9
25|2|12,13,9;21,22,15;22,23,16;28,29,9;31,32,9;37,38,15;69,75,1;84,89,2;91,92,9;99,104,6;106,107,15;136,141,6;150,151,9;154,156,14
25|3|2,3,15;11,13,17;16,20,6;25,27,13;36,42,2;62,68,1;107,110,6;121,127,1;136,142,1;163,169,1;177,178,17;178,179,9;180,185,1
25|4|8,9,15;24,26,13;26,28,17;36,37,9;39,41,13;47,49,13;57,58,15;65,66,9;80,81,9;115,117,14;120,122,12;131,137,1
25|5|7,9,13;9,11,17;16,17,9;23,24,15;37,38,15;82,87,1
25|6|7,10,6;15,16,15;32,33,15;33,34,16;45,46,15;46,47,16;52,53,9;55,56,9;61,62,15;75,78,0;80,81,9;94,101,2
25|7|8,10,17;19,20,9;24,25,15;25,26,16;44,45,15;45,46,16;69,70,15;90,92,13;95,98,6;115,120,6;134,135,9
25|8|11,14,13;26,29,6;47,48,9;51,54,0;55,60,1;85,86,15;86,87,16;90,91,9;101,105,6;128,135,1
25|9|1,4,6;21,23,17;29,30,15;38,39,9;50,52,17
25|10|10,11,15;16,18,13;21,25,6;25,27,12;47,54,1;54,58,6;58,59,9;66,69,0;69,70,9;71,76,6;76,78,14;84,88,6;96,97,15;105,106,9;113,115,14
25|11|13,15,17;18,19,15;19,20,16;39,41,14;49,53,6;61,62,15;62,63,16
25|12|14,19,5;19,24,1;28,32,8;37,42,6;47,49,17;64,70,1
25|13|6,8,13;16,18,17;33,39,6;43,50,1;67,69,17
25|14|7,9,14;12,14,17;15,16,15;31,37,1;37,38,9;41,47,1;47,48,15;48,50,14;53,55,17;62,68,6
25|15|9,10,9;29,32,0;35,36,15;45,46,15;60,61,15;95,97,12;98,103,1
25|16|23,25,12;33,34,9;70,77,1
25|17|42,46,6;50,51,15;72,75,6;102,104,12;108,110,12;129,131,17;132,133,15;133,134,16;139,140,10
25|18|6,8,17;11,13,14;15,16,9;34,36,8;45,47,13;50,55,1;65,69,6;88,90,12;97,98,9;100,105,1;124,126,12;146,148,17;149,150,15;150,151,16;167,169,17;175,180,8
25|19|4,6,14;17,21,7;62,68,1;77,85,1;87,91,1;95,100,5;100,103,6;110,112,14;121,127,6
25|20|4,6,13;21,23,14;33,34,15;53,55,13;58,61,0;80,81,15;81,82,16;107,108,15;152,157,6
25|21|10,11,15;38,40,12;52,54,13;57,60,6;73,74,15;80,82,12;119,120,15;131,133,17;136,138,13;141,144,6;166,172,6
25|22|16,17,15;23,25,12;54,60,2;64,66,14;89,91,14;92,99,1
25|23|10,12,13;31,33,17;44,49,6;57,58,9;65,67,12;68,74,1;74,77,6
25|24|6,7,9;10,11,15;15,18,0;37,43,1;51,57,1
25|25|19,20,15;20,21,16;26,28,12;33,34,15;40,41,9;54,55,15;61,63,12;72,75,6
25|26|21,22,15;32,33,16;40,41,9;68,69,15;73,74,9
25|27|17,18,15;18,19,16;54,55,9;65,66,15;81,82,15;82,83,16
25|28|2,3,9
25|29|5,7,14;24,25,15;25,26,16;48,50,12;66,67,15;67,68,16;75,76,9;85,88,6;88,89,9
25|30|8,9,15;9,10,16;21,22,9;30,33,0;42,43,15;51,53,17;56,57,9;61,62,15
25|31|6,7,9;44,51,1;54,55,15;59,61,14;96,102,1
25|32|8,9,15;25,27,17;53,54,15;73,78,1;78,79,9;84,91,6;93,94,9;115,116,9;140,141,9
25|33|40,41,9;46,47,15
25|34|52,55,0;60,62,17;64,66,12;75,81,1;85,91,1
25|35|6,8,14;27,28,15;34,35,9;56,58,13;69,70,9
25|36|10,11,15;17,19,13;26,27,15;36,37,15;54,56,17;65,66,9;76,79,0;83,84,9;91,93,14
25|37|13,19,2;19,22,0;32,34,17;35,36,15;36,37,16;51,53,14;55,56,9;71,72,9;79,80,16;80,83,0;93,100,1;106,108,14;114,115,16;118,119,9
25|38|6,12,1;19,21,17;30,31,9;34,35,15;35,36,16;51,56,8;64,65,9
25|39|6,12,6;14,16,14;25,26,15;34,35,9;46,52,6
25|40|6,8,14;15,17,17;24,25,15;36,37,15;42,44,13;63,64,15;64,65,16;92,94,17;120,122,17
25|41|19,23,1;55,56,9;60,61,15;75,76,15
25|42|2,6,6;47,49,13;52,56,6;112,113,15
25|43|16,17,15;29,30,9;34,35,9;41,42,9;51,54,6
25|44|16,19,0;83,84,15;92,93,9
25|45|40,41,15;41,42,16;58,60,12;73,74,9;81,87,6;87,90,0;101,102,15;102,103,16
25|46|2,5,0;14,15,9;30,32,14;33,39,1
25|47|7,8,15;29,30,15;44,50,1;50,51,15;51,52,16;52,55,0;66,72,1;79,80,15;80,81,16;81,84,0
25|48|7,8,15;13,15,13;25,26,15;26,27,16;32,33,9;41,46,8;69,70,9;77,80,6;91,92,15;92,93,16;98,100,12;105,107,12;108,113,6
25|49|15,16,9;24,30,1;33,39,1;49,50,9;53,56,0;62,64,14;66,68,13;75,76,9;77,83,1
25|50|6,8,14;18,19,9;46,48,17;55,58,13;68,69,15;69,70,16;70,73,0
25|51|44,50,1
25|52|13,14,15;18,19,9;31,32,9;34,36,14;38,42,7;44,45,9;52,58,6
25|53|9,10,15;24,25,15;40,41,9;50,55,6;59,64,1;66,67,9;84,89,1;115,121,1;123,125,14;126,133,1
25|54|7,8,15;27,28,15;32,34,12;42,48,6;56,57,9;63,69,1;74,82,1
25|55|16,20,6;24,25,15;42,45,6;80,81,15;105,106,9
25|56|4,6,13;17,18,9;36,42,1
25|57|7,9,13;40,42,14;54,58,6;58,60,12;65,69,1;91,92,9
25|58|18,19,15;27,28,15;67,68,9;84,85,9;105,106,9
25|59|15,16,15;16,17,16;22,23,9;25,26,9;31,32,15;78,83,6;83,86,0;87,88,15;103,104,15;115,116,15;116,117,16;124,125,9;142,143,9
25|60|21,22,15;29,31,17;34,35,16;42,43,9;52,54,17;61,62,15;62,63,16;70,71,9
25|61|10,11,15;29,30,15;30,31,16;36,38,12;47,53,1;71,72,9;73,79,1;84,91,1
25|62|7,8,15;22,23,15;33,34,15;34,35,16;35,38,0;51,57,2;72,76,1
25|63|10,11,15;11,12,16;19,20,9;23,24,15;49,50,15;64,70,1;88,89,15;93,94,9;108,110,17;115,116,9
25|64|2,3,15;41,47,1;51,52,9
25|65|2,3,15;32,33,15;42,45,0;59,62,0;69,72,0
25|66|2,5,0;11,13,12;28,34,1
25|67|2,3,15;16,18,13;21,24,6;27,29,17;44,46,17;56,58,14;63,65,17;83,84,9
25|68|2,3,15;18,20,14;31,32,15;43,44,9;64,66,14;74,75,15;75,76,16;76,79,0;84,85,15;100,101,15;117,118,15;148,152,1;161,162,9
25|69|4,5,9;15,16,15;33,34,15;40,41,9;54,56,14;62,63,9
25|70|9,13,6;41,47,6;47,48,9;51,57,6;59,61,17;63,65,12;80,81,15;110,111,9;112,119,1;125,126,15;139,146,2
25|71|4,8,6;23,24,9;27,33,6;35,38,0;40,41,9;56,57,15
25|72|2,3,15;28,29,15;29,30,16;51,53,17;56,57,15;57,58,16;72,74,17
25|73|2,3,15;26,28,17;37,38,9;64,66,17;79,83,0;81,87,1
25|74|2,3,15;34,36,14;54,55,9;71,72,9;93,98,1;98,99,15;99,101,14
25|75|2,4,17;6,8,12;15,17,14;24,25,15;49,51,17;81,86,1;90,91,9
25|76|2,3,9;39,45,1
25|77|17,19,17;46,48,12;61,63,14;69,71,14
26|1|1,3,11;3,5,11
26|2|12,13,9;16,17,15;23,24,9;27,28,15;34,35,10
26|3|12,13,9;16,22,1;44,46,17;55,56,10
26|4|2,7,1;30,35,5;38,39,15;39,40,16;45,47,12;56,61,6;75,76,9;91,92,9;96,97,10
26|5|15,20,5;20,24,6;27,33,1;36,37,15;37,38,16;45,46,9;71,73,17;89,90,10
26|6|4,6,14;15,17,17;37,39,8;40,42,12;44,46,17;57,59,17;64,65,9;78,79,10
26|7|15,17,17;24,25,15;42,44,8;60,64,6;73,78,6;80,81,10
26|8|2,5,0;12,13,9;25,32,1;52,57,5;63,64,10
26|9|4,7,0;23,24,15;34,35,15;35,36,16;41,42,10
26|10|28,31,13;37,38,15;43,44,15;53,54,15;54,55,16;58,59,9;63,64,10
26|11|33,34,10
26|12|14,17,0;17,19,13;30,34,1;41,42,10
26|13|12,14,14;26,29,6;63,64,9;66,67,10
26|14|20,22,8;22,27,6;37,41,1;41,43,14;47,48,10
26|15|17,18,15;34,35,9;39,43,13;46,49,0;57,62,5;70,71,10
26|16|28,30,13;33,36,0;52,53,15;57,58,9;62,63,10
26|17|26,28,13;35,37,12;39,40,10
26|18|36,42,1;76,77,10
26|19|22,23,15;43,46,6;52,53,15;57,58,9;62,63,10
26|20|16,18,13;22,28,1;40,41,15;41,42,16;45,47,11;50,51,10
26|21|13,16,6;21,24,0;62,68,1;83,84,15;94,95,10
26|22|16,21,6;23,26,0;48,49,3;57,59,13;66,68,12;70,71,10
26|23|29,30,15;34,35,9;39,40,10
26|24|12,13,15;13,14,16;19,20,9;22,23,9;28,29,15;54,56,13;61,65,6;65,68,6;68,73,5;78,79,10
26|25|21,23,13;40,41,10
26|26|29,31,12;38,39,15;48,49,10
26|27|8,11,0;24,25,15;30,32,13;57,59,14;61,62,10
26|28|12,13,15;26,27,15;54,56,13;61,65,6;65,68,6;79,80,10
26|29|13,14,15;28,29,9;45,47,14;51,54,0;62,63,15;74,75,10
26|30|31,37,1;39,40,10
26|31|17,19,13;22,26,6;26,29,6;35,36,15;36,37,16;40,41,9;45,46,10
26|32|40,46,1;48,49,10
26|33|15,16,9;36,38,12;43,44,16;44,47,0;47,48,9;52,53,10
26|34|25,27,13;30,33,0;36,37,9;45,46,9;55,56,10
26|35|10,14,1;22,27,5;38,42,7;50,51,9;69,70,10
26|36|5,7,13;7,9,17;31,32,15;32,34,14;43,44,15;50,52,12;59,60,9;64,65,10
26|37|31,32,10
26|38|9,10,15;10,11,16;28,29,9;37,43,1;47,48,10
26|39|10,11,16;11,14,0;25,28,6;28,33,5;33,35,14;41,42,10
26|40|21,22,15;22,23,16;35,39,6;43,45,17;51,52,15;56,57,9;61,62,10
26|41|4,7,0;11,13,12;16,17,15;17,18,16;34,36,17;54,57,0;68,70,14;76,80,6;80,83,0;92,93,15;97,98,9;102,103,10
26|42|17,20,0;28,35,2;40,41,15;52,53,10
26|43|10,15,5;18,21,13;29,31,17;34,36,13;39,42,6;42,47,5;51,52,10
26|44|10,12,17;47,49,17;73,76,0;87,88,15;92,93,9;97,98,10
26|45|61,62,10
26|46|11,12,15;12,13,16;25,26,9;30,31,10
26|47|5,7,13;7,9,17;15,18,0;28,29,15;33,34,9;38,39,10
26|48|18,19,9;21,22,10
26|49|11,14,6;21,22,9;25,27,14;54,57,0;59,60,9;75,76,15;95,96,15;96,97,16;141,144,0;170,175,5;182,183,9;184,189,1;200,203,0;210,212,14;216,217,10
26|50|6,8,17;24,27,0;27,29,13;48,51,6;55,56,10
26|51|2,5,0;9,11,14;18,22,1;48,49,9;51,52,9;54,56,13;59,63,6;63,66,0;66,68,13;77,78,15;88,89,10
26|52|14,16,13;29,32,13;54,56,13;59,62,0;64,69,5;76,77,10
26|53|26,27,15;33,35,12;42,43,9;47,48,10
26|54|2,5,0;8,10,12;14,16,12;30,35,6;40,41,10
26|55|4,7,0;22,24,12;28,29,10
26|56|4,7,0;21,22,9;26,27,10
26|57|8,10,14;12,13,9;15,20,5;20,24,6;24,27,0;27,28,9;29,34,1;38,39,10
26|58|8,13,1;19,24,6;26,27,10
26|59|4,5,9;22,23,9;31,33,13;40,42,12;44,45,10
26|60|13,18,5;24,25,10
26|61|4,7,0;13,15,12;19,20,15;44,45,9;53,56,13;59,62,0;68,70,14;74,75,10
26|62|11,15,13;18,21,0;44,45,10
26|63|12,14,13;27,30,13;36,37,15;54,55,15;68,69,15;69,72,6;96,101,6;101,102,15;102,103,16;111,112,15;118,119,10
26|64|16,19,0;20,21,15;29,30,10
26|65|4,7,6;25,30,1;34,36,13;39,41,14;45,46,10
26|66|2,5,0;12,14,14;18,19,15;27,28,10
26|67|2,5,0;12,13,9;25,32,1;52,57,5;63,64,10
26|68|4,7,0;23,24,15;34,35,15;35,36,16;41,42,10
26|69|2,3,15;28,30,14;32,33,9;35,36,10
26|70|31,32,9;45,46,10
26|71|6,8,17;26,32,6;48,49,9;53,54,10
26|72|34,36,14;38,39,10
26|73|7,10,6;32,33,10
26|74|6,8,17;18,20,14;22,24,13;30,32,12;42,43,9;56,57,10
26|75|18,23,5;27,30,6;41,42,10
26|76|2,5,6;15,17,12;24,25,15;29,31,14;35,36,10
26|77|4,7,0;18,24,2;24,26,13;40,41,15;45,46,9;50,51,10
26|78|31,32,10
26|79|2,3,15;17,19,14;35,36,10
26|80|30,31,10
26|81|2,3,15;23,26,0;33,34,10
26|82|2,3,15;8,10,13;13,15,14;22,26,1;41,43,12;57,58,15;58,59,16;62,63,10
26|83|8,10,14;20,26,1;32,34,14;40,41,15;41,42,16;45,46,9;50,51,10
26|84|2,3,15;3,5,14;24,26,14;27,32,6;34,35,15;43,44,10
26|85|2,3,15;3,5,14;15,19,1;28,31,0;34,35,15;35,36,16;36,39,0;41,42,10
26|86|2,3,15;16,18,13;21,24,0;26,27,9;39,40,15;40,41,16;44,46,11;49,50,10
26|87|25,27,14;31,32,10
26|88|13,16,6;23,28,1;36,37,10
26|89|18,19,15;33,38,6;40,41,10
26|90|13,14,15;18,21,0;35,36,10
26|91|12,13,15;32,33,10
26|92|28,31,6;42,43,10
26|93|2,6,6;10,11,15;25,28,6;45,48,6;52,53,10
26|94|4,6,14;11,13,17;28,29,15;36,37,10
26|95|12,14,14;22,24,14;28,29,10
26|96|6,8,17;33,34,10
26|97|2,3,15;12,16,6;16,19,0;31,32,9;33,39,1;41,42,10
26|98|15,19,7;25,26,15;30,31,9;35,36,10
26|99|4,6,13;16,18,13;26,27,15;31,33,14;37,38,10
26|100|14,18,6;18,19,9;23,24,10
26|101|18,19,10
26|102|9,12,0;25,30,6;43,44,15;54,55,10
26|103|2,5,0;12,13,9;25,32,1;52,57,5;63,64,10
26|104|4,7,0;23,24,15;34,35,15;35,36,16;41,42,10
26|105|23,24,15;34,35,10
26|106|47,48,10
26|107|2,5,0;26,27,10
26|108|2,3,15;9,11,17;12,13,15;29,30,10
26|109|4,6,13;37,39,14;51,53,14;78,79,15;83,84,9;88,89,10
26|110|2,3,15;9,11,17;12,13,15;29,30,10
26|111|7,9,13;9,11,17;30,31,15;41,42,15;52,53,10
26|112|32,34,17;43,44,10
26|113|53,54,10
26|114|4,6,13;24,25,15;35,36,10
26|115|25,31,1;33,34,10
26|116|6,8,17;13,18,2;23,26,6;31,32,9;47,50,0;56,57,15;68,69,10
26|117|14,17,0;33,34,10
26|118|2,3,15;36,42,1;55,60,1;70,71,15;81,82,10
26|119|4,7,6;11,12,9;19,24,1;28,29,9;34,35,15;44,45,15;53,54,10
26|120|2,5,0;12,14,14;25,26,15;33,34,10
26|121|2,5,0;12,13,9;25,32,1;52,57,5;63,64,10
26|122|4,7,0;23,24,15;34,35,15;35,36,16;41,42,10
26|123|16,17,15;27,28,10
26|124|47,48,10
26|125|2,5,0;26,27,10
26|126|2,3,15;9,11,17;12,13,15;29,30,10
26|127|4,6,13;37,39,14;51,53,14;78,79,15;83,84,9;88,89,10
26|128|4,6,14;32,37,6;43,44,10
26|129|45,46,10
26|130|16,20,7;37,38,10
26|131|2,3,15;9,11,17;12,13,15;29,30,10
26|132|2,3,15;9,11,17;12,13,15;18,20,13;30,34,7;46,47,10
26|133|9,13,7;19,20,9;21,26,1;30,31,10
26|134|4,7,0;7,8,9;9,14,1;18,19,10
26|135|2,5,0;5,7,13;46,47,10
26|136|6,8,17;13,15,12;26,28,13;54,59,1;62,63,15;67,68,9;72,73,10
26|137|7,8,9;10,12,13;27,28,15;37,38,10
26|138|24,25,10
26|139|25,26,9;35,38,0;45,46,9;58,65,1;85,90,5;96,97,10
26|140|4,7,0;23,24,15;34,35,15;35,36,16;41,42,10
26|141|18,19,15;29,30,10
26|142|30,31,9;49,50,10
26|143|2,5,0;26,27,10
26|144|2,3,15;9,11,17;12,13,15;29,30,10
26|145|4,6,13;37,39,14;51,53,14;78,79,15;83,84,9;88,89,10
26|146|24,25,9;29,31,13;39,40,10
26|147|6,9,0;9,10,9;11,16,1;20,21,10
26|148|8,13,1;18,23,6;35,36,10
26|149|19,20,15;36,42,6;42,43,9;47,48,10
26|150|2,3,15;9,11,17;12,13,15;29,30,10
26|151|13,15,13;15,17,17;25,26,15;36,37,10
26|152|26,27,15;50,51,10
26|153|5,7,13;7,9,17;12,15,0;17,19,13;22,25,6;31,32,15;43,44,10
26|154|2,4,13;7,10,6;23,29,1;57,61,6;61,64,6;70,71,15;71,72,16;75,76,9;80,81,10
26|155|8,9,9;13,14,9;21,27,2;36,41,1;60,66,1;70,71,10
26|156|22,24,12;25,30,6;62,63,10
26|157|24,26,17;29,30,9;34,35,10
26|158|13,14,15;28,31,0;38,39,9;51,58,1;78,83,5;89,90,10
26|159|4,7,0;23,24,15;34,35,15;35,36,16;41,42,10
26|160|23,24,15;34,35,10
26|161|47,48,10
26|162|2,5,0;26,27,10
26|163|2,3,15;9,11,17;12,13,15;29,30,10
26|164|4,6,13;37,39,14;51,53,14;78,79,15;83,84,9;88,89,10
26|165|12,13,15;13,14,16;30,31,15;35,36,9;40,41,10
26|166|37,42,5;51,52,9;56,62,7;67,70,6;85,86,10
26|167|6,8,17;13,18,2;23,26,6;31,32,9;47,50,0;56,57,15;67,68,10
26|168|8,11,0;23,28,5;31,32,15;39,40,10
26|169|27,30,0;40,41,10
26|170|11,12,9;25,27,13;30,32,14;36,37,10
26|171|13,19,6;21,22,15;26,27,9;31,32,10
26|172|2,5,0;8,11,0;17,18,15;26,27,10
26|173|22,27,5;30,38,6;40,42,12;52,53,15;57,60,6;62,63,10
26|174|2,5,0;12,13,9;25,32,1;52,57,5;63,64,10
26|175|4,7,0;23,24,15;34,35,15;35,36,16;41,42,10
26|176|14,15,9;30,31,15;41,42,10
26|177|40,41,10
26|178|2,5,0;26,27,10
26|179|2,3,15;9,11,17;12,13,15;29,30,10
26|180|4,6,13;37,39,14;51,53,14;78,79,15;83,84,9;88,89,10
26|181|9,11,17;12,13,15;36,38,17;44,45,15;55,56,10
26|182|7,9,17;12,13,15;25,26,15;36,37,10
26|183|8,10,14;15,17,17;18,19,15;19,20,16;20,23,0;33,35,12;56,58,17;63,64,15;81,82,10
26|184|2,3,15;9,11,17;12,13,15;33,34,15;46,47,15;56,57,10
26|185|5,7,13;7,9,17;12,15,0;17,19,13;22,25,6;31,32,15;43,44,10
26|186|4,6,13;9,12,6;25,31,1;43,48,1;50,53,0;63,64,15;68,69,9;73,74,10
26|187|8,10,14;26,33,1;36,37,15;37,38,16;43,45,12;50,54,6;54,57,6;63,64,15;64,65,16;68,69,9;73,74,10
26|188|11,13,13;37,38,10
26|189|41,42,15;42,43,16;56,59,0;61,62,9;88,89,10
26|190|2,5,0;12,13,9;25,32,1;52,57,5;63,64,10
26|191|4,7,0;23,24,15;34,35,15;35,36,16;41,42,10
26|192|4,7,0;9,10,9;15,18,6;28,29,15;33,34,9;38,39,10
26|193|12,13,15;13,14,16;21,22,15;28,29,10
26|194|31,32,15;36,39,6;41,42,10
26|195|18,24,1;26,27,10
26|196|4,7,0;9,10,9;24,25,15;34,35,10
26|197|13,18,2;33,37,1;45,46,9;53,55,12;57,59,17;64,66,13;73,75,12;77,78,10
26|198|16,17,9;34,35,15;45,46,10
26|199|10,11,9;20,25,5;33,35,17;40,41,9;50,51,10
26|200|4,5,9;18,19,9;34,35,15;39,41,14;45,46,10
26|201|20,21,9;36,38,17;39,40,15;50,51,15;57,58,10
26|202|12,16,7;21,26,1;43,44,10
26|203|10,12,17;27,30,6;32,33,10
26|204|29,30,10
26|205|15,20,1;27,28,9;37,38,10
26|206|2,5,0;8,10,12;14,19,5;27,29,17;37,38,10
26|207|2,4,13;20,25,5;33,35,17;45,46,10
26|208|4,6,13;21,25,6;47,50,6;52,53,10
26|209|17,20,0;24,25,9;29,30,10
26|210|23,24,15;24,25,16;30,31,9;33,34,10
26|211|9,11,8;40,41,10
26|212|2,5,0;15,16,15;16,17,16;36,37,10
26|213|8,10,14;18,19,15;30,31,9;58,59,15;70,71,10
26|214|4,7,6;22,23,15;27,29,14;33,34,10
26|215|2,3,15;27,28,15;43,44,15;54,55,10
26|216|25,28,0;34,36,12;37,43,1;43,46,0;56,57,10
26|217|18,19,15;29,30,15;30,31,16;36,37,10
26|218|13,14,9;27,28,10
26|219|18,19,15;19,20,16;23,24,9;28,29,10
26|220|2,5,0;7,8,9;14,15,15;15,16,16;25,26,15;32,33,10
26|221|28,32,6;40,41,15;41,42,16;47,48,9;50,51,10
26|222|36,37,10
26|223|10,11,15;11,12,16;37,38,9;42,43,10
26|224|2,3,15;3,4,16;11,13,12;30,31,15;38,39,10
26|225|14,17,0;36,41,1;46,47,10
26|226|4,7,0;39,40,10
26|227|7,8,15;25,27,17;37,39,17;40,41,15;41,42,16;45,46,9;50,51,9;63,65,17;66,67,15;80,86,1;86,87,15;87,90,6;95,97,17;101,104,8;121,125,17;139,140,15;155,157,13;157,159,17;168,171,6;174,179,1;179,182,6;186,187,10
27|1|1,5,11;18,19,9;22,23,15;43,49,1;51,52,10
27|2|3,9,1;30,31,10
27|3|21,22,15;22,23,16;28,29,17;29,30,9;45,46,15;46,47,16;52,53,17;53,54,9;61,65,7;65,66,15;89,90,10
27|4|2,5,0;6,7,15;34,35,15;51,54,0;69,70,9;92,93,10
27|5|2,4,17;6,8,12;13,14,15;32,34,12;37,38,15;59,60,15;87,88,10
27|6|4,7,0;21,22,15;36,41,2;58,59,10
27|7|29,31,13;34,37,0;37,39,13;54,60,6;69,74,5;102,106,7;112,117,6;120,126,2;144,145,10
27|8|4,7,0;11,13,12;30,33,8;42,46,6;48,49,15;49,50,16;50,53,0;78,80,14;82,83,9;86,87,15;100,101,15;105,106,9;110,111,10
27|9|2,3,9;8,11,13;14,17,0;19,21,13;28,29,15;36,37,15;47,48,15;54,55,10
27|10|23,26,0;51,54,0;60,62,11;62,66,0;64,69,1;77,79,14;82,88,1;100,104,14;107,108,9;129,132,0;154,155,15;165,166,10
27|11|9,13,6;20,23,0;37,42,8;50,52,12;53,58,6;60,63,0;71,77,2;79,80,10
27|12|4,6,14;37,39,14;46,48,12;65,67,12;68,75,6;89,90,9;121,123,13;128,131,0;142,144,17;150,156,6;156,157,9;161,162,10
27|13|4,7,0;11,13,12;27,28,9;36,38,14;43,48,6;52,54,17;57,58,9;67,73,1;75,76,10
27|14|9,11,17;20,21,15;35,37,13;40,43,6;55,61,1;67,75,6;75,76,15;76,79,6;97,98,9;105,106,15;116,117,10
27|15|6,8,14;25,26,9;39,40,9;48,56,1;63,64,15;81,82,15;113,119,1;132,133,15;143,144,10
27|16|17,18,9;26,27,9;42,44,13;53,54,15;54,55,16;55,58,0;75,78,6;81,82,15;82,83,16;105,109,6;124,127,0;130,131,9;142,143,15;152,153,15;159,160,10
27|17|19,20,9;32,33,9;39,40,15;44,47,0;50,51,15;55,58,6;61,62,15;62,63,16;85,86,10
27|18|5,8,13;13,15,13;22,24,17;38,39,15;39,40,16;40,43,0;63,68,1;68,70,13;79,80,15;80,81,16;81,84,0;89,90,15;90,92,14;97,99,17;104,105,9;126,129,0;142,143,9;157,158,9;178,179,10
27|19|18,25,1;25,29,6;61,63,13;89,90,15;95,97,13;128,129,9;155,156,9;159,165,6;170,171,9;178,180,14;215,216,15;216,217,16;220,221,9;225,226,10
27|20|12,13,15;13,14,16;41,43,13;50,51,15;55,57,14;78,79,15;83,85,12;89,90,10
27|21|11,14,0;16,17,9;24,30,6;46,48,17;54,57,0;59,61,13;77,80,0;90,91,9;92,98,1;100,101,10
27|22|22,27,6;56,58,14;63,64,9;78,82,6;85,89,8;95,100,1;102,103,10
27|23|2,5,0;11,12,3;16,17,15;24,29,6;54,58,6;67,72,1;89,90,10
27|24|4,5,3;38,39,16;49,53,6;57,58,15;82,83,15;83,84,16;91,92,9;101,102,9;126,127,15;127,128,16;156,157,10
27|25|16,18,17;27,28,15;44,45,15;49,51,14;58,59,15;59,60,16;65,66,9;68,69,9;74,75,15;123,124,10
27|26|10,12,13;17,18,9;39,40,15;49,50,15;56,57,10
27|27|12,15,6;24,26,14;36,39,6;45,46,15;50,51,9;55,56,10
27|28|14,15,9;21,22,9;50,53,0;73,74,15;74,77,6;95,96,10
27|29|10,12,13;21,22,15;30,32,17;35,38,0;38,40,13;62,63,9;64,69,6;71,72,10
27|30|2,5,0;7,8,9;11,15,6;21,22,9;29,32,0;34,35,9;43,44,15;51,52,15;52,53,16;60,61,9;64,65,15;65,66,16;71,72,10
27|31|14,16,17;44,45,10
27|32|10,12,13;21,22,15;30,32,17;46,48,13;63,66,6;101,102,10
27|33|6,8,17;18,20,17;23,25,17;32,37,1;39,41,17;44,46,17;52,57,6;61,66,1;66,67,15;87,88,15;88,91,6;110,111,10
27|34|10,13,0;14,15,15;38,40,17;71,73,13;73,75,17;94,96,13;105,112,1;116,117,9;130,131,10
27|35|4,7,0;28,32,7;40,45,6;53,57,8;70,71,15;81,82,10
27|36|4,7,0;11,13,12;24,25,9;55,60,6;62,64,13;71,72,9;77,78,15;90,96,1;96,99,0;99,101,13;108,109,9;111,115,7;120,123,6;123,127,7;149,150,10
27|37|31,34,0;36,40,7;46,52,2;65,69,7;85,88,0;90,95,5;99,101,13;110,115,1;122,123,9;127,128,10
27|38|8,10,13;19,20,15;28,30,17;66,68,14;73,77,1;94,95,10
27|39|14,20,1;23,24,15;28,31,0;52,53,9;56,58,14;63,67,6;75,80,1;94,97,0;122,123,10
27|40|6,7,15;16,19,6;21,22,9;28,34,1;37,38,15;44,45,9;68,69,9;72,74,14;79,83,1;115,118,0;143,146,6;148,149,9;158,159,9;165,169,6;185,187,14;193,195,13;227,231,6;240,243,0;266,267,9;274,278,6;287,290,0;304,309,6;311,312,10
27|41|14,16,17;35,38,6;51,53,13;72,73,15;94,95,10
27|42|4,7,0;11,13,12;28,29,9;58,61,0;63,64,9;84,85,15;96,100,6;100,102,14;112,115,0;125,126,10
27|43|34,38,6;42,43,15;54,57,0;71,75,6;78,83,6;83,84,9;88,89,10
27|44|12,13,15;13,15,14;21,22,15;22,23,16;37,40,0;68,73,1;84,88,6;107,110,0;112,113,9;119,125,1;131,137,1;137,141,6;168,171,0;216,217,9;234,235,15;239,240,9;244,245,10
27|45|6,8,14;19,21,13;49,50,9;61,62,15;69,71,17;72,73,15;114,115,10
27|46|8,9,9;39,40,15;40,41,16;54,56,14;59,60,15;97,98,15;125,126,10
27|47|6,8,17;9,10,15;33,38,1;53,55,12;66,69,6;70,71,15;87,90,6;98,103,6;109,110,10
27|48|12,13,15;39,44,1;58,59,15;82,83,10
27|49|6,8,17;19,21,17;24,25,15;43,46,0;48,49,9;60,61,9;64,67,0;77,80,0;92,93,9;102,104,14;125,126,9;131,134,0;140,141,9;145,146,10
27|50|9,11,17;17,23,1;38,44,1;61,62,10
27|51|2,3,15;3,6,6;24,25,9;45,48,0;52,55,0;59,60,9;80,82,14;86,87,10
27|52|29,33,8;44,46,13;46,48,17;53,56,0;63,64,9;76,82,2;87,92,1;98,99,10
27|53|4,7,6;13,14,15;31,33,17;42,44,17;52,53,10
27|54|30,32,13;45,46,15;50,51,9;62,65,6;70,72,14;76,77,10
27|55|4,7,0;24,25,15;25,26,16;42,48,1;48,52,6;56,57,15;57,58,16;58,61,0;63,65,12;77,80,6;88,93,6;93,95,14;99,100,10
27|56|30,32,13;38,40,13;43,47,6;50,52,13;52,54,17;63,65,13;65,67,17;78,84,1;84,88,6;103,106,0;117,122,1;131,132,10
27|57|4,7,6;11,12,9;25,27,13;35,36,15;46,47,9;57,58,9;67,68,15;72,73,9;77,78,10
27|58|22,27,5;30,38,6;40,42,12;52,53,15;57,60,6;62,63,10
27|59|5,6,15;29,30,9;50,51,15;60,61,15;67,70,13;75,77,11;93,96,0;106,107,10
27|60|2,5,0;15,16,15;16,17,16;22,23,9;25,26,9;31,32,15;45,48,6;55,60,5;63,64,15;64,65,16;70,72,12;77,79,12;80,85,6;88,90,8;101,102,9;107,109,12;127,133,1;150,154,6;155,157,8;161,163,17;172,174,13;183,184,9;185,191,1;194,195,15;219,224,1;230,231,10
27|61|2,5,0;5,9,6;14,15,15;30,36,1;47,48,9;52,54,13;61,62,9;63,69,1;86,87,9;108,109,15;139,140,9;141,147,1;150,151,15;190,191,10
27|62|2,5,0;5,9,1;15,16,15;53,54,15;54,55,16;58,60,12;67,69,14;84,86,12;89,90,15;107,108,9;109,115,1;118,119,15;134,141,1;152,153,10
27|63|2,5,0;5,9,1;29,30,9;33,34,15;44,45,15;58,62,1;69,70,15;70,71,16;76,77,9;85,90,8;113,115,13;124,125,9;126,132,1;135,136,15;149,150,9;154,155,15;164,167,0;177,178,10
27|64|2,5,0;5,9,1;9,11,14;15,17,17;18,19,15;30,33,0;43,44,9;49,53,1;61,66,5;69,70,15;70,71,16;76,78,12;83,84,15;101,102,9;103,109,1;112,113,15;133,135,17;142,143,9;152,156,6;156,159,6;164,165,9;169,170,10
27|65|20,24,6;26,27,15;27,28,16;33,34,9;36,37,9;42,43,15;52,53,15;69,70,15;108,110,14;114,115,10
27|66|5,6,15;9,10,9;30,31,15;62,68,1;83,88,5;98,99,10
27|67|8,9,15;24,26,13;26,28,17;39,42,0;48,49,9;50,56,1;61,63,12;67,69,13;74,77,0;89,90,10
27|68|4,6,14;11,13,14;19,20,9;38,40,12;48,52,6;52,54,14;64,65,9;67,69,13;75,77,13;82,83,9;89,90,15;99,100,10
27|69|11,13,17;18,19,15;30,31,15;31,34,6;37,39,17;55,56,9;63,64,15;68,70,14;74,75,10
27|70|36,40,6;47,53,1;53,56,0;66,67,10
27|71|22,23,9;27,28,15;39,43,6;43,46,6;51,52,9;56,57,10
27|72|9,12,13;15,19,1;36,40,7;45,46,15;65,66,10
27|73|4,7,0;35,36,15;36,37,16;37,40,0;48,49,9;51,54,0;80,81,10
27|74|4,7,0;35,38,0;65,66,10
27|75|13,15,12;20,25,6;27,28,15;28,29,16;34,36,12;41,42,15;66,67,9;68,74,1;76,77,10
27|76|2,5,0;8,9,9;13,14,15;45,47,13;54,56,12;71,72,15;100,101,10
27|77|4,7,0;9,10,9;16,22,1;29,35,2;45,46,10
27|78|2,5,0;16,18,14;30,34,7;42,43,9;53,54,15;64,65,15;71,72,10
27|79|18,19,15;30,33,0;42,43,15;51,52,15;58,59,10
27|80|2,5,0;21,22,15;48,49,15;49,50,16;53,56,0;57,58,15;58,59,16;64,66,12;82,84,17;87,89,14;93,94,10
27|81|4,6,13;9,12,6;17,18,9;22,23,15;34,38,6;40,41,9;54,58,6;74,78,1;93,94,9;104,109,5;115,116,10
27|82|17,18,15;44,46,14;59,61,11;65,71,1;74,75,15;100,103,0;104,105,15;105,106,16;106,109,0;119,121,17;130,131,9;148,149,10
27|83|20,24,6;30,33,0;34,39,6;42,49,1;49,52,0;52,56,1;72,73,9;93,94,10
27|84|5,8,13;17,19,12;36,38,14;40,44,7;50,51,9;70,72,17;89,92,0;99,102,6;113,114,10
27|85|9,10,15;27,31,7;42,44,17;58,61,6;63,64,10
27|86|13,15,17;18,21,0;33,34,15;53,55,17;64,65,15;65,66,16;66,69,0;77,79,14;89,92,0;99,100,9;111,112,9;113,119,2;124,129,1;135,136,10
27|87|11,14,6;21,22,15;22,23,16;41,45,6;47,48,15;48,49,16;54,55,9;57,58,9;65,69,6;71,72,15;90,94,6;94,96,12;99,100,15;128,129,9;133,134,10
27|88|8,9,15;39,44,1;63,64,15;64,65,16;83,84,15;91,92,15;97,99,13;126,129,0;131,132,9;139,143,8;156,157,10
27|89|2,6,6;6,8,12;13,14,15;31,32,9;38,44,1;54,59,5;59,63,6;66,71,1;87,88,10
27|90|4,8,6;8,10,12;15,16,15;16,17,16;54,55,15;55,56,16;56,59,0;70,72,14;92,95,6;106,107,10
27|91|2,5,0;7,9,13;41,42,9;47,48,15;59,60,15;84,85,9;97,104,1;131,132,15;142,143,10
27|92|15,17,17;18,19,15;40,41,15;54,57,0;81,84,9;89,93,6;106,109,0;111,113,13;126,127,15;131,134,6;136,137,10
27|93|7,8,15;42,43,9;47,48,9;86,87,9;94,97,0;107,108,10
28|1|1,3,11;3,5,11
28|2|12,13,9;16,17,15;23,24,9;27,28,15;34,35,10
28|3|7,9,17;21,26,1;54,55,15;70,75,1;81,82,10
28|4|2,5,0;27,28,15;61,67,1;80,82,12;87,93,1;112,114,14;116,118,12;137,138,9;143,145,12;156,159,0;161,162,9;174,175,15;185,186,10
28|5|12,17,1;19,22,0;29,30,15;39,40,15;51,53,17;58,59,15;72,74,14;87,90,0;91,96,1;98,100,14;109,110,15;114,115,9;119,120,10
28|6|23,24,15;57,58,9;60,61,9;85,90,5;98,100,17;109,110,10
28|7|12,14,13;19,22,13;25,28,0;34,37,13;97,98,15;102,105,0;135,137,13;142,145,0;149,151,11;185,186,15;196,197,10
28|8|2,3,15;13,15,13;56,62,1;74,77,0;93,94,9;96,97,9;121,123,17;126,127,9;132,133,10
28|9|10,11,15;44,50,2;67,69,14;81,84,13;87,91,1;91,94,6;98,100,13;117,118,9;124,130,1;147,148,10
28|10|21,24,0;35,36,9;46,50,6;60,62,14;70,71,9;78,80,13;83,88,2;90,92,14;128,129,15;139,140,10
28|11|20,21,9;48,49,9;52,56,6;59,64,1;81,82,10
28|12|24,25,15;39,43,6;43,45,14;79,82,13;95,100,1;111,112,9;131,132,9;135,136,9;140,141,10
28|13|6,8,14;10,11,9;18,21,13;24,27,0;29,30,9;84,87,0;95,96,15;107,112,1;114,115,9;117,120,0;146,147,10
28|14|4,7,0;25,26,9;29,30,15;36,39,13;49,50,9;58,64,1;69,77,1;81,82,9;89,91,14;95,96,15;106,107,10
28|15|9,10,15;42,48,1;90,92,14;104,105,9;111,115,6;122,123,9;128,129,9;147,150,9;153,154,15;160,161,9;166,167,15;176,180,6;187,188,9;195,196,15;217,218,9;229,230,9;267,268,9;284,285,15;285,286,16;293,294,9;301,304,0;306,307,9;314,320,1;324,330,1;332,333,10
28|16|14,17,0;38,39,15;63,65,13;70,73,0;75,76,9;82,83,15;93,94,15;94,95,16;100,101,10
28|17|16,18,13;59,66,2;70,72,14;76,77,10
28|18|15,16,15;30,32,12;35,41,1;59,60,15;67,68,15;72,75,6;79,80,9;83,84,15;107,108,9;121,122,9;128,131,13;134,137,0;148,154,1;156,157,10
28|19|4,7,0;7,9,13;25,29,1;29,31,14;38,39,15;57,63,2;77,78,9;83,86,13;99,103,6;103,105,14;133,138,8;139,140,15;153,157,6;168,170,13;173,177,6;190,196,6;198,199,15;224,228,6;239,240,15;250,251,10
28|20|4,6,12;14,20,1;25,27,14;31,32,15;61,62,9;67,70,13;73,76,0;77,78,15;110,112,14;122,123,15;127,129,14;132,135,0;147,148,15;148,149,16;149,152,0;152,153,9;157,158,10
28|21|19,21,12;24,30,1;68,69,15;78,79,15;79,80,16;83,84,9;88,89,10
28|22|4,7,0;25,27,12;32,34,14;57,59,13;62,66,1;80,82,12;85,86,15;86,87,16;92,93,10
28|23|4,7,0;18,20,12;25,27,14;50,53,0;54,60,1;63,64,15;64,65,16;65,68,0;93,97,6;105,106,15;144,146,14;194,195,15;195,196,16;201,203,12;224,229,6;231,232,10
28|24|19,22,0;30,33,13;40,41,15;41,42,16;65,68,0;74,76,13;79,82,6;105,110,6;112,113,10
28|25|4,6,12;20,21,9;41,42,15;50,52,12;53,58,6;66,69,0;78,80,14;90,92,14;101,103,14;131,134,0;138,140,12;144,145,9;163,164,15;206,207,15;216,217,15;217,218,16;221,222,9;226,227,10
28|26|15,16,9;24,26,13;33,34,15;52,55,0;68,69,15;83,84,15;94,95,15;101,102,10
28|27|8,11,0;11,13,13;29,32,6;45,46,15;46,48,14;58,59,9;70,73,13;76,80,6;94,95,9;105,112,6;133,139,6;146,149,6;158,160,13;203,205,13;208,212,6;212,214,12;217,218,15;230,231,15;231,232,16;235,236,9;240,241,10
28|28|8,9,9;44,45,15;75,77,14;79,80,9;95,96,15;126,127,10
28|29|6,9,0;25,26,15;53,55,13;66,70,6;76,77,15;77,78,16;89,95,6;110,111,15;117,119,13;119,121,17;124,127,0;127,129,13;144,151,2;156,158,13;167,172,5;199,205,1;208,209,15;209,210,16;210,213,0;237,238,10
28|30|4,7,0;7,9,13;15,16,9;30,34,6;34,35,9;40,41,15;49,50,15;65,66,15;70,72,14;77,78,15;84,85,9;97,98,15;98,99,16;111,115,1;115,116,9;121,124,13;127,130,0;130,132,13;139,140,15;153,154,15;158,159,9;163,164,10
28|31|28,31,0;56,59,0;65,67,11;67,71,0;69,74,1;82,84,14;87,93,1;105,109,14;112,113,9;118,121,13;124,126,14;148,151,0;159,160,15;168,169,10
28|32|34,36,14;43,45,12;62,64,12;65,70,1;70,71,15;102,103,15;103,104,16;118,119,9;130,131,9;139,144,2;176,178,17;180,182,13;187,190,0;201,203,17;209,215,6;215,216,9;220,221,10
28|33|14,17,0;42,48,6;58,62,1;62,64,14;68,69,10
28|34|10,11,9;33,36,0;44,50,6;70,72,14;73,79,1;88,92,13;95,98,0;98,100,13;111,115,1;122,123,10
28|35|39,41,14;60,61,9;62,68,6;104,105,9;109,111,13;114,117,6;128,129,15;142,143,15;147,148,9;152,153,10
28|36|4,7,0;11,13,12;17,22,5;36,37,9;50,51,9;52,57,6;61,63,17;70,71,9;73,75,13;88,94,1;99,105,1;123,124,9;130,132,13;138,140,12;146,147,15;156,157,10
28|37|21,23,13;37,41,6;41,43,12;48,49,15;65,68,6;70,71,9;76,80,6;90,91,9;94,95,9;102,103,15;103,104,16;115,118,0;120,121,9;135,136,15;136,137,16;140,141,9;145,146,10
28|38|21,23,13;32,33,15;59,64,5;71,72,9;91,93,14;100,101,9;103,104,9;106,107,9;116,117,15;117,118,16;127,128,15;128,130,14;144,151,2;156,158,13;173,176,13;181,182,9;197,200,0;208,211,0;213,214,9;220,221,15;225,226,9;230,231,10
28|39|2,3,15;30,31,9;36,37,15;55,56,15;68,71,0;71,73,13;73,75,17;78,81,0;108,109,10
28|40|10,11,9;25,26,9;37,38,9;47,48,15;52,55,0;60,61,15;61,64,6;82,83,9;90,91,15;91,92,16;95,96,9;100,101,10
28|41|10,11,9;20,23,0;24,29,1;29,31,14;43,44,15;44,45,16;45,48,0;63,64,15;70,71,9;82,85,6;87,88,10
28|42|12,13,9;24,25,9;30,31,15;31,32,16;48,55,1;62,63,15;69,70,9;77,82,5;85,86,15;90,92,14;97,98,10
28|43|6,8,14;27,28,15;34,35,9;41,44,8;52,54,13;67,68,15;78,79,15;93,95,12;102,103,16;103,106,0;115,121,1;128,134,2;155,156,10
28|44|8,11,6;22,23,15;48,50,13;65,66,15;83,86,6;92,93,15;93,94,16;97,98,9;102,103,10
28|45|4,5,9;7,10,0;10,12,13;15,18,6;30,36,6;57,58,15;77,80,6;87,93,6;93,95,13;105,107,14;119,121,17;138,139,9;149,150,9;152,155,0;159,162,0;172,173,10
28|46|8,11,6;22,23,15;23,24,16;51,52,9;54,59,2;64,70,1;70,75,2;85,88,6;96,103,1;103,105,13;111,112,9;114,119,5;119,124,1;128,134,1;134,138,6;138,140,14;168,169,10
28|47|8,10,13;13,17,6;24,29,5;35,39,8;76,78,17;94,96,13;124,130,6;145,146,9;166,167,15;177,178,10
28|48|4,7,0;11,13,12;20,21,15;36,39,6;49,51,17;58,60,13;78,80,13;94,97,13;118,120,17;125,127,13;146,150,6;150,152,14;163,165,17;180,181,9;194,196,13;196,198,17;201,204,0;212,217,6;217,218,9;222,223,10
28|49|12,14,17;21,22,9;23,29,1;34,37,6;38,39,15;68,70,13;85,89,6;89,92,6;97,98,9;102,103,10
28|50|4,9,2;24,26,17;34,35,15;44,47,0;70,72,12;98,101,0;104,105,15;118,119,9;134,141,1;144,145,15;156,159,0;160,161,15;180,181,15;190,191,15;191,192,16;195,196,9;200,201,10
28|51|8,10,14;29,30,15;62,63,10
28|52|19,20,9;25,26,15;32,33,9;38,42,6;42,44,14;48,49,9;52,56,7;58,59,9;68,69,10
28|53|33,35,13;35,37,17;43,46,0;52,54,13;57,60,0;63,64,15;74,79,2;84,86,13;89,92,0;96,99,0;103,107,6;107,109,14;113,114,9;123,124,10
28|54|2,4,17;6,8,12;26,28,14;32,37,5;60,62,17;67,69,14;79,80,15;91,92,15;92,93,16;108,111,0;117,119,14;121,122,9;129,132,6;134,135,10
28|55|15,17,17;18,19,15;19,20,16;37,39,17;55,57,17;62,64,13;71,72,9;93,94,9;105,106,9;126,128,14;134,135,15;139,140,9;144,145,10
28|56|2,5,0;31,33,14;40,41,9;43,46,0;47,48,15;65,69,1;71,73,12;96,97,15;107,108,10
28|57|7,9,13;9,11,17;14,19,1;27,28,15;69,71,13;90,95,2;114,120,1;120,122,14;124,127,13;143,144,9;158,164,2;167,174,1;174,179,2;181,184,0;190,191,9;193,196,0;222,223,10
28|58|21,25,6;30,34,8;70,71,9;91,96,1;97,100,8;123,131,1;133,136,0;145,146,15;150,151,9;155,156,10
28|59|29,30,15;49,51,14;58,60,13;63,66,0;76,82,1;87,89,17;106,107,9;123,126,0;138,139,15;145,148,13;170,171,9;175,176,10
28|60|4,6,13;15,20,5;20,24,6;27,32,6;36,37,9;40,41,15;47,48,17;48,49,9;52,53,15;53,54,16;86,89,6;90,91,15;103,108,1;110,112,14;114,119,13;136,137,10
28|61|6,10,1;12,14,14;16,17,9;33,39,6;46,47,9;57,62,1;69,70,9;77,78,9;81,82,15;88,89,17;89,90,9;93,94,15;94,95,16;106,109,0;122,123,15;129,130,9;140,141,15;151,152,10
28|62|45,47,12;52,53,15;64,67,6;78,79,10
28|63|6,7,15;33,34,15;54,56,12;60,62,12;65,66,15;85,87,13;98,99,9;133,135,13;156,158,13;158,160,17;179,180,10
28|64|8,9,15;9,11,14;14,16,17;23,25,12;64,66,17;82,84,17;85,86,15;105,108,0;119,121,17;130,131,10
28|65|37,39,13;44,46,14;51,52,15;62,63,10
28|66|22,23,15;28,30,8;31,33,12;45,50,6;65,67,12;71,72,10
28|67|4,7,0;11,15,6;40,41,9;44,50,6;54,57,13;60,64,1;75,76,15;86,87,10
28|68|27,29,12;63,64,15;79,81,14;83,84,9;87,88,15;101,102,9;109,112,0;122,123,10
28|69|27,30,0;57,58,10
28|70|7,8,15;17,19,13;24,25,9;47,48,15;61,62,15;74,75,15;124,125,10
28|71|20,24,6;29,30,15;48,49,15;81,82,15;88,89,9;103,104,9;114,115,15;131,135,7;139,141,12;162,163,10
28|72|20,24,6;29,30,15;48,49,15;49,50,16;50,53,0;83,84,15;90,91,9;105,106,9;116,117,15;133,137,7;142,147,6;175,177,14;181,182,10
28|73|4,9,2;17,18,9;33,34,15;44,45,15;45,46,16;46,49,0;66,68,17;81,83,14;88,90,17;93,97,6;103,104,9;127,128,10
28|74|45,47,12;52,53,15;64,67,6;78,79,10
28|75|14,18,6;24,27,0;28,33,6;37,43,6;57,59,17;66,67,9;82,84,13;84,86,17;89,92,0;93,94,15;124,129,5;137,139,17;148,149,10
28|76|4,7,0;10,11,9;25,29,6;75,76,9;84,85,15;97,99,13;102,105,0;117,118,9;125,127,13;132,133,15;146,148,17;152,153,15;178,179,9;188,189,9;207,210,0;211,212,15;231,232,15;240,241,10
28|77|2,3,15;3,5,14;15,17,13;24,25,9;28,29,15;36,37,15;37,38,16;45,46,15;67,70,6;107,111,6;113,115,13;152,154,14;186,189,0;221,222,10
28|78|8,11,0;13,15,13;26,27,9;44,47,6;47,51,13;72,75,0;76,77,15;86,88,14;100,104,6;104,106,14;110,111,9;117,118,15;159,164,1;178,186,1;202,206,6;216,217,15;221,223,14;227,228,10
28|79|24,25,9;39,42,9;49,50,15;70,71,15;77,78,17;78,79,9;82,83,15;83,84,16;95,96,9;118,120,13;131,132,9;140,143,0;145,146,9;163,164,10
28|80|8,9,15;24,26,17;27,28,15;56,57,15;69,75,2;99,100,9;103,109,1;121,122,9;124,126,13;134,135,15;135,136,16;139,140,9;144,145,10
28|81|16,17,9;30,31,15;56,57,9;60,64,6;67,72,1;72,75,6;82,83,9;86,90,6;94,95,15;119,120,15;124,127,6;131,132,10
28|82|11,12,15;25,28,0;30,32,17;42,43,9;46,47,15;75,78,0;79,80,15;89,91,14;96,97,15;97,98,16;110,114,1;116,118,12;135,136,9;141,143,14;156,158,13;161,166,1;166,169,0;170,171,15;213,216,0;218,219,9;233,234,15;238,239,9;243,244,10
28|83|7,8,15;8,9,16;16,17,15;30,32,14;72,78,6;102,110,1;115,116,9;134,135,10
28|84|2,6,6;6,8,12;13,14,15;31,32,9;38,44,1;56,60,6;60,62,12;67,68,15;68,69,16;88,90,14;94,95,15;111,113,17;114,115,15;115,116,16;146,148,17;157,158,10
28|85|2,5,0;6,7,15;30,31,15;47,49,11;68,75,6;75,76,4;83,85,13;97,101,6;101,103,12;108,109,15;138,139,9;140,146,1;148,149,10
28|86|8,11,6;18,20,13;20,22,17;25,29,1;33,36,13;46,47,15;53,54,9;71,77,1;77,82,2;103,106,0;113,120,2;124,125,9;129,130,10
28|87|13,16,0;29,30,9;33,34,15;55,58,6;76,77,15;77,79,14;112,115,0;121,122,15;132,133,10
28|88|8,10,14;18,19,15;30,31,9;47,49,13;54,55,9;102,104,14;108,109,9;117,118,15;146,147,10
29|1|1,3,11;3,5,11
29|2|9,10,15;10,11,16;11,14,0;20,24,1;30,32,13;32,34,17;37,41,1;46,48,13;48,50,17;56,59,0;80,81,10
29|3|6,8,14;13,16,0;18,19,15;30,34,6;34,36,14;57,60,0;61,62,15;69,70,15;86,88,17;101,104,0;105,106,15;110,111,9;115,116,10
29|4|12,13,15;34,35,15;35,36,16;51,55,1;70,72,12;87,88,10
29|5|2,6,6;17,19,17;24,26,12;29,30,15;41,44,0;52,53,15;65,72,1;95,96,10
29|6|4,8,6;8,9,9;18,21,0;29,30,9;45,47,13;52,55,0;56,57,15;79,80,15;84,85,9;89,90,10
29|7|2,3,15;20,22,17;32,34,17;35,36,15;36,37,16;40,41,9;45,46,9;60,63,0;95,97,14;101,104,0;118,119,15;132,134,17;143,144,10
29|8|13,14,15;18,21,6;21,22,9;29,30,9;44,52,1;54,58,6;58,59,9;102,103,9;109,114,6;128,132,13;167,171,7;177,180,6;191,192,10
29|9|2,3,15;20,22,17;32,34,17;35,36,15;36,37,16;40,41,9;45,46,9;53,55,14;59,62,0;71,72,15;72,73,16;76,77,9;81,82,10
29|10|7,8,15;8,9,16;9,12,0;18,22,1;33,36,0;40,41,15;54,56,13;69,70,15;93,94,15;94,95,16;95,98,0;112,113,15;126,130,6;130,132,12;140,146,1;146,151,2;166,169,0;172,175,0;179,182,0;206,207,15;243,244,15;248,249,9;253,254,10
29|11|12,15,0;16,17,15;24,25,15;42,44,17;57,60,0;61,62,15;68,69,9;73,74,10
29|12|8,9,15;25,27,17;47,49,17;50,51,15;59,61,17;90,91,9;93,94,9;107,111,7;113,114,9;131,132,9;134,135,9;137,142,5;142,146,6;155,158,0;167,168,9;172,173,10
29|13|12,15,0;40,47,1;79,82,0;90,91,15;97,98,9;105,108,0;116,118,17;127,128,10
29|14|6,8,14;43,44,9;97,103,6;114,115,15;115,116,16;135,136,9;140,141,10
29|15|4,7,6;11,12,9;23,24,9;27,28,15;28,29,16;50,51,9;53,55,13;62,68,2;72,73,9;77,78,10
29|16|4,6,14;8,9,9;37,38,15;45,47,17;48,49,15;58,59,15;72,73,9;85,91,2;98,102,6;102,105,6;116,117,10
29|17|2,5,0;23,27,6;31,32,15;45,46,9;47,53,1;77,80,0;81,82,15;105,109,6;113,114,15;149,155,6;155,156,15;156,158,14;163,165,17;168,171,6;172,173,15;180,181,15;181,182,16;192,193,15;205,206,15;213,215,17;220,222,13;242,243,10
29|18|4,8,6;16,18,17;23,25,14;39,45,1;45,49,6;49,51,14;72,73,15;73,74,16;90,91,15;97,98,9;101,102,15;108,109,10
29|19|15,17,17;27,29,14;34,35,15;42,43,15;54,57,0;67,69,13;74,77,0;80,81,9;92,93,15;104,105,10
29|20|11,13,17;18,19,15;30,31,15;31,34,6;37,39,17;54,55,15;68,71,0;72,73,15;82,85,6;88,89,15;89,90,16;90,93,0;100,101,15;116,119,0;146,151,6;153,154,10
29|21|12,16,1;18,20,12;36,40,1;42,44,12;62,64,14;68,69,10
29|22|4,6,13;9,12,6;12,16,7;32,33,15;52,53,15;53,54,16;59,61,12;76,81,5;81,85,6;89,90,15;99,103,1;107,112,1;120,121,10
29|23|2,3,15;19,21,17;30,31,9;34,35,15;48,50,12;54,56,13;59,61,17;63,65,12;77,79,17;82,87,2;99,101,17;103,105,12;129,130,10
29|24|28,30,13;36,38,13;41,45,6;49,51,17;52,53,15;53,55,14;83,86,6;87,88,9;91,92,15;104,105,15;105,106,16;106,109,0;117,120,0;127,128,9;139,140,9;141,147,2;152,157,1;163,164,10
29|25|10,13,0;17,18,15;27,32,5;32,36,6;40,41,15;54,55,9;56,63,1;86,87,15;93,94,17;94,95,9;98,99,15;99,100,16;113,116,0;124,125,15;131,132,9;154,158,7;163,168,1;185,189,7;192,198,1;205,206,9;211,212,15;212,213,16;213,216,0;230,235,5;235,240,1;240,241,9;245,246,10
29|26|17,18,9;23,30,1;38,41,0;65,67,13;72,75,0;77,78,9;84,85,15;95,96,15;102,103,10
29|27|6,8,14;16,18,13;25,26,9;70,71,15;71,72,16;72,75,0;85,86,15;92,93,9;107,108,9;113,115,14;119,120,9;125,126,15;126,127,16;142,145,0;147,148,9;153,154,15;177,178,9;182,183,10
29|28|30,32,13;35,38,0;55,56,15;60,61,9;80,84,7;98,104,1;107,108,15;112,113,9;117,118,10
29|29|4,7,0;24,25,15;25,26,16;39,41,14;49,50,15;50,51,16;87,88,15;92,95,6;128,130,13;136,138,13;141,145,6;149,151,17;152,153,15;171,172,15;181,185,6;185,188,6;194,195,15;195,196,16;199,200,9;204,205,10
29|30|12,13,15;13,16,6;28,29,15;38,39,15;49,50,10
29|31|4,7,0;11,13,12;26,28,13;31,33,14;35,36,9;44,45,15;61,63,13;63,65,17;68,71,0;81,83,13;83,85,17;95,96,9;101,102,15;117,120,0;137,139,17;142,143,9;147,148,10
29|32|8,11,0;23,31,6;35,37,17;58,62,6;80,83,0;85,86,9;97,99,13;107,108,15;118,119,9;133,134,15;138,139,9;143,144,10
29|33|4,7,0;7,9,13;12,16,6;16,18,12;37,43,6;43,45,12;75,81,1;87,89,17;120,123,0;154,155,15;179,180,15;184,185,9;189,190,10
29|34|2,5,0;9,12,6;22,25,13;35,36,9;41,42,15;55,57,14;58,65,1;68,69,15;69,70,16;75,77,12;92,94,17;103,104,10
29|35|6,7,3;25,27,13;34,38,8;45,51,2;56,61,1;67,68,10
29|36|11,13,14;35,41,6;49,50,9;57,58,15;65,67,17;68,69,15;78,79,15;84,86,17;87,88,15;97,98,15;121,123,17;146,147,10
29|37|28,29,15;29,30,16;33,35,14;51,53,17;70,71,9;75,76,10
29|38|6,12,1;19,21,17;26,27,3;43,48,5;48,53,1;55,56,9;84,85,15;85,86,16;93,94,9;103,104,9;128,129,15;129,130,16;147,149,17;156,158,14;162,163,10
29|39|4,5,9;28,29,9;31,32,9;43,45,14;48,50,12;54,59,5;67,68,15;77,78,9;83,84,15;95,97,17;102,103,15;124,126,17;129,130,9;134,135,10
29|40|24,26,8;29,32,9;41,46,5;76,82,1;88,93,5;107,108,15;108,109,16;127,132,5;150,151,15;168,173,5;182,184,14;202,203,15;229,230,9;232,236,6;239,241,13;241,243,17;246,249,6;264,265,10
29|41|7,8,15;17,18,15;26,28,17;31,35,6;39,40,15;55,57,12;69,70,15;74,77,6;83,84,15;99,107,1;109,112,0;122,123,15;142,143,15;147,150,6;169,171,17;180,181,10
29|42|2,5,0;6,7,15;29,31,14;39,43,6;48,49,9;52,56,6;59,66,1;71,72,15;82,83,15;89,90,10
29|43|9,10,15;18,19,9;36,37,16;37,40,0;62,64,13;72,73,15;77,78,9;82,83,10
29|44|7,8,15;15,16,15;16,17,16;22,23,9;25,26,9;31,32,15;43,44,15;56,59,0;66,67,9;79,85,2;95,96,10
29|45|8,10,13;33,34,15;40,41,9;53,54,15;54,55,16;60,61,17;61,62,9;69,72,0;73,74,15;74,75,16;80,81,17;81,82,9;99,100,15;108,110,12;115,116,15;120,123,6;139,140,15;160,161,15;189,190,10
29|46|12,13,9;17,19,13;19,21,17;29,30,15;36,37,9;49,50,15;78,79,15;95,97,17;116,118,13;118,120,17;126,129,0;133,134,15;139,141,13;144,147,6;164,167,6;187,188,9;200,201,9;210,211,9;214,219,1;230,231,9;240,241,10
29|47|6,7,9;14,17,6;21,23,13;33,34,15;40,41,9;48,49,15;67,68,9;73,74,15;80,81,9;100,101,9;113,115,12;119,121,12;126,130,1;141,144,9;153,155,14;168,169,9;173,175,13;183,184,15;188,189,9;193,194,10
29|48|8,11,6;19,21,17;24,28,6;28,30,14;34,35,9;38,42,6;44,45,9;46,51,1;64,65,9;83,90,2;90,91,15;99,100,15;104,106,14;110,111,10
29|49|15,16,9;17,21,8;27,28,9;29,34,6;44,45,15;60,62,17;63,64,15;83,85,14;98,99,9;103,105,13;113,114,15;114,115,16;118,119,9;123,124,10
29|50|8,10,17;17,19,13;22,25,6;42,43,9;44,50,1;50,55,2;60,63,9;71,74,0;78,79,15;85,86,9;91,94,6;107,110,0;112,114,13;128,134,1;136,137,10
29|51|22,25,0;25,27,13;30,33,6;48,49,15;55,56,9;83,86,0;93,94,9;108,113,1;129,134,1;140,141,10
29|52|14,15,15;49,57,1;72,73,15;73,74,16;79,80,9;82,83,9;88,89,15;102,103,15;120,122,17;125,126,15;130,131,9;145,147,17;150,151,15;160,162,17;164,166,12;176,177,15;181,182,9;186,187,10
29|53|22,23,15;43,45,13;51,57,1;59,63,0;61,68,2;70,72,12;79,80,15;102,105,0;107,111,7;116,121,1;138,139,10
29|54|20,21,15;35,38,0;43,46,0;59,63,8;64,65,15;69,70,9;74,75,10
29|55|14,15,9;20,21,15;33,37,6;50,54,6;88,90,17;97,100,6;111,112,10
29|56|2,3,9;13,14,15;30,32,13;32,34,17;37,40,0;51,52,9;57,62,6;67,68,9;73,74,15;80,81,10
29|57|11,16,6;16,18,12;25,26,15;39,42,0;61,62,10
29|58|2,3,15;20,22,17;32,34,17;35,36,15;36,37,16;40,41,9;45,46,9;60,63,0;65,70,5;73,74,15;78,81,0;89,95,6;95,97,14;103,107,6;115,116,15;124,125,9;130,131,9;157,159,14;162,163,15;167,168,9;172,173,10
29|59|17,19,17;50,51,10
29|60|9,14,1;14,18,6;18,20,11;24,30,2;51,52,15;93,94,15;94,95,16;104,105,15;111,112,10
29|61|6,10,6;18,23,5;33,34,15;34,35,16;40,41,9;43,44,9;49,50,15;69,70,15;70,71,16;81,82,15;100,103,0;104,105,15;118,121,0;132,133,10
29|62|10,12,14;17,18,15;18,19,16;31,35,1;37,39,12;56,57,9;62,64,14;73,75,13;80,83,0;84,85,15;111,112,10
29|63|6,10,6;18,23,5;23,28,1;39,40,15;40,41,16;46,48,12;53,55,12;56,61,6;74,75,15;87,90,8;115,118,0;119,120,15;134,135,15;184,185,10
29|64|8,9,9;14,15,15;21,22,17;22,23,9;26,27,15;27,28,16;35,37,13;50,55,1;60,67,1;69,72,0;73,74,15;74,75,16;82,83,15;127,129,17;138,139,10
29|65|15,17,17;22,23,15;38,40,17;41,42,15;66,67,15;67,68,16;79,82,0;90,91,9;102,103,15;130,131,10
29|66|11,13,17;18,20,13;30,31,9;52,54,17;74,75,10
29|67|15,17,17;20,23,0;49,55,1;67,68,15;68,69,16;69,72,0;100,101,15;105,106,9;136,137,15;152,153,10
29|68|18,21,0;24,25,15;40,41,15;71,72,15;82,85,0;89,91,12;95,97,13;117,120,0;128,135,2;139,140,9;144,145,10
29|69|2,3,15;14,15,9;20,22,17;40,43,0;64,67,0;68,69,15;83,84,15;94,95,10
30|1|1,3,11;3,5,11
30|2|9,10,15;10,11,16;14,15,10
30|3|2,4,13;7,9,14;13,14,15;27,32,5;33,36,8;63,64,10
30|4|29,30,15;41,45,6;45,47,14;55,58,8;77,82,1;89,90,15;100,101,10
30|5|9,10,15;21,24,6;29,33,1;35,37,12;49,50,15;60,61,15;61,62,16;67,68,10
30|6|7,8,15;30,31,15;46,47,9;52,53,9;55,58,0;68,69,15;69,70,16;70,73,0;89,90,10
30|7|14,15,9;18,25,1;28,29,15;35,36,17;36,37,9;40,41,15;41,42,16;63,64,15;82,83,9;87,88,10
30|8|21,23,17;26,28,13;31,34,6;38,45,5;54,55,15;62,63,15;63,64,16;69,70,9;72,73,9;78,79,15;104,106,13;116,117,15;132,138,1;140,144,0;142,150,1;152,155,0;162,169,1;172,173,15;173,174,16;174,177,0;187,189,12;206,207,9;211,212,10
30|9|17,19,17;24,25,15;38,41,6;44,46,17;62,63,9;70,71,15;82,86,6;86,88,14;102,104,13;104,106,17;130,135,1;143,145,17;146,147,15;167,169,13;181,184,0;201,203,12;220,224,7;224,225,15;234,235,9;252,253,15;279,280,9;282,286,6;289,291,13;291,293,17;296,299,6;314,315,10
30|10|2,5,0;14,15,9;22,23,15;36,38,12;42,44,17;45,46,15;46,47,16;50,52,13;54,57,13;60,64,6;70,72,17;81,82,9;85,86,15;101,103,17;122,123,10
30|11|10,12,14;16,18,17;19,20,15;31,34,0;44,45,9;48,51,0;69,70,10
30|12|17,18,15;18,19,16;30,32,14;37,38,15;42,44,14;48,49,10
30|13|11,16,2;18,23,5;23,27,6;31,33,12;46,48,12;50,52,17;61,63,17;72,74,12;83,84,9;88,89,10
30|14|17,18,15;18,19,16;37,42,1;51,52,10
30|15|4,7,0;9,10,15;27,29,17;39,41,17;42,43,15;43,44,16;47,48,9;52,53,9;74,79,1;85,86,10
30|16|4,7,0;9,10,15;26,28,17;39,41,17;50,51,9;63,65,12;68,69,15;84,86,17;88,90,12;118,119,10
30|17|4,6,14;8,9,9;12,13,15;52,53,10
30|18|7,8,15;21,22,15;22,23,16;28,29,9;31,32,9;37,38,15;55,61,1;75,76,10
30|19|9,10,15;23,24,15;45,46,15;61,62,15;79,80,15;114,115,9;128,129,10
30|20|12,13,9;17,19,13;33,38,5;38,42,6;46,51,6;51,54,0;59,61,13;64,67,6;67,71,7;74,79,6;79,82,6;86,87,10
30|21|12,13,9;17,19,13;36,41,5;46,49,6;62,63,9;64,71,2;79,81,13;81,83,17;111,116,5;122,127,1;140,143,0;150,151,9;162,163,9;164,170,2;175,180,1;189,190,10
30|22|12,13,9;17,18,9;26,27,15;27,28,16;33,34,9;36,37,9;42,43,15;54,55,15;61,62,9;88,89,9;100,103,0;110,111,9;122,123,9;124,130,2;134,135,9;139,140,10
30|23|12,13,9;17,18,9;28,32,7;32,33,15;43,44,15;44,45,16;45,48,0;56,57,15;57,59,14;63,65,12;69,74,5;74,78,6;84,86,13;91,94,0;101,102,9;113,114,9;115,121,2;126,131,1;137,138,10
30|24|12,13,9;17,18,9;29,30,15;44,50,1;55,61,1;76,77,15;77,78,16;83,85,12;90,92,12;93,98,6;104,105,9;111,112,15;136,138,13;143,146,0;153,154,9;165,166,9;167,173,2;178,183,1;189,190,10
30|25|12,13,9;17,19,13;22,26,6;32,33,15;33,34,16;39,41,12;46,47,15;66,67,9;72,75,0;99,105,1;108,109,15;122,124,13;127,130,6;141,142,10
30|26|6,7,9;10,14,6;16,17,15;17,18,16;23,24,9;26,27,9;32,33,15;48,54,2;56,57,9;60,61,9;65,66,10
30|27|7,8,15;17,19,14;23,25,17;26,27,15;38,41,0;51,52,9;87,88,15;97,98,15;113,114,15;114,115,16;120,121,9;123,124,9;129,130,15;148,149,15;159,160,15;166,167,10
30|28|11,16,5;19,26,1;31,34,6;52,57,5;57,62,1;79,80,9;84,89,5;89,93,6;97,99,12;114,116,14;118,119,9;128,131,6;144,146,12;147,152,6;181,184,6;197,198,9;213,214,15;220,221,9;231,236,1;242,243,10
30|29|5,6,15;14,15,15;30,32,13;32,34,17;41,43,12;47,51,7;63,70,6;72,76,1;95,96,15;115,120,5;120,125,1;125,126,9;130,131,10
30|30|11,13,14;20,21,16;34,42,6;42,44,14;49,50,15;57,58,15;72,73,15;73,74,16;74,77,0;99,101,14;116,117,15;128,129,9;134,135,15;135,136,16;143,144,15;158,159,9;161,164,0;174,175,15;175,176,16;176,179,0;195,196,10
30|31|24,25,15;44,46,17;47,48,15;48,49,16;54,55,17;55,56,9;73,75,17;81,82,15;92,93,10
30|32|5,6,15;23,25,17;44,46,17;52,60,6;69,73,8;95,96,10
30|33|14,15,15;15,16,16;16,19,0;27,32,6;36,38,17;46,51,5;71,74,0;79,81,13;91,96,5;122,128,1;132,136,7;154,155,10
30|34|11,13,17;18,20,13;30,31,9;50,52,17;70,71,10
30|35|7,10,6;33,34,9;35,41,6;70,72,17;77,78,9;87,88,10
30|36|6,8,13;13,15,14;19,20,15;20,21,16;21,24,0;35,40,6;45,47,17;60,64,6;66,68,14;81,85,8;125,127,14;131,132,10
30|37|15,17,17;20,23,0;24,25,15;34,36,14;41,42,15;42,43,16;55,59,1;61,63,12;70,72,14;81,84,0;91,92,9;103,104,9;105,111,2;116,121,1;127,128,10
30|38|13,14,15;32,33,9;36,37,15;51,52,15;52,54,14;57,58,15;58,59,16;72,73,9;83,89,2;111,113,14;116,117,15;130,132,17;134,136,12;146,147,15;157,158,10
30|39|4,6,13;16,21,5;21,26,2;27,34,2;42,44,17;47,49,13;56,57,9;60,61,15;61,62,16;62,65,0;82,84,17;87,90,6;91,92,15;105,107,13;117,122,5;122,126,6;128,129,17;129,130,9;131,136,6;147,149,14;152,153,15;164,166,17;168,170,12;180,181,15;191,192,10
30|40|8,9,15;29,32,0;46,49,0;64,67,0;89,93,6;97,99,12;103,108,5;108,112,1;121,125,6;125,126,9;130,135,5;135,139,6;142,149,6;149,151,14;153,154,9;158,159,9;166,167,9;174,177,0;187,188,10
30|41|7,8,15;22,23,15;33,34,15;66,67,15;67,68,16;68,71,0;86,90,7;95,96,15;110,112,17;133,134,10
30|42|11,13,17;18,19,15;30,31,15;31,34,6;37,39,17;55,56,9;63,64,15;75,79,6;79,81,14;102,107,5;113,114,10
30|43|11,13,14;20,21,16;28,29,15;41,45,6;45,47,14;52,56,1;68,74,2;88,89,9;95,96,15;114,119,1;127,128,10
30|44|2,6,6;30,31,9;50,51,9;54,60,6;64,67,6;82,83,10
30|45|4,6,14;11,12,15;29,31,17;41,43,17;44,45,15;45,46,16;49,50,9;54,55,9;60,64,6;70,72,13;77,80,0;82,83,9;96,97,15;101,102,9;106,107,10
30|46|12,13,9;17,19,13;22,26,1;33,34,15;34,35,16;53,54,9;55,60,1;71,76,5;76,81,2;89,90,9;97,99,14;104,105,15;124,125,9;132,134,14;139,141,17;144,148,6;154,155,9;178,179,10
30|47|6,8,14;23,27,6;27,29,14;64,66,12;71,75,7;75,76,15;85,86,9;91,92,15;92,95,6;108,109,15;120,122,14;127,129,17;164,165,15;175,176,10
30|48|8,9,15;25,26,15;26,27,16;32,33,9;52,58,6;60,62,14;68,69,9;74,75,15;75,76,16;81,83,12;97,99,12;106,108,14;114,115,9;121,127,6;133,134,15;138,140,14;161,162,9;166,169,9;176,178,13;191,192,9;195,199,1;201,203,12;220,222,13;240,242,14;246,247,10
30|49|4,8,6;12,14,17;17,21,6;21,23,14;28,32,1;48,53,5;53,57,6;57,59,14;63,64,9;69,71,14;75,76,10
30|50|2,3,15;3,6,6;13,16,13;22,23,9;35,36,15;57,58,15;82,84,13;89,92,0;95,96,9;110,111,15;149,154,6;156,157,10
30|51|25,31,6;48,55,2;61,63,17;67,70,8;77,78,9;87,88,10
30|52|4,7,0;23,24,15;50,51,15;51,52,16;55,58,0;59,60,15;60,61,16;66,68,12;84,86,17;89,91,14;95,96,10
30|53|4,6,13;9,12,6;17,18,9;21,22,15;33,37,6;39,40,9;53,57,6;73,77,1;92,93,9;103,108,5;114,115,10
30|54|10,11,15;26,31,5;31,35,6;38,43,6;43,46,0;57,60,8;71,76,6;80,85,6;85,88,0;99,102,8;114,119,6;122,128,1;135,142,1;157,159,12;171,172,15;182,183,15;189,190,10
30|55|17,18,15;18,19,16;30,32,14;37,38,15;42,44,14;63,65,17;79,86,6;88,89,9;100,102,17;111,112,10
30|56|8,9,15;24,26,17;27,28,15;39,40,15;47,48,9;55,57,14;77,78,9;81,82,15;103,104,15;119,120,9;131,132,15;145,146,9;148,151,0;158,161,6;176,177,10
30|57|11,17,2;21,24,6;27,28,15;44,46,17;85,86,10
30|58|6,8,14;13,15,14;21,22,16;22,25,0;35,36,9;40,41,15;55,59,6;68,75,1;79,83,6;89,93,7;100,106,2;113,116,0;117,118,15;133,135,13;135,137,17;145,148,6;160,162,14;166,167,10
30|59|4,5,9;12,14,14;19,20,15;42,43,15;64,65,10
30|60|2,3,15;12,15,0;23,24,15;35,42,1;57,60,0;63,64,15;84,85,10
31|1|1,3,11;3,5,11
31|2|12,13,9;16,17,15;23,24,9;27,28,15;34,35,10
31|3|3,9,1;16,22,2;32,33,10
31|4|21,22,15;22,23,16;28,29,17;29,30,9;45,46,15;46,47,16;52,53,17;53,54,9;61,65,7;65,66,15;89,90,10
31|5|2,4,17;6,8,12;23,30,1;30,35,2;49,51,17;53,55,12;65,66,15;76,77,10
31|6|7,8,15;8,9,16;9,12,0;18,22,1;37,38,15;60,64,6;70,71,15;92,97,1;122,124,17;126,128,12;146,152,1;154,155,10
31|7|31,32,9;57,63,6;65,70,2;89,92,0;95,97,13;111,113,14;114,122,6;146,147,10
31|8|2,5,0;6,7,15;24,26,17;36,38,17;39,40,15;40,41,16;44,45,9;49,50,9;62,65,0;65,66,9;69,70,15;70,71,16;71,74,0;76,77,10
31|9|2,3,9;27,28,15;39,47,1;52,53,15;63,64,15;70,71,10
31|10|7,8,15;8,9,16;14,15,9;17,18,9;35,40,6;67,68,15;81,82,9;89,93,6;123,127,6;133,135,11;139,146,1;148,151,6;162,163,15;163,164,16;169,171,12;176,178,12;179,184,6;187,189,8;205,209,6;218,223,6;225,226,10
31|11|2,3,9;14,15,15;47,48,15;59,63,6;68,69,9;77,78,15;78,79,16;82,83,9;99,100,9;101,107,1;109,110,10
31|12|6,8,14;22,24,14;26,27,9;30,31,15;47,48,15;69,73,1;84,87,0;110,111,9;118,122,6;131,134,0;135,136,15;155,156,10;156,157,14
31|13|15,17,14;19,20,9;25,26,15;26,28,14;32,33,9;49,50,9;53,54,9;77,78,15;89,92,0;93,94,15;94,95,16;116,117,10
31|14|13,14,15;18,21,6;21,22,9;29,30,9;52,55,0;57,58,9;79,84,1;88,89,9;93,94,9;114,115,15;132,133,9;150,151,15;157,158,10
31|15|4,8,6;8,9,9;21,24,13;27,31,6;62,63,9;69,74,6;99,101,14;111,112,15;112,113,16;130,138,1;138,139,15;180,183,0;218,222,7;228,231,6;242,243,10
31|16|2,3,9;13,16,0;18,20,13;23,27,6;46,52,1;62,67,6;71,75,6;95,96,15;96,97,16;102,103,9;105,106,9;118,119,15;141,142,15;153,156,0;157,158,15;177,178,10
31|17|2,3,9;18,19,15;19,20,16;25,26,17;26,27,9;41,42,15;56,57,15;67,68,15;72,75,6;80,81,15;97,99,13;114,117,0;120,121,9;138,139,15;145,146,10
31|18|26,27,16;27,30,0;51,52,15;73,76,0;77,78,15;111,116,6;118,119,10
31|19|2,3,15;3,5,14;7,9,14;25,26,15;35,39,6;50,53,0;56,59,6;62,63,15;71,72,9;84,85,15;91,92,10
31|20|13,15,17;18,21,0;22,23,15;42,47,5;53,54,15;54,55,16;60,61,9;63,64,9;77,78,15;117,118,9;121,122,9;127,132,1;140,147,1;152,153,15;153,154,16;154,157,0;163,167,1;169,170,9;179,180,15;201,206,1;213,219,1;227,228,9;229,235,1;237,238,10
31|21|21,22,15;30,32,17;35,37,13;40,43,6;46,47,15;60,62,17;86,88,14;106,108,12;112,114,13;132,133,15;133,134,16;141,142,9;147,149,14;172,173,15;173,174,16;179,180,10
31|22|6,10,1;19,21,14;25,27,13;34,35,15;56,61,6;66,67,15;80,81,15;92,93,15;114,115,15;124,125,9;132,133,15;139,140,10
31|23|4,8,6;25,28,6;37,41,13;78,82,7;92,94,13;94,96,17;101,104,0;105,106,15;119,123,8;130,131,15;131,132,16;137,138,10
31|24|20,26,6;26,29,0;63,64,10
31|25|6,10,6;18,23,5;33,34,15;34,35,16;40,41,9;43,44,9;49,50,15;68,71,0;72,73,15;87,88,15;137,138,10
31|26|16,17,15;17,18,16;23,24,9;26,27,9;32,33,15;46,49,0;50,51,15;63,64,15;74,75,15;81,82,10;82,83,14
31|27|9,12,0;20,21,15;32,36,6;45,47,14;49,50,9;51,56,1;56,57,15;75,76,9;80,83,8;90,91,9;94,96,14;103,105,14;108,114,1;131,132,9;135,136,15;147,150,0;151,152,15;171,172,10
31|28|47,52,1;52,53,9;64,67,0;68,69,15;82,86,8;89,90,10
31|29|14,17,0;18,19,15;34,35,15;47,48,15;48,49,16;49,52,0;68,69,15;69,70,16;70,73,0;83,84,15;102,103,15;103,104,16;114,115,15;128,133,1;133,135,14;137,139,13;144,147,13;153,159,1;161,165,0;163,169,1;171,174,0;175,176,15;205,206,10
31|30|2,3,9;12,15,0;16,17,15;29,30,15;42,45,0;52,54,14;62,66,6;72,73,15;77,78,9;87,90,0;91,92,15;104,105,15;115,116,15;122,123,10
31|31|14,17,0;18,19,15;30,32,14;40,41,15;61,62,15;79,84,5;92,93,9;97,99,13;104,107,0;114,115,9;126,127,9;128,134,2;147,152,6;154,155,10
31|32|16,21,5;24,29,6;29,30,15;30,31,16;45,47,17;48,49,15;73,74,15;74,75,16;86,89,0;97,98,9;109,110,15;126,131,5;131,133,14;138,145,1;151,153,14;166,167,9;171,173,13;194,199,6;201,202,10
31|33|2,4,13;13,14,15;14,15,16;15,18,0;22,23,15;29,31,17;44,45,15;51,53,17;59,66,2;70,72,14;86,90,1;96,97,9;127,131,1;138,139,9;153,156,0;164,165,15;176,183,6;194,197,0;202,203,15;209,210,17;210,211,9;214,215,15;215,216,16;238,241,0;243,247,7;247,248,15;255,256,15;262,263,10
31|34|2,5,0;6,7,15;16,19,6;21,22,9;30,31,15;31,32,16;53,54,15;82,83,15;105,107,14;116,122,1;139,147,1;153,155,14;164,168,8;180,185,6;195,198,0;199,200,15;219,220,10
32|1|1,3,11;3,5,11
32|2|2,5,6;9,10,15;16,17,9;39,44,2;48,49,15;53,54,9;58,59,10
32|3|16,17,15;24,25,9;40,41,15;51,56,2;66,69,6;77,84,1;84,86,13;92,93,9;95,100,5;100,105,1;109,115,1;115,119,6;119,121,14;146,147,10
32|4|8,9,15;23,24,15;24,25,16;30,31,9;33,34,9;39,40,15;86,91,6;91,94,0;95,96,15;111,112,15;131,136,5;136,140,6;145,146,9;149,153,1;157,162,1;195,196,10
32|5|10,11,15;25,26,15;26,27,16;32,34,12;43,44,15;55,58,0;86,91,6;97,99,14;106,108,13;121,127,1;127,130,0;139,140,10
32|6|2,3,9;10,11,9;16,17,15;28,29,15;29,30,16;35,36,9;41,42,15;52,53,15;53,54,16;59,60,10
32|7|6,8,13;39,40,9;59,60,15;64,67,6;67,68,9;73,77,6;77,78,10
32|8|2,5,0;21,22,9;25,29,6;31,32,9;35,41,1;41,46,1;46,48,12;49,55,1;57,58,10
32|9|2,5,0;12,13,9;33,38,2;43,46,9;63,64,15;64,65,16;75,76,15;80,82,14;84,85,9;90,91,15;113,120,1;130,131,10
32|10|7,9,13;9,11,17;34,35,15;48,51,0;64,69,6;73,79,8;85,89,7;93,95,12;110,111,9;115,116,10
32|11|17,18,9;20,25,5;30,31,15;40,41,15;65,68,0;94,95,10
32|12|11,14,13;20,21,15;25,27,14;43,45,17;60,63,6;81,83,13;86,88,14;110,111,15;132,133,9;141,144,0;153,154,10
32|13|45,46,9;54,55,9;78,81,0;93,96,0;101,104,0;117,120,0;127,130,0;136,138,14;142,143,10
32|14|8,10,17;31,33,12;49,50,9;52,54,13;57,60,0;69,70,9;85,87,17;96,97,15;114,117,6;128,129,10
32|15|2,5,0;26,27,9;33,34,15;57,59,17;72,74,17;81,87,1;95,97,17;140,141,10
32|16|29,30,15;44,46,14;67,73,1;78,84,1;86,89,0;95,97,14;99,100,9;107,110,6;112,113,10
32|17|20,26,1;26,28,13;42,47,5;47,51,6;64,69,6;71,73,12;74,78,8;89,91,17;100,101,10
32|18|6,10,6;21,27,6;29,33,6;43,52,2;62,63,10
32|19|2,5,0;7,8,15;25,27,17;37,39,17;40,41,15;41,42,16;45,46,9;50,51,9;65,68,0;68,69,9;72,73,15;89,94,8;105,107,17;116,117,10
32|20|4,7,0;9,10,15;26,28,17;38,39,9;44,45,15;45,46,16;46,49,0;62,64,13;72,74,13;74,76,17;79,83,1;90,92,17;99,101,13;110,112,17;141,143,17;152,153,15;153,154,16;154,157,0;161,162,15;171,174,6;174,178,7;180,181,9;191,192,10
32|21|11,14,0;16,21,5;24,25,15;35,36,15;40,42,14;53,54,15;64,65,15;96,97,10
32|22|18,21,0;21,25,6;39,40,9;50,51,9;54,57,0;73,75,13;80,83,0;90,91,15;95,97,14;107,110,6;114,115,10
32|23|6,8,14;27,28,15;34,35,9;48,52,6;61,67,1;67,72,2;74,76,12;80,81,9;94,95,9;101,108,2;112,114,13;121,123,12;125,126,10
32|24|25,28,0;29,34,1;56,59,0;68,70,17;81,83,17;92,93,9;106,107,10
32|25|2,5,0;46,47,15;53,54,9;72,74,17;91,92,10
32|26|42,46,6;46,48,14;52,57,5;60,61,15;89,90,9;103,106,0;113,114,9;125,126,9;147,148,10
32|27|15,17,17;20,23,0;33,34,15;38,40,12;49,50,15;59,60,15;84,85,9;91,97,6;117,118,9;129,132,6;151,153,14;157,158,10
32|28|22,23,9;27,28,15;39,43,6;43,46,6;51,52,9;56,57,10
32|29|12,13,15;28,31,6;34,35,15;50,52,13;52,54,17;60,61,9;81,84,6;86,87,10
32|30|22,23,15;23,26,6;33,36,0;38,43,5;43,46,6;50,51,10
33|1|2,4,13;13,14,15;14,15,16;15,18,0;24,25,15;31,32,15;52,53,15;57,58,9;68,69,15;75,76,9;88,91,0;92,93,15
33|2|2,3,15;20,23,13;35,40,2;50,53,0;54,55,15
33|3|18,19,15;39,40,15
33|4|12,13,15;27,33,1;33,37,6;58,61,9;81,82,9;89,90,15;93,95,12;104,105,9;119,122,0;125,128,0;130,131,9;155,157,14;161,163,12;172,174,14;176,178,12;189,190,9;205,209,7;215,216,9;227,228,15;243,244,15;267,268,15;268,269,16;274,275,10
33|5|1,3,14;17,19,12;33,35,14;42,45,6;60,65,2;76,78,13;78,80,17;86,88,12;103,104,9;130,131,9;167,172,6;175,177,13;188,192,7;194,195,9;200,201,9;203,208,1;214,217,0;258,265,2
33|6|1,2,16;2,5,0;22,23,15;44,47,6;64,65,9;69,71,13;74,77,0;79,80,9;93,95,17;98,100,17;101,102,15;141,146,6;152,153,9;156,157,15;169,170,15;186,187,15;193,194,9;207,209,13;212,216,6;222,224,13;224,226,17;231,234,13;243,245,12;249,254,5;260,268,6;274,275,9;284,285,15;291,292,9
33|7|22,23,15;23,24,16;24,27,0;40,41,9;52,55,6;60,65,1;67,72,1;74,76,14;78,79,9;105,107,14;139,144,5;147,148,9
33|8|13,14,15;14,15,16;18,19,9;29,33,6;33,35,14;60,61,9
33|9|2,4,13;13,14,15;31,33,17;34,35,15;42,44,17;54,55,15;80,82,12;97,102,6;129,135,1;141,148,2;171,172,15
33|10|7,9,12;14,19,5;19,23,6;50,53,6;71,72,15;76,78,14;80,81,9;95,96,15;106,107,15;125,128,0;134,135,15;142,143,15;143,144,16
33|11|10,11,15;11,13,14;20,21,15;46,48,17;57,63,6
33|12|15,16,15;22,23,9;33,34,15;56,61,5;64,70,1;82,83,15;101,103,13
33|13|12,13,3;17,19,12;24,30,1;39,41,13;78,79,15;86,88,17;113,119,1;126,127,15;127,128,16;128,131,0;150,153,0;172,177,1;201,205,1
33|14|24,29,5;34,36,14;47,50,0;58,60,17;61,62,15;101,103,17;108,110,13
33|15|6,8,14;15,17,17;20,21,9;26,28,17;29,30,15;39,43,6;43,45,14;63,64,15;68,70,14;72,73,9;93,94,15
33|16|7,11,1;11,14,6;21,22,15;34,38,6;44,49,5;52,53,15;67,68,15;82,89,2
33|17|7,11,6;13,14,15;31,36,5;39,40,15;69,71,12;102,109,1;127,132,5;132,136,6;140,141,15;154,160,1
33|18|4,6,14;16,17,15;24,25,15;42,45,6;50,51,15;55,57,12;73,74,9;85,88,0;117,118,15
33|19|33,35,12;38,39,15;63,66,6;104,105,15;135,136,15;162,163,15;181,185,7;220,221,15;234,236,17;238,240,12;259,261,17;273,274,15;287,288,9;307,308,9;319,320,15
33|20|12,13,15;39,43,17;48,52,1;57,58,15;78,80,17;88,91,0;93,97,7;108,109,15;142,144,8;145,147,12;169,171,17;177,182,5;186,187,9;191,193,13;193,195,17
33|21|5,7,14;33,34,15;57,63,2;65,69,6;80,82,17;83,84,15;93,94,15;103,104,15
33|22|4,7,0;15,16,15;30,31,15;49,51,17;54,55,9;73,74,15;92,93,9;103,104,15;122,123,9;147,149,13;155,156,9;157,163,1
33|23|6,7,15;27,32,6;37,39,17;46,47,9;52,54,17;55,56,15;82,87,5;87,91,6;104,105,9;114,119,5;119,123,1;123,126,6;147,149,17;152,154,14
33|24|5,7,14;12,13,15;20,21,15;21,22,16;25,26,9;38,40,14;59,60,15;66,67,9;77,81,6;81,83,12;114,117,0;118,119,15;138,145,2
33|25|8,9,15;16,17,15;33,35,17;62,64,17;70,78,1;84,85,15;92,93,15;107,108,15;128,129,15
33|26|4,7,6;10,11,15;22,23,9;30,35,5;45,46,15;52,53,9;58,62,6;98,99,15;99,100,16;114,120,6;120,122,14
33|27|32,33,9;48,49,9;63,70,2;95,96,15;121,126,6
33|28|2,4,13;13,14,15;14,15,16;15,18,0;37,38,9;45,49,6;49,52,6;52,55,0;60,62,14;65,66,15;72,73,17;73,74,9;77,78,15;78,79,16;126,129,0;143,146,0;153,159,6
33|29|4,8,6;8,11,6;11,14,0;19,21,14;24,25,15;43,44,9;47,48,15;48,49,16;56,57,15;72,75,0;104,105,9;110,113,6;113,116,0;119,121,14
33|30|2,3,9;7,9,12;12,13,15;13,14,16;14,17,0;25,29,1;36,39,6;39,42,0;47,48,9;53,59,1;67,72,1;74,75,9;86,87,15;120,121,9;132,133,15
33|31|6,10,1;10,12,14;19,22,6;22,25,0;45,46,9;60,61,9;64,71,1;77,79,13;82,84,14;110,112,14;127,133,6
33|32|2,3,9;7,9,12;12,13,15;13,14,16;14,17,0;29,32,0;40,46,1;49,50,15;50,51,16;51,54,0;56,58,12;68,69,15;78,81,0;101,102,15;115,117,14;122,123,15;142,143,9;149,154,1;166,173,1
33|33|22,25,0;39,41,14;54,55,15;59,60,9;70,71,15;94,95,15;95,96,16;101,102,17;102,103,9;117,118,15;118,119,16;124,125,17;125,126,9;140,141,15;159,163,13;166,169,0;181,182,15;202,205,6;208,209,15;209,210,16;213,215,14;225,226,15;253,255,14
33|34|2,3,15;38,41,0;52,53,9;56,57,15;66,67,15;82,85,0;86,87,15
33|35|2,5,0;6,7,15;23,24,15;34,35,9;40,41,15;57,58,15;68,69,9;74,75,15;79,80,9;90,91,15;95,96,9;100,101,9;106,107,15;107,108,16;111,112,9;122,123,15;123,124,16;127,128,9;132,133,9;138,139,15;139,140,16;143,144,9;154,155,15;155,156,16;159,160,9;164,165,9;170,171,15;175,176,9;186,187,15;191,192,9;196,197,9;202,203,15;222,223,15;236,237,9;242,243,15;243,244,16;247,249,12;259,260,15;260,261,16;264,266,12;270,271,9;276,277,15;281,282,9;304,305,15;309,310,9;314,315,9;320,321,15;321,322,16;325,326,9;334,335,15;348,354,1;354,355,15;355,356,16;359,360,9;364,365,9;376,377,15;388,393,5;400,405,1;407,409,14
33|36|21,26,1;53,54,15;72,74,13;85,89,1;102,103,15;136,140,1;145,146,15;164,165,9;170,172,14;183,184,9;185,192,1
33|37|22,24,13;34,35,15;102,103,15;109,110,15;144,145,15;154,156,14;172,173,15;173,174,16;174,177,0;183,184,15;201,205,6;210,211,9;220,223,0;237,243,1;254,260,6;263,265,14;267,268,9;299,300,15;319,324,6;324,326,13;333,334,9;339,341,14;345,347,12;366,368,17;375,378,0;384,392,1;405,406,15
33|38|17,18,15;18,19,16;19,22,0;38,43,6;55,56,15;67,70,9;73,76,0;79,80,15;91,92,15;107,109,17;112,116,6;116,118,14;138,139,15;151,158,1;158,160,14
33|39|27,28,9;30,31,9;34,35,15;56,57,9;90,91,15;111,112,15
33|40|15,18,0;25,27,13;33,39,1;39,44,2;58,59,9;61,66,2;72,73,15;90,91,15;91,92,16;92,95,0
33|41|2,4,13;13,14,15;31,33,17;34,35,15;42,44,17;45,46,15;58,64,6
33|42|20,25,1
33|43|5,6,15;39,41,12;49,50,9;63,68,5;71,72,15;72,73,16;80,81,9;90,91,15;91,92,16;92,95,0;111,112,15
33|44|33,34,9;39,40,9;41,48,1;65,67,14;68,74,6
33|45|2,4,13;13,14,15;14,15,16;15,18,0;26,29,0;29,31,13;42,43,9;48,49,9;52,58,1;66,72,1
33|46|17,18,15;35,36,9;45,52,1
33|47|10,11,15;29,32,0;37,42,5;45,46,15;58,64,6
33|48|13,14,15;18,19,9;29,30,15;36,37,9;57,58,9;81,82,15;102,103,15
33|49|2,4,13;13,14,15;30,32,13;32,34,17;52,53,15;63,64,9;69,72,0;78,80,14;87,90,0;93,97,6;97,99,14;104,108,6;116,119,0;141,144,0;156,161,6;189,192,0;205,208,0;215,221,6
33|50|2,4,13;13,14,15;14,15,16;15,18,0;26,29,0;29,31,13;55,56,9;61,62,15;65,66,9;68,70,13;90,93,0;121,124,0;124,126,13;131,133,12;136,137,15;165,168,0;183,186,0;186,187,9;222,223,9;225,226,9;231,232,15;235,236,9;259,260,15;267,273,1;284,288,1;307,308,16;308,311,0;330,331,15;331,332,16;332,335,0;343,347,1;351,354,6;368,374,2;379,383,6;387,388,15;406,408,14;446,448,13;455,456,9;484,485,9;524,531,1;537,538,15;551,558,2
33|51|12,16,6;18,20,12;29,32,0;42,44,13;56,60,6;62,64,12;76,77,15;77,79,14;90,93,0;132,133,9;140,142,14;144,147,13;150,154,6;170,173,0;186,189,0;207,209,13;221,224,0;232,235,0;240,241,15;287,288,15
33|52|18,19,15;19,20,16;20,23,0;25,27,12;33,36,8;46,48,13;51,55,6;67,70,0;82,83,9;84,89,1;113,116,0;157,158,15;183,189,2
33|53|2,4,13;13,14,15;31,33,17;40,42,14;47,49,17;58,59,15;59,60,16;60,63,0;74,76,13;79,83,1;121,122,9;135,136,9;143,144,9;167,168,15;168,170,14;175,177,17;199,200,15;200,203,6;208,210,17;248,251,0;254,255,9;276,277,15;277,278,16;278,281,0;299,300,9;303,306,6;313,314,15;335,336,9;342,343,15;374,377,0;382,383,9;384,390,6;400,403,0;406,410,1;412,414,12;423,430,6;430,431,9;440,442,14;472,477,0;499,503,6;508,510,17;519,520,15;531,533,13;536,540,6;540,543,6;545,547,13;547,549,17;556,557,9;561,562,9;566,569,8;576,578,13;591,594,0;597,598,9;613,616,6;617,618,15
33|54|2,6,6;6,8,14;11,13,17;42,45,0;46,47,15
33|55|21,24,0;27,29,13;35,37,12;41,44,0;49,51,13;54,56,14;58,60,12;64,67,0;72,74,13;81,82,9;86,89,0;94,96,13;99,101,14;103,105,12;114,115,9;119,122,0;127,129,13;132,134,14;136,138,12;147,148,9;152,155,0;166,168,12;172,175,0;201,202,9;206,209,0;214,215,15;224,225,15;236,239,0;240,241,15;272,277,6
33|56|2,5,0;6,7,15;20,22,12;30,31,9;49,50,15;50,51,16;51,54,0;64,66,13;75,76,15;93,95,17;102,104,17;124,126,17
33|57|2,5,0;6,7,15;26,27,15;45,46,9;58,59,15;70,71,15;71,72,16;83,84,15;118,125,1
33|58|2,3,15;22,23,15;39,40,15;50,51,9;67,68,15;77,79,17;87,88,15;97,99,17;106,107,9;108,114,1;119,126,1
33|59|2,4,13;13,14,15;14,15,16;15,18,0;37,38,9;61,63,12;66,67,15;83,85,14;99,102,0;105,109,6;111,112,9;119,122,0;127,128,9;135,137,14;139,142,13;145,149,1;185,186,15;199,206,2
33|60|7,12,2;17,20,6;23,24,15;30,31,9;41,42,15;64,69,5;72,77,1;77,78,15;96,97,15;119,122,0;134,137,0;162,164,13
33|61|32,34,13;34,36,17;44,46,17;57,59,17;62,64,14
33|62|2,5,0;8,9,15;20,21,15;36,38,17;41,45,6;45,47,14;56,60,6;69,72,0;75,76,15;85,87,14
33|63|12,13,15;13,14,16;14,17,0;26,27,15;27,28,16;46,49,0;65,68,6;69,70,15;87,89,14;103,104,15;104,105,16
33|64|2,5,0;6,7,15;21,22,15;26,27,9
33|65|2,3,9;16,18,13;24,33,2;51,57,1
33|66|33,34,15;34,35,16;35,38,0;55,56,9;64,66,13;77,78,15;97,98,15;98,99,16
33|67|8,10,17;18,20,13;23,26,0;26,28,13;58,60,12;80,81,15;81,82,16
33|68|7,9,13;36,37,15;49,50,15;66,72,6
33|69|2,4,13;13,14,15;31,33,17;46,48,17;51,52,15;68,70,17;91,92,15;101,104,0;112,114,17;127,130,6;131,132,15
33|70|2,4,13;13,14,15;31,33,17;34,35,15;41,43,17;44,45,15;60,62,17;68,74,6
33|71|22,23,9;66,70,1;75,76,15;94,95,9;100,102,14
33|72|2,5,0;17,18,15;36,37,15;37,38,16;43,44,9;46,47,9;52,53,15;64,65,15;88,92,1;112,114,14;137,138,15;142,145,6;145,146,9;153,156,0;158,159,9;172,178,6
33|73|13,14,15;21,22,15;28,29,9;39,40,15;46,47,9;51,52,9;57,58,15;74,75,15;85,86,9;99,100,15;113,114,15;130,131,15;141,142,9;155,156,15;169,176,2
34|1|18,19,15;30,31,9;40,41,15;41,42,16;47,48,9;50,51,9;64,65,15;81,82,15;95,96,15;134,135,10
34|2|24,25,15;65,68,6;76,77,15;77,78,16;83,85,12;119,120,15;120,121,16;130,131,15;137,138,10
34|3|8,9,15;25,27,17;43,44,15;44,45,16;87,90,0;97,98,9;103,104,15;151,156,6;158,159,15;159,160,16;165,166,9;168,169,9;182,183,15;196,198,13;210,214,6;214,215,9;224,226,13;251,252,9;253,259,1;261,262,10
34|4|5,7,14;12,13,15;30,32,17;42,44,17;45,46,15;46,47,16;50,51,9;55,56,9;63,65,17;67,69,12;78,83,5;90,95,1;100,105,6;107,108,10
34|5|2,3,15;21,23,13;29,30,9;40,41,9;51,53,17;55,57,12;75,81,1;81,86,2;86,88,14;95,96,10
34|6|8,9,15;24,26,17;27,28,15;37,38,15;43,45,13;48,51,6;65,70,2;81,82,15;98,100,13;112,113,9;116,117,15;127,128,15;134,135,10;135,136,14
34|7|8,9,15;25,27,17;57,62,1;85,87,14;110,113,0;129,134,6;136,137,10;137,138,14
34|8|17,18,15;35,39,7;41,42,9;45,48,0;49,55,8;59,60,15;87,88,15;123,124,9;134,135,10
34|9|15,17,17;62,67,5;70,71,15;71,72,16;77,79,12;84,85,15;98,103,1;124,125,15;145,147,14;164,171,1;174,175,15;175,176,16;181,183,12;190,193,0;200,201,9;213,219,2;227,229,14;230,236,1;238,239,10
34|10|8,10,14;27,28,9;33,36,0;43,51,1;51,52,9;75,76,9;79,80,15;80,81,16;97,100,0;107,108,15;114,115,10;115,116,14
34|11|5,6,15;15,16,9;20,21,9;22,27,1;39,40,15;40,41,16;53,54,15;61,63,17;66,67,9;77,80,0;104,105,10
34|12|12,13,9;16,17,15;17,18,16;41,46,1;62,69,1;83,84,9;92,93,15;97,99,14;111,112,15;116,119,0;122,126,1;165,168,9;173,177,1;210,212,14;228,229,15;229,230,16;235,236,10
34|13|16,17,9;26,28,12;33,38,1;40,41,9;53,54,9;68,73,6;73,74,15;92,98,2;103,104,9;109,110,15;116,118,13;118,120,17;132,133,9;141,149,1;155,161,1;174,175,15;175,176,16;181,182,10
34|14|4,7,0;28,29,15;67,69,13;79,81,11;87,88,15;108,111,6;117,118,9;125,128,0;148,149,15;153,156,0;159,164,2;173,175,17;188,189,15;209,211,17;216,217,15;227,228,15;234,235,10
34|15|4,6,14;20,25,6;46,53,6;53,56,0;64,68,1;72,77,1;83,90,6;93,95,17;98,103,2;120,121,15;128,130,17;135,136,9;146,151,6;157,162,1;172,173,10
34|16|11,13,17;46,47,15;67,68,9;70,74,7;76,79,0;90,93,0;122,127,1;132,137,1;142,148,1;148,152,6;152,154,14;155,160,6;162,163,10
34|17|2,3,9;16,17,9;19,23,7;34,36,17;50,51,9;53,55,13;63,64,15;70,71,10
34|18|32,33,15;41,42,15;51,52,9;70,76,6;76,77,9;82,87,1;105,106,15;106,107,16;123,125,17;162,163,10
34|19|8,10,17;22,23,9;25,27,14;56,58,13;58,60,17;63,66,6;83,84,9;107,109,14;111,112,9;137,140,0;147,148,9;159,160,9;161,167,2;180,185,6;187,188,10
34|20|6,8,14;30,32,14;40,43,0;45,46,9;49,50,15;74,81,1;84,85,15;95,96,10
34|21|16,17,9;26,31,5;31,35,6;39,40,9;63,67,1;76,77,15;90,93,0;117,124,1;156,157,10
34|22|5,6,15;6,8,14;11,13,17;14,15,15;32,37,5;37,41,6;45,46,15;87,92,6;94,95,15;95,96,16;101,102,9;104,105,9;118,119,15;152,156,6;159,164,1;172,173,9;180,185,5;185,189,6;191,192,10
34|23|8,11,6;14,15,15;15,16,16;21,22,9;29,32,6;34,36,13;62,65,9;71,74,13;91,95,6;111,113,17;145,147,17;148,149,15;166,167,15;177,178,15;184,185,10
34|24|9,13,1;21,26,5;29,30,15;30,31,16;36,37,9;39,40,9;45,46,15;62,63,15;76,79,0;79,81,13;126,127,9;128,134,1;136,137,10
34|25|24,27,0;27,29,13;32,34,14;60,63,0;73,74,10
34|26|7,9,14;35,38,0;60,61,15;76,77,15;88,89,15;95,96,10
34|27|15,16,15;31,33,14;35,39,7;41,42,9;49,51,12;75,76,15;83,84,15;94,95,15;101,102,10
34|28|4,6,13;17,18,9;30,32,11;36,42,2;42,43,16;43,46,0;56,62,1;68,74,1;76,77,9;79,82,0;92,93,15;93,94,16;94,97,0;113,114,10
34|29|22,23,9;27,28,15;39,43,6;43,46,6;51,52,9;56,57,10
34|30|9,14,5;26,32,2;64,69,1;79,81,14;85,86,10
34|31|8,9,15;25,27,17;30,35,1;46,47,9;51,52,15;72,73,15;109,112,13;118,119,15;119,120,16;123,124,9;147,150,6;195,196,15;213,214,15;223,224,15;235,237,17;249,250,15;261,263,17;270,272,13;275,278,6;285,288,0;298,299,10
34|32|6,7,15;16,17,15;28,30,17;42,43,15;53,55,13;55,57,17;71,73,14;75,76,9;86,87,15;110,112,12;116,122,7;127,130,6;130,135,5;135,137,14;141,142,10
34|33|8,9,15;18,19,15;30,32,17;44,45,15;56,58,17;71,72,15;82,83,15;83,84,16;84,87,0;111,113,13;116,121,1;130,131,15;142,144,14;153,155,13;158,161,6;163,171,1;179,181,17;182,183,15;183,184,16;184,187,0;197,200,0;208,210,17;211,212,15;234,235,15;243,244,9;249,251,13;262,263,15;279,281,17;291,293,14;317,319,17;328,329,10
34|34|4,6,13;30,36,1;36,41,1;71,73,13;76,79,0;85,87,13;98,102,7;104,105,9;108,109,9;113,114,10
34|35|8,10,17;33,34,9;35,41,1;47,48,9;49,55,1;77,78,10
34|36|7,10,0;20,22,14;27,28,15;28,29,16;41,45,1;47,49,12;56,58,14;67,68,9;70,73,0;83,84,15;84,85,16;85,88,0;104,105,10
34|37|4,6,13;13,14,9;25,27,13;34,35,9;39,43,7;43,44,15;67,70,6;80,83,13;115,116,9;119,125,6;127,129,17;131,133,12;149,151,12;154,155,15;155,156,16;177,179,17;191,192,15;200,201,9;211,212,10
34|38|2,3,15;25,27,13;33,34,9;44,45,9;55,57,17;59,61,12;70,71,15;89,90,10
34|39|7,10,0;20,22,14;27,28,15;28,29,16;41,45,1;47,49,12;66,67,9;72,74,14;83,84,9;91,93,13;96,99,6;99,101,14;103,108,5;108,112,6;115,120,6;135,138,9;153,154,15;154,155,16;158,159,9;163,164,10
34|40|28,34,6;34,37,0;54,56,12;67,69,12;73,75,12;95,97,17;106,107,10
34|41|6,8,17;11,13,14;15,16,9;23,26,6;40,44,6;49,55,7;64,66,17;79,80,15;84,87,0;100,104,7;106,111,5;117,118,10
34|42|2,3,15;43,49,1;52,58,1;66,72,1;98,100,17;107,109,17;118,119,15;119,120,16;120,123,0;127,128,15;137,140,6;140,144,7;157,158,10
34|43|33,34,9;47,48,9;49,54,6;58,60,17;67,68,9;70,72,13;85,90,1;98,102,1;114,117,0;139,141,12;156,158,17;165,166,9;168,170,13;176,178,13;184,190,1;195,203,1;209,210,15;226,228,17;241,244,0;248,250,12;264,265,9;267,269,13;282,288,1;290,291,10
34|44|4,6,13;16,17,9;19,24,5;24,28,6;31,36,1;36,38,14;55,57,13;68,70,13;84,86,14;93,98,1;100,101,10
34|45|10,11,15;22,26,6;26,28,14;48,50,17;63,65,13;75,76,9;91,93,17;123,124,10
34|46|9,12,0;14,16,13;25,29,7;31,32,9;43,47,6;53,55,17;79,80,9;87,90,0;103,105,17;123,128,5;128,132,6;132,135,0;163,169,2;171,175,7;193,198,6;200,201,10;201,202,14
34|47|19,24,5;29,31,14;32,37,6;58,60,14;78,79,15;113,118,6;120,121,10;121,122,14
34|48|7,10,0;20,22,14;29,30,15;43,44,9;47,48,15;54,55,10;55,56,14
34|49|7,9,12;12,13,15;29,31,14;36,37,15;41,42,9;57,58,10;58,59,14
34|50|7,11,6;22,25,0;27,29,13;62,63,15;87,89,13;103,105,13;110,113,0;115,116,9;123,128,6;130,131,10;131,132,14
34|51|11,14,13;27,29,17;52,54,17;57,62,1;66,71,6;73,74,10;74,75,14
34|52|7,9,13;9,11,17;17,20,0;26,27,9;32,35,0;45,46,15;46,47,16;60,65,1;69,73,8;76,77,10;77,78,14
34|53|4,6,14;14,16,17;21,22,9;25,29,6;29,31,14;40,42,14;52,53,15;64,69,1;73,77,8;80,81,10;81,82,14
34|54|70,75,5;75,79,6;79,81,14;88,91,0;102,104,17;113,119,1;121,122,10;122,123,14
35|1|26,27,15;27,28,16;33,34,9;36,37,9;42,43,15;60,61,15;67,69,12;86,88,17;90,92,13;95,97,14;102,108,1;121,122,9;131,132,9;149,150,15;167,169,12;176,179,0;180,181,15;206,211,6;213,214,10
35|2|14,15,15;24,25,16;25,28,0;34,39,2;44,49,6;104,105,9;109,112,8;119,120,9;130,131,15;141,142,15;148,149,10
35|3|2,4,13;13,14,15;14,15,16;15,18,0;22,23,15;30,32,17;42,43,15;75,76,9;88,89,15;106,111,5;114,115,15;115,116,16;121,123,12;128,129,15;142,144,13;149,150,9;171,174,0;185,186,10
35|4|4,8,1;23,25,14;41,47,1;47,51,6;51,53,14;68,69,15;85,86,15;92,93,10
35|5|2,4,13;13,14,15;14,15,16;15,18,0;24,27,0;35,36,15;47,54,6;65,68,0;73,74,15;80,81,17;81,82,9;85,86,15;86,87,16;111,114,0;116,120,7;120,121,15;128,129,15;135,136,10
35|6|2,5,0;6,7,15;7,8,16;15,16,9;32,37,6;37,38,15;62,65,0;71,73,14;76,78,17;87,88,9;99,101,17;113,114,9;117,118,15;118,119,16;124,125,10
35|7|17,19,17;33,38,6;42,49,1;49,50,15;67,69,17;79,81,17;82,83,15;83,84,16;87,88,9;92,93,9;100,105,5;112,117,1;119,121,14;122,127,6;129,130,10
35|8|6,10,6;20,21,9;24,26,12;37,38,9;54,62,6;64,67,0;68,69,15;86,90,1;92,94,12;109,113,1;115,117,12;134,136,14;163,164,9;171,174,0;175,176,15;189,193,8;206,207,10
35|9|2,3,15;10,11,15;16,18,13;28,29,15;29,30,16;35,36,9;55,61,6;63,65,14;67,68,9;83,89,1;93,98,6;115,116,15;148,149,9;154,155,15;155,156,16;156,159,0;161,162,10
35|10|2,6,6;18,19,15;39,40,15;79,80,15;89,90,15;90,91,16;102,103,15;112,113,15;113,114,16;117,118,9;133,134,9;139,140,15;161,162,15;162,163,16;189,194,6;198,205,1;214,216,17;218,220,12;234,235,10
35|11|2,3,15;18,23,5;23,27,6;31,36,6;36,39,0;42,47,1;47,49,14;52,57,6;57,60,0;78,79,9;80,88,1;108,111,6;144,145,9;158,161,0;166,171,1;173,176,0;177,182,1;188,191,6;207,209,13;225,226,9;233,236,0;239,240,9;251,252,15;263,264,10
35|12|16,17,15;31,32,9;41,46,6;50,55,6;55,57,12;60,65,6;72,73,9;78,79,9;96,103,1;105,109,6;111,116,6;131,137,6;141,147,1;170,175,6;198,199,15;228,230,14;235,237,17;240,244,6;250,251,9;274,275,10
35|13|8,9,15;21,22,15;22,23,16;23,26,0;42,43,15;43,44,16;44,47,0;57,58,15;76,77,15;77,78,16;88,89,15;102,107,1;107,109,14;120,126,1;128,132,0;130,138,6;138,139,9;146,147,15;169,170,15;183,184,15;195,197,14;205,209,6;214,215,9;234,238,6;238,240,14;242,243,10
35|14|2,6,6;6,8,14;29,31,17;36,38,12;59,61,17;66,67,15;77,79,17;98,99,15;105,106,9;167,168,10
35|15|4,6,13;15,16,15;16,17,16;17,20,0;26,29,6;32,33,15;41,43,12;52,53,15;64,65,15;77,78,15;88,89,15;95,96,10;96,97,14
35|16|2,6,1;17,19,14;40,45,6;47,48,10;48,49,14
35|17|8,9,9;20,21,15;34,35,10
35|18|21,26,1;46,50,6;50,52,14;108,113,1;134,139,13;142,145,0;151,154,6;157,158,15;185,189,7;189,190,15;209,211,17;212,213,15;213,214,16;219,220,17;220,221,9;230,234,6;246,249,0;275,276,9;287,288,15;295,296,15;302,303,10
35|19|16,17,15;30,31,15;37,38,10
35|20|6,7,15;7,8,16;15,16,9;25,26,15;26,27,16;27,30,0;30,31,10
35|21|6,7,15;7,8,16;21,22,15;28,29,10
35|22|16,17,15;25,27,12;36,37,15;45,46,9;53,56,0;57,58,15;76,80,1;82,84,12;93,95,13;98,101,6;111,117,1;117,121,6;123,124,15;130,131,10
35|23|7,10,6;22,23,10
35|24|2,5,0;5,7,13;18,19,9;24,25,15;39,45,1;51,59,1;61,66,1;71,74,0;101,102,10
35|25|4,8,1;23,25,14;34,35,15;46,50,6;50,52,14;61,63,12;80,84,7;84,85,15;94,95,9;102,103,15;103,104,16;116,117,15;123,124,9;127,128,15;134,135,10
35|26|2,5,0;15,16,15;32,34,17;56,57,10
35|27|14,17,0;18,19,15;28,31,6;39,40,15;40,41,16;46,48,12;53,55,12;56,61,6;67,69,14;77,78,9;85,86,9;87,93,1;109,110,9;125,126,15;141,145,8;148,153,1;158,164,1;179,180,9;201,202,10;202,203,14
35|28|7,8,15;8,9,16;9,12,0;18,19,15;19,20,16;25,27,11;33,34,15;42,43,9;63,64,9;68,69,9;74,75,9;84,87,0;99,100,15;122,123,15;131,133,12;135,137,17;142,145,0;146,147,15;166,167,10
35|29|2,5,0;6,7,15;30,31,9;34,35,15;52,54,17;55,56,15;56,57,16;62,63,17;63,64,9;71,74,6;77,79,17;82,85,0;91,93,14;95,96,9;105,111,1;121,126,1;138,139,9;142,148,2;148,152,6;154,155,10
35|30|39,44,5;44,48,6;54,56,13;61,64,0;66,67,9;74,79,6;81,82,10
35|31|2,3,15;8,10,13;21,23,13;38,39,15;45,46,9;54,55,15;71,78,2;102,105,0;106,107,15;125,126,9;135,139,8;142,143,10
35|32|2,5,0;18,19,15;25,26,9;29,30,15;39,40,15;87,93,2;101,102,9;111,116,5;116,118,14;123,128,1;143,147,8;148,149,15;157,158,9;170,171,15;182,183,9;193,194,15;203,204,15;210,211,10
35|33|2,5,0;5,6,9;11,13,14;14,19,1;19,21,14;68,72,6;75,80,1;87,95,1;118,119,10
35|34|8,10,17;11,12,15;29,30,15;35,37,13;49,52,0;54,55,15;68,71,0;89,94,6;96,97,10
35|35|6,8,13;26,27,15;41,45,6;51,52,9;80,85,1;111,112,10;112,113,14
35|36|2,3,15;19,21,17;39,42,0;51,53,14;79,81,17;104,109,5;129,130,9;137,139,14;153,154,10
35|37|35,37,13;44,46,14;61,62,9;75,76,15;85,88,0;114,117,0;121,126,5;148,152,6;164,166,12;173,174,15;174,175,16;175,178,0;194,196,17;205,206,16;209,210,9;220,225,1;227,228,10
35|38|2,5,0;6,7,15;16,17,9;29,30,15;30,31,16;36,37,9;39,40,9;45,46,15;59,62,0;64,65,9;72,76,8;83,84,15;84,85,16;90,91,10
35|39|5,6,15;28,30,12;39,40,15;55,59,6;83,86,9;101,102,15;106,107,9;128,131,6;151,153,14;154,162,1;174,175,15;179,180,9
35|40|24,26,12;33,34,15;45,47,14;55,59,6;63,64,15;94,96,17;102,103,15;129,134,6;136,137,15;137,138,16;143,144,9;146,147,9;164,165,9;174,175,9;176,182,6;202,208,1;222,226,1;231,232,15;232,233,16;236,237,9;253,257,7
35|41|4,7,0;8,9,15;25,26,15;26,27,16;32,33,9;35,36,9;41,42,15;53,57,6;72,76,6;81,83,13;113,119,1;120,123,8;130,134,13;137,140,0;142,143,9
35|42|4,6,14;11,13,17;16,17,15;37,38,9;49,53,6;53,55,12;68,74,2;81,84,0;107,108,15;123,126,0;130,132,12;145,151,1
35|43|11,17,6;19,20,15;38,39,15;39,40,16;65,66,15;75,76,15;76,77,16;103,104,9;116,119,6;134,137,0;140,141,15;160,164,6;173,176,0;179,180,15;189,191,14;195,203,1;205,209,6;218,221,0;224,225,15
35|44|17,19,17;24,25,15;38,41,6;44,46,17;62,63,9;70,71,15;82,86,6;86,88,14;102,104,13;104,106,17;130,137,1;147,148,15;167,168,9;171,175,6;178,183,6;185,186,15;186,187,16;192,193,9;195,196,9;209,210,15;223,226,0;228,229,9;242,248,6
35|45|17,18,15;25,26,15;26,27,16;27,30,0;47,49,17;80,84,6;84,86,11;90,95,1;97,98,9;100,104,1;120,123,13;129,135,1;137,141,0;139,147,6;155,157,12;175,178,0;179,180,15;204,205,9
36|1|1,3,11
36|2|2,3,15;15,16,15;22,23,10
36|3|2,5,0;15,16,15;26,27,10
36|4|11,12,9;13,19,1;25,26,10
36|5|2,5,6;9,10,15;20,21,15;21,22,16;27,28,10
36|6|4,7,6;15,22,1;22,24,13;27,30,6;38,40,12;56,57,9;61,62,10
36|7|4,6,14;13,14,15;27,30,13;63,64,10
36|8|2,5,0;19,21,13;28,29,9;42,43,9;44,50,6;61,62,15;78,83,5;83,85,14;89,90,10
36|9|15,18,8;40,46,1;66,72,6;82,83,9;101,103,14;107,108,10
36|10|6,8,12;26,29,6;50,53,6;72,73,10
36|11|2,5,0;11,14,6;22,23,15;31,32,15;32,33,16;50,51,15;51,52,16;59,60,9;65,66,15;100,105,1;107,109,14;110,115,6;117,118,10
36|12|2,5,0;21,22,15;56,58,17;66,67,9;101,102,9;107,109,13;116,122,1;124,125,10
36|13|2,3,15;7,9,14;14,19,5;31,32,9;35,36,15;54,56,12;62,63,15;73,74,10
36|14|15,17,13;29,30,15;76,81,6;86,88,13;88,90,17;93,96,0;96,98,13;107,112,5;118,119,10
36|15|6,8,17;11,13,13;16,19,6;34,40,1;52,54,13;57,60,6;63,64,15;64,65,16;72,73,9;78,82,6;94,97,6;115,116,10
36|16|6,8,17;29,32,0;32,34,13;56,57,10
36|17|14,16,13;24,25,15;31,32,9;35,36,15;42,43,10
36|18|5,7,13;7,9,17;12,15,0;43,48,2;53,56,6;59,61,17;72,75,0;91,94,0;96,101,5;101,104,0;118,119,10
36|19|6,8,17;11,13,12;19,24,5;37,41,6;48,54,7;59,62,6;70,76,1;82,83,10
36|20|4,6,12;16,18,14;22,23,15;40,45,1;60,61,9;68,69,15;77,79,17;80,81,15;91,92,10
36|21|9,11,17;14,19,2;37,39,14;40,46,1;48,53,5;59,60,10
36|22|13,15,13;25,26,15;62,63,10
36|23|14,18,6;23,25,13;38,42,1;44,46,14;49,50,15;50,51,16;58,59,9;68,74,2;85,88,0;94,95,9;110,116,1;122,125,6;127,128,10
36|24|2,5,0;5,7,13;11,18,2;26,27,9;28,34,1;36,37,10
36|25|2,5,0;5,7,13;13,16,6;31,32,15;38,39,10
36|26|6,7,15;7,9,14;14,15,15;19,22,0;35,36,9;59,60,10
36|27|41,42,15;52,53,10
36|28|6,8,13;11,14,6;35,36,9;40,43,8;50,51,9;54,58,6;58,62,6;60,66,1;69,70,15;70,71,16;76,78,12;89,92,0;96,99,6;101,102,10
36|29|2,6,6;26,31,1;31,32,9;37,42,6;55,56,9;60,61,10
36|30|2,3,9;18,19,15;44,49,5;49,54,2;73,75,17;80,81,9;94,95,10
36|31|13,15,17;35,37,14;41,46,5;49,50,15;62,65,0;93,94,10
36|32|4,8,6;10,16,2;16,19,0;27,33,2;49,50,10
36|33|8,14,2;19,20,15;29,30,15;51,52,9;64,66,14;82,88,6;103,104,10
36|34|21,24,0;24,25,9;26,32,1;32,37,1;41,46,1;52,53,9;54,59,1;82,83,15;89,90,10
36|35|11,13,17;16,20,6;26,27,9;75,76,10
36|36|2,4,14;6,7,9;10,11,15;25,26,15;34,35,9;49,52,0;57,59,8;63,64,15;82,85,6;96,99,0;113,114,10
36|37|8,14,2;19,20,15;44,45,15;45,46,16;46,49,0;65,70,5;76,77,10
36|38|2,3,15;3,4,16;14,16,14;32,38,2;46,47,9;54,56,14;62,63,15;73,74,15;80,81,10
36|39|2,3,15;21,22,9;51,52,15;64,65,15;71,72,10
36|40|4,5,15;5,6,16;17,19,8;28,30,13;33,37,6;37,39,14;44,45,15;60,61,15;77,78,15;78,79,16;79,82,0;96,101,6;108,113,1;119,120,10
36|41|8,14,2;21,24,0;55,56,15;65,66,15;74,75,10
36|42|6,8,14;16,21,5;21,26,1;32,33,9;46,47,10
36|43|4,9,1;20,22,14;61,64,6;66,67,10
36|44|14,20,1;20,23,0;31,32,9;45,46,10
36|45|21,22,15;28,30,17;91,92,10
36|46|15,20,5;29,35,1;43,44,9;70,72,17;89,90,10
36|47|23,26,6;29,31,17;34,37,0;50,51,15;64,65,15;81,83,17;102,104,13;104,106,17;111,113,14;120,125,2;132,134,12;137,138,15;147,149,14;155,157,13;165,168,6;186,187,9;188,194,1;196,197,10
36|48|22,23,9;27,28,15;39,43,6;43,46,6;51,52,9;56,57,10
36|49|6,9,6;29,34,1;34,35,9;40,45,6;72,73,10
36|50|30,35,1;37,39,13;44,47,13;67,68,10
36|51|13,14,15;14,15,16;32,37,5;40,41,15;45,47,14;72,75,6;77,78,10
36|52|6,8,17;11,12,9;25,28,8;39,44,1;60,61,9;76,77,15;77,78,16;85,86,9;98,99,15;109,110,10
36|53|2,6,6;26,31,1;31,32,9;37,42,6;59,65,2;81,82,10
36|54|2,3,15;30,35,6;39,45,1;51,53,14;73,76,6;87,88,10
36|55|2,5,0;12,13,9;16,17,15;21,24,0;27,28,15;46,51,6;51,52,9;56,57,10
36|56|13,14,9;29,30,9;39,40,15;46,48,12;63,64,10
36|57|16,17,9;22,27,1;31,36,5;45,46,10
36|58|4,5,9;6,11,6;14,21,1;21,26,2;28,34,2;36,37,10
36|59|2,3,15;7,8,9;11,13,17;14,15,15;33,34,15;38,40,14;44,45,10
36|60|15,17,14;31,32,9;36,38,13;49,54,2;65,67,17;68,69,15;69,70,16;77,78,9;85,88,0;90,91,9;105,111,1;113,114,10
36|61|7,8,15;23,24,9;32,33,9;34,40,1;46,47,10
36|62|6,8,14;19,22,6;31,37,6;63,65,17;74,75,10
36|63|2,3,9;7,8,9;13,16,0;19,20,15;29,32,6;42,43,10
36|64|11,12,15;29,32,6;43,44,10
36|65|23,26,13;33,34,9;54,56,13;90,94,7;104,106,17;115,116,10
36|66|11,13,12;32,35,13;51,52,15;61,63,17;64,65,15;65,66,16;71,72,9;79,82,0;87,89,14;93,94,10
36|67|11,13,12;26,27,9;59,60,15;66,67,9;70,72,17;79,85,1;97,98,10
36|68|4,9,1;11,14,0;35,36,15;63,64,10
36|69|15,16,9;19,20,15;20,21,16;38,40,8;49,51,13;76,81,1;89,95,1;97,98,10
36|70|5,8,6;13,17,6;25,31,1;39,40,15;55,56,15;60,61,9;65,66,10
36|71|15,17,17;20,23,0;29,31,14;39,44,5;44,47,0;67,69,13;76,77,9;78,84,6;97,98,9;102,103,10
36|72|11,12,9;63,64,10
36|73|20,21,9;56,57,10
36|74|2,3,15;11,13,17;16,20,6;24,25,15;40,46,2;58,61,6;63,64,10
36|75|46,50,6;48,54,1;60,61,10
36|76|12,15,6;31,34,0;74,75,10
36|77|14,15,15;19,22,6;22,23,9;28,31,0;37,39,14;41,42,9;47,52,1;52,54,14;57,62,6;79,85,1;87,88,10
36|78|20,26,1;41,44,9;53,57,1;62,63,15;69,70,9;84,85,10
36|79|16,17,15;22,24,13;27,30,6;34,36,13;51,58,1;82,83,10
36|80|19,24,5;27,28,15;28,29,16;37,38,15;53,59,6;63,65,13;68,71,6;71,76,5;88,89,10
36|81|11,12,15;26,27,15;27,28,16;33,34,9;36,37,9;42,43,15;56,57,9;66,69,13;72,76,1;91,97,7;109,110,15;117,118,9;121,122,15;128,129,10
36|82|2,5,0;7,9,13;18,20,13;25,27,13;47,51,1;61,62,9;65,69,6;73,74,10
36|83|4,6,14;8,9,9;12,13,15;28,29,9;51,56,1;73,74,10
37|1|2,3,15;3,4,16;7,9,11;12,13,9
37|2|2,3,15;3,4,16;7,8,9;12,13,9;18,20,14
37|3|2,3,15;3,4,16;7,8,9;12,13,9
37|4|2,5,0;10,11,9;22,23,9;25,26,14
37|5|7,8,15;8,9,16;14,15,9;17,18,9;23,24,15;59,60,15;66,67,9;69,70,14
37|6|2,5,0;12,15,0;17,18,15;18,19,16;24,26,12;29,30,15;30,31,16;50,51,15;60,61,14
37|7|7,14,1;14,18,6;28,29,9;30,36,1;39,40,14
37|8|10,13,0;25,26,15;35,36,15;51,53,14;63,67,6;76,77,14
37|9|6,14,1;27,32,1;35,36,14
37|10|19,20,15;24,26,14;43,44,9;51,56,6;59,60,14
37|11|2,3,15;41,46,5;53,55,14;57,59,13;64,67,0;73,75,14;77,78,9;80,85,5;85,89,6;91,97,2;100,101,14
37|12|9,11,14;24,25,10
37|13|16,18,17;31,32,10
37|14|14,16,17;23,28,1;38,39,10
37|15|7,9,13;9,11,17;19,20,9;22,24,13;37,43,1;45,46,10
37|16|20,23,0;31,37,1;41,42,9;50,53,0;59,61,14;66,67,10
37|17|9,11,12;17,18,15;27,28,10
37|18|16,19,6;24,25,9;29,30,10
37|19|4,7,0;18,20,14;23,28,1;28,29,9;34,39,6;52,55,6;57,58,10
37|20|8,10,17;13,14,9;26,27,9;38,39,15;39,40,16;43,44,10
37|21|2,3,9;14,15,15;24,25,15;34,37,6;37,41,7;43,44,9;54,55,10
37|22|10,12,17;13,14,15;30,32,17;41,42,9;61,63,17;72,73,10
37|23|2,6,6;10,11,15;20,21,15;42,43,9;46,47,15;53,54,10
37|24|16,19,0;21,26,5;34,35,10
37|25|24,25,10
37|26|10,11,15;32,33,10
37|27|4,6,14;34,39,1;43,45,12;49,50,10
37|28|5,7,13;7,9,17;12,15,0;22,25,6;46,47,15;53,54,10
37|29|6,8,17;27,29,17;38,39,10
37|30|26,31,5;31,35,6;39,40,9;41,47,8;53,56,6;64,70,6;70,71,9;73,74,10
37|31|32,34,13;39,42,0;48,50,12;54,55,10
37|32|12,13,9;20,23,0;27,30,0;34,35,9;37,38,10
37|33|4,7,0;21,26,6;28,29,15;49,50,10
37|34|2,5,0;11,12,9;28,29,15;33,35,14;39,40,10
37|35|2,5,0;15,17,13;17,19,17;41,43,13;48,49,9;59,60,15;79,80,10
37|36|17,20,0;31,33,13;33,35,17;57,63,1;63,65,14;67,68,10
37|37|7,9,12;14,15,15;33,34,15;44,45,10
37|38|2,5,0;14,16,12;21,23,17;24,25,15;35,36,15;42,43,10
37|39|8,10,14;30,33,6;44,45,10
37|40|15,16,15;23,24,15;34,35,10
37|41|2,4,17;6,8,12;25,31,1;35,36,10
37|42|4,5,9;16,21,5;27,28,10
37|43|6,9,0;9,10,9;13,14,15;14,15,16;15,18,0;20,21,10
37|44|12,18,1;22,23,9;27,28,10
37|45|16,20,7;25,31,1;31,36,1;38,39,10
37|46|6,8,12;17,23,2;23,24,16;27,28,9;32,33,10
37|47|16,21,1;40,43,6;45,46,10
37|48|4,7,6;14,15,9;19,20,9;23,24,15;24,25,16;35,36,10
37|49|4,7,0;9,12,0;18,24,1;28,29,10
37|50|4,6,14;34,39,1;43,45,12;49,50,10
37|51|8,10,12;13,19,1;28,31,0;47,48,10
37|52|12,15,0;25,26,15;37,38,10
37|53|20,23,0;31,37,1;41,42,9;50,53,0;64,65,10
37|54|13,16,6;16,21,5;28,29,10
37|55|2,3,15;29,31,12;34,35,15;41,42,10
37|56|8,9,15;18,22,6;22,23,3;35,36,10
37|57|30,33,6;39,40,15;50,51,10
37|58|24,25,10
37|59|19,20,15;54,55,10
37|60|2,5,0;8,9,9;20,21,15;30,31,15;37,38,10
37|61|11,12,9;29,30,15;34,35,9;39,40,10
37|62|4,5,9;15,21,1;41,42,15;42,43,16;49,50,10
37|63|2,5,0;15,16,9;27,33,2;33,34,16;37,38,9;42,43,10
37|64|2,5,0;16,21,6;30,32,13;40,41,15;47,48,10
37|65|14,17,0;19,20,9;29,30,15;30,31,16;36,37,9;39,40,10
37|66|4,7,0;61,62,10
37|67|2,5,0;8,11,0;36,43,1;50,51,10
37|68|2,5,0;8,11,0;33,34,15;40,41,10
37|69|2,5,0;18,20,17;26,28,12;37,39,11;42,43,10
37|70|11,14,13;20,21,9;36,37,10
37|71|6,8,14;17,19,14;35,36,15;45,46,10
37|72|6,8,14;26,31,5;31,34,6;36,37,10
37|73|2,3,15;3,6,6;24,25,9;32,33,15;37,40,6;42,43,10
37|74|15,16,15;23,24,15;34,35,10
37|75|6,8,14;15,16,9;24,29,6;38,39,15;48,49,10
37|76|11,12,9;25,26,9;32,33,15;42,43,15;49,50,10
37|77|24,25,9;31,32,15;39,40,10
37|78|25,26,15;34,35,10
37|79|4,5,9;19,24,6;26,27,15;31,32,9;36,37,10
37|80|2,5,0;11,12,9;19,21,14;25,26,15;36,37,10
37|81|2,5,0;7,8,9;25,26,15;36,37,10
37|82|2,5,0;12,14,14;18,19,15;27,28,10
37|83|6,9,0;12,16,6;23,24,9;29,31,14;33,34,9;36,37,10
37|84|7,9,12;19,20,9;28,33,6;35,36,10
37|85|31,32,9;48,49,10
37|86|18,23,6;27,28,15;42,43,10
37|87|8,11,0;13,17,7;23,24,15;28,29,9;33,34,10
37|88|16,21,6;23,24,15;24,25,16;25,28,0;30,31,10
37|89|10,13,0;19,20,10
37|90|11,13,17;23,25,14;29,30,10
37|91|12,15,13;52,53,10
37|92|17,20,6;22,23,10
37|93|24,29,8;30,31,15;37,38,10
37|94|4,6,14;10,12,13;12,14,17;31,32,10
37|95|32,33,10
37|96|2,3,15;35,36,10
37|97|6,8,17;9,10,15;10,12,14;15,17,17;22,23,9;30,31,9;32,38,6;52,53,15;59,60,10
37|98|10,12,17;17,18,9;24,30,6;38,39,9;44,45,15;55,56,10
37|99|10,13,0;45,46,10
37|100|8,10,14;20,21,15;21,22,16;25,26,9;30,31,10
37|101|11,12,9;21,22,9;29,30,10
37|102|4,7,0;23,24,15;24,25,16;41,42,9;52,55,0;55,57,13;69,70,15;82,85,0;85,87,13;101,102,15;102,105,6;132,134,13;141,142,15;174,176,13;179,183,6;183,185,12;188,189,15;201,202,15;202,203,16;206,207,9;211,212,10
37|103|4,7,0;7,9,13;29,30,9;39,40,10
37|104|4,5,9;11,12,9;17,21,1;21,23,13;25,27,14;29,30,9;32,33,10
37|105|2,4,14;10,12,14;15,16,15;16,17,16;24,28,13;31,34,0;40,41,9;48,50,14;54,55,15;65,66,10
37|106|2,5,0;8,9,9;20,21,15;27,29,12;31,33,17;34,35,15;41,42,10
37|107|10,11,9;18,20,14;27,28,10
37|108|25,26,15;34,35,10
37|109|4,5,9;12,15,13;18,20,14;22,23,9;25,26,10
37|110|4,5,9;12,14,14;18,19,15;29,30,10
37|111|2,5,0;7,8,9;25,26,15;36,37,10
37|112|11,12,9;23,24,9;33,40,1;43,44,15;44,45,16;48,49,9;53,54,10
37|113|4,5,9;28,31,13;38,39,9;48,52,6;73,78,1;84,90,2;98,99,9;104,105,10
37|114|6,8,14;13,16,0;37,38,9;40,41,10
37|115|11,12,9;37,38,15;47,48,15;54,55,10
37|116|10,11,9;24,26,17;32,33,15;37,38,9;42,43,10
37|117|11,12,9;18,19,15;25,26,9;29,30,15;40,41,10
37|118|10,11,9;17,18,15;18,19,16;24,25,9;28,29,15;39,40,10
37|119|28,29,15;37,38,10
37|120|4,5,9;27,28,9;30,31,10
37|121|2,5,0;11,12,9;19,21,14;25,26,15;36,37,10
37|122|2,5,0;27,28,15;38,39,10
37|123|4,7,0;25,26,15;36,37,10
37|124|21,23,13;37,38,10
37|125|4,6,14;17,23,1;42,43,15;47,48,9;52,53,10
37|126|31,33,12;40,41,15;50,51,10
37|127|17,20,0;35,36,10
37|128|15,16,15;23,24,15;34,35,10
37|129|25,26,15;34,35,10
37|130|4,5,9;12,15,13;26,27,10
37|131|2,5,0;11,12,9;19,21,14;25,26,15;36,37,10
37|132|2,5,0;7,8,9;25,26,15;36,37,10
37|133|4,7,0;12,19,2;24,25,15;35,36,10
37|134|14,15,9;28,30,13;33,35,14;39,40,10
37|135|13,19,6;21,22,15;26,27,9;31,32,10
37|136|2,5,0;8,11,0;17,18,15;26,27,10
37|137|4,7,0;33,38,5;44,45,10
37|138|4,5,15;31,32,10
37|139|4,7,0;23,24,15;34,35,10
37|140|18,19,15;28,29,15;37,38,10
37|141|23,24,15;28,30,14;34,35,10
37|142|2,3,15;14,15,15;34,35,10
37|143|8,10,13;13,16,0;18,19,9;31,32,15;43,44,10
37|144|15,17,14;21,23,13;40,42,14;46,47,10
37|145|12,13,9;18,19,15;25,27,12;41,42,10
37|146|5,7,8;30,36,1;36,40,1;40,42,14;44,45,10
37|147|12,13,9;25,27,17;51,52,10
37|148|11,13,17;25,26,9;40,41,10
37|149|2,3,15;28,29,15;48,49,15;55,56,10
37|150|9,11,14;15,16,15;22,24,12;35,36,9;37,43,1;50,51,9;55,56,10
37|151|4,6,13;9,12,0;14,19,5;42,43,10
37|152|7,8,15;19,22,0;31,32,9;36,37,10
37|153|10,11,15;27,28,15;34,35,10
37|154|26,27,10
37|155|17,18,10
37|156|18,19,9;20,26,1;28,29,10
37|157|7,9,17;16,17,9;26,30,6;30,33,6;38,39,9;43,44,10
37|158|9,11,17;20,21,9;31,32,15;36,39,0;47,55,1;59,61,14;71,72,15;76,79,0;84,87,0;102,103,10
37|159|2,4,14;6,7,9;10,11,15;20,23,0;31,32,10
37|160|15,16,15;23,24,15;34,35,10
37|161|4,7,0;26,27,10
37|162|2,4,13;7,10,6;26,27,9;31,32,10
37|163|23,24,15;30,31,10
37|164|8,11,0;11,13,13;25,26,9;33,39,1;43,44,10
37|165|4,7,0;18,19,15;19,20,16;23,25,11;28,29,10
37|166|4,7,0;18,19,15;30,31,10
37|167|4,8,6;12,14,17;24,25,10
37|168|7,10,0;13,16,6;25,32,1;35,36,15;45,46,10
37|169|4,7,0;17,18,15;25,26,15;36,37,10
37|170|9,11,17;16,19,9;37,38,10
37|171|6,8,14;43,44,15;54,55,10
37|172|2,5,0;17,18,15;22,25,6;28,29,10
37|173|4,7,0;10,13,6;24,25,15;29,30,9;34,35,10
37|174|29,30,10
37|175|4,6,14;26,28,14;32,33,10
37|176|29,30,10
37|177|33,35,12;46,47,15;51,54,6;56,57,10
37|178|29,30,10
37|179|4,6,14;22,24,14;28,29,10
37|180|2,4,14;6,7,9;24,25,15;37,40,0;48,49,10
37|181|6,7,9;16,17,15;27,28,10
37|182|2,3,15;26,27,15;31,32,9;36,37,10
38|1|0,4,11;7,8,15;24,25,15;25,26,16
38|2|5,6,15;22,24,17;35,40,1;44,45,10;45,46,14
38|3|19,23,6;23,25,14;29,34,5;34,38,6;41,46,6;52,54,17;74,75,10
38|4|8,10,13;10,12,17;15,19,6;19,21,12;25,30,5;30,33,6;34,40,1;57,58,15;62,63,9;73,74,9;80,81,9;84,89,6;92,93,10;93,94,14
38|5|9,10,15;25,26,9;27,33,1;33,34,9;44,47,0;50,51,9;68,69,10
38|6|2,3,15;3,6,6;11,12,15;35,36,15;41,43,17;46,47,15;54,56,17;61,64,13;83,86,0;89,90,9;101,106,1;108,109,10;109,110,14
38|7|18,19,9;27,28,15;38,39,15;57,58,9;60,62,13;77,78,10
38|8|4,7,6;19,20,15;20,21,16;32,35,8;64,70,1;70,74,6;89,92,0;102,104,17;109,110,10;110,111,14
38|9|7,10,6;19,21,12;43,44,15;54,55,15;62,63,10;63,64,14
38|10|9,14,5;19,20,15;20,21,16;26,27,9;29,30,9;35,36,15;78,80,17;85,86,15;94,95,10;95,96,14
38|11|2,6,6;4,10,1;30,36,1;39,40,15;48,49,10;49,50,14
38|12|12,14,14;32,37,1;41,46,1;61,62,15;70,71,10;71,72,14
38|13|23,28,1;34,35,9;54,56,17;58,60,12;65,66,15;74,75,10;75,76,14
38|14|2,6,6;25,26,15;26,27,16;47,48,10;48,49,14
38|15|8,11,6;16,18,12;22,24,12;41,46,1;46,47,9;52,58,1;68,72,6;74,75,10;75,76,14
38|16|8,10,17;45,47,14;57,58,15;64,65,10;65,66,14
38|17|32,33,15;42,44,14;55,56,9;63,64,15;77,80,0;82,84,13;90,91,10;91,92,14
38|18|2,5,0;18,19,15;35,36,9;51,52,15;64,65,15;73,74,10;74,75,14
38|19|2,3,15;3,4,16;22,29,6;31,37,2;39,41,13;47,48,10;48,49,14
38|20|6,8,14;20,21,9;33,34,9;37,38,15;58,59,15;65,66,10;66,67,14
38|21|14,15,9;24,26,17;27,28,15;52,54,17;55,56,15;64,65,10;65,66,14
38|22|12,14,17;27,28,9;57,59,17;112,117,6;117,118,15;122,126,7;136,137,15;157,159,14;162,163,15;169,171,13;183,185,12;188,189,15;189,190,16;195,196,10;196,197,14
38|23|2,5,0;8,9,9;11,13,13;24,25,9;31,36,1;53,58,1;70,75,1;75,76,9;81,86,6;122,123,15;129,130,10;130,131,14
38|24|10,12,14;59,60,9;67,70,0;77,84,1;87,88,15;96,98,12;105,107,14;143,144,15;161,163,17;173,175,17;176,177,15;177,178,16;181,182,9;186,187,9;198,204,1;217,220,0;226,227,9;232,235,0;243,246,0;246,247,9;252,253,15;271,272,9;287,293,1;297,298,10;298,299,14
38|25|16,17,9;20,21,9;32,35,0;40,41,9;44,47,6;76,77,10;77,78,14
38|26|2,3,9;8,9,9;14,17,0;27,28,9;39,44,6;46,47,15;58,59,15;63,67,7;72,73,15;73,74,16;74,77,0;83,84,15;108,109,15;132,136,6;142,143,15;154,157,0;158,159,15;181,185,6;191,192,15;212,217,6;221,225,8;235,237,17;245,246,15;252,253,10;253,254,14
38|27|10,12,14;16,17,15;17,18,16;23,25,12;30,31,15;60,61,9;64,72,6;72,73,9;80,83,0;84,85,15;101,103,17;113,119,2;135,137,17;143,144,15;144,145,16;145,148,0;148,149,10
38|28|7,9,14;14,15,15;32,34,17;44,46,17;47,48,15;48,49,16;52,53,9;57,58,9;63,64,15;82,83,15;99,101,14;106,107,15;122,123,15;130,131,10
38|29|4,5,9;10,13,6;17,18,9;34,35,9;38,44,2;54,56,13;56,58,17;64,65,9;69,70,9;89,91,17;94,96,17;97,98,15;106,107,10;107,108,14
38|30|6,8,14;19,20,9;31,32,9;44,45,15;49,51,14;58,61,0;63,65,13;71,72,10;72,73,14
38|31|23,24,15;34,35,15;35,36,16;39,40,9;44,45,9;48,49,15;55,56,10;56,57,14
38|32|10,13,0;13,15,13;22,24,14;33,34,15;45,49,6;81,82,15;88,89,10;89,90,14
38|33|34,39,8;40,41,15;41,42,16;51,52,15;60,61,10;61,62,14
38|34|6,8,14;13,16,0;26,27,9;62,63,9;69,75,6;75,78,0;83,84,10;84,85,14
38|35|12,13,15;28,30,14;40,47,2;52,54,8;66,72,1;73,76,8;81,85,13;88,91,0;96,99,6;100,101,15;108,109,10;109,110,14
38|36|18,19,15;19,20,16;29,31,14;45,46,9;51,53,12;67,68,10;68,69,14
38|37|2,3,15;3,4,16;9,10,9;24,27,0;27,29,12;30,35,1;40,41,10
38|38|30,31,15;39,40,10;40,41,14
38|39|2,3,9;11,13,12;21,22,15;56,57,10;57,58,14
38|40|4,7,0;12,13,9;16,19,6;48,49,10;49,50,14
38|41|2,3,15;12,14,14;18,20,13;50,52,13;55,58,0;70,71,15;71,72,16;79,80,9;90,95,1;99,100,10;100,101,14
38|42|12,14,14;23,24,9;37,41,8;46,51,1;55,56,10;56,57,14
38|43|6,8,14;16,18,13;27,28,9;39,44,5;58,64,1;64,67,0;84,86,17;90,91,15;99,100,10;100,101,14
38|44|21,27,6;27,28,15;39,40,9;60,63,0;69,71,14;73,74,9;83,92,1;97,98,15;102,104,14;111,114,0;116,118,13;124,125,10;125,126,14
38|45|2,3,15;14,15,9;19,21,13;24,26,14;28,29,9;43,44,9;61,63,17;67,68,15;80,81,15;85,87,14;89,90,10
38|46|2,5,0;5,7,13;18,19,9;21,25,7;33,38,6;44,45,15;45,46,16;49,50,10
38|47|4,7,0;14,17,6;28,29,15;44,45,15;53,54,10
38|48|2,3,15;16,17,9;25,26,15;41,42,15;59,65,1;68,69,15;77,78,10
38|49|2,3,9;12,19,1;21,24,0;54,55,10;55,56,14
38|50|2,5,0;5,6,9;11,13,14;14,20,1;28,34,2;39,40,15;44,46,14;48,49,10;49,50,14
38|51|23,25,14;42,43,9;48,53,6;59,64,1;68,69,10;69,70,14
38|52|6,9,6;16,17,9;21,22,9;25,26,15;26,27,16;41,42,10;42,43,14
38|53|2,3,9;31,32,15;38,39,10;39,40,14
38|54|2,5,0;8,9,9;33,34,9;37,42,1;44,45,10;45,46,14
38|55|2,3,9;13,16,0;19,20,16;23,24,9;43,44,10;44,45,14
38|56|4,7,0;33,34,15;40,41,10;41,42,14
38|57|2,3,9;28,33,1;38,39,10;39,40,14
38|58|12,16,6;22,24,13;31,32,10;32,33,14
38|59|2,3,9;12,18,1;18,20,14;25,31,1;51,56,8;66,69,0;80,82,17;83,84,15;84,85,16;85,88,0;88,89,10
38|60|6,8,17;16,19,6;33,38,8;48,51,6;86,87,15;93,94,10
38|61|6,8,17;20,24,6;38,39,9;47,49,14;58,64,6;67,73,6;75,76,15;76,77,16;77,80,0;80,81,10
38|62|8,10,17;38,44,6;44,47,0;58,63,5;66,67,15;75,76,10
38|63|11,12,9;50,51,15;55,57,14;59,60,10
38|64|2,5,0;8,9,9;20,25,6;40,41,15;41,42,16;42,45,0;45,46,10
38|65|7,10,0;12,14,13;24,27,6;28,35,1;48,49,9;59,60,15;67,68,15;72,73,9;78,79,15;86,87,10
38|66|6,7,15;7,8,16;13,14,9;16,17,9;22,23,15;50,51,15;61,62,15;69,70,10
38|67|16,18,17;23,24,10
38|68|2,5,6;23,24,10
38|69|25,29,8;30,31,15;40,41,15;49,52,13;68,69,10
38|70|2,6,1;9,12,13;26,28,13;31,34,0;36,38,13;52,58,1;60,61,10
38|71|27,29,12;38,41,0;45,46,9;49,53,8;57,64,1;64,68,6;68,69,10
38|72|19,20,9;40,45,2;57,59,17;64,65,9;68,69,9;73,74,10
38|73|9,10,15;16,18,12;37,39,14;43,44,10
38|74|5,7,13;10,12,14;18,19,15;43,44,15;48,49,9;53,54,10
38|75|8,10,13;12,14,14;35,39,6;56,58,14;95,98,6;104,105,15;112,113,10
38|76|18,24,1;35,37,14;45,50,1;52,57,1;61,63,14;67,68,9;71,75,6;75,76,10
38|77|8,9,15;13,15,14;28,31,0;38,39,10
38|78|4,7,0;25,27,13;42,43,15;43,44,16;47,48,10
38|79|16,19,6;23,25,13;42,44,14;48,49,10
38|80|10,13,0;21,22,15;26,29,6;31,32,10
38|81|14,15,15;19,21,14;24,25,15;33,34,10
38|82|30,33,0;40,42,14;46,47,10
38|83|26,27,15;37,38,10
38|84|8,9,15;19,20,15;32,33,10
38|85|10,13,0;18,21,0;26,29,6;34,37,0;37,41,6;59,61,14;65,66,10
38|86|7,9,13;40,42,14;43,48,1;50,52,13;65,66,15;79,80,10
38|87|22,28,2;32,33,9;37,38,10
38|88|12,15,0;24,25,9;35,36,10
39|1|2,5,6;9,10,15;16,17,9;25,26,15;33,34,15;44,45,15;51,52,10
39|2|2,5,0;5,7,13;10,13,6;17,19,13;29,30,15;36,37,9;42,43,15;53,54,15;61,62,15;76,83,2;86,87,15;87,88,16;91,92,10
39|3|14,15,15;15,16,16;23,24,15;38,39,15;48,49,15;57,59,17;62,66,6;71,73,13;82,84,12;125,127,13;134,135,15;148,151,13;154,157,0;158,159,15;223,226,0;227,228,15;259,260,9;263,268,6;271,272,10
39|4|14,15,15;24,28,1;41,48,2;48,49,15;60,63,0;82,84,12;91,93,14;95,96,9;100,103,9;109,110,15;117,118,15;122,123,9;128,129,15;136,137,10
39|5|7,8,15;8,9,16;14,15,9;17,18,9;23,24,15;35,36,15;56,57,15;71,72,15;72,73,16;73,76,0;94,95,15;95,96,16;96,99,0;111,112,15;132,133,15;133,134,16;144,145,15;160,165,1;165,167,14;178,184,1;186,189,0;204,205,15;215,216,15;223,224,10
39|6|8,13,5;13,18,1;21,26,1;26,27,9;32,37,6;37,40,0;70,73,6;80,85,5;88,89,15;97,98,9;105,106,9;119,120,9;121,128,1;153,156,0;158,159,9;171,178,1;179,182,8;193,198,6;206,207,9;208,213,6;215,216,9;217,224,6;224,225,9;232,233,15;255,256,15;269,271,13;276,277,9;298,301,0;312,313,10
39|7|2,6,6;13,15,17;20,23,0;24,25,15;42,45,6;77,78,15;93,97,6;104,106,17;146,151,1;169,172,0;187,192,5;216,220,7;226,229,6;248,251,0;253,254,9;261,265,8;272,273,15;273,274,16;279,280,10
39|8|16,17,15;21,24,6;24,25,9;32,37,6;48,49,9;70,73,0;89,90,9;98,104,1;128,130,14;132,134,13;134,136,17;148,152,6;152,154,14;176,179,6;181,188,2;198,202,6;209,212,9;252,255,0;269,270,9;273,274,15;274,275,16;275,278,0;278,279,10
39|9|2,5,0;15,16,9;26,28,12;31,32,15;46,52,1;54,56,12;59,65,1;72,73,15;93,95,17;112,113,9;190,193,0;211,213,17;216,218,17;228,229,10
39|10|7,8,9;16,17,15;34,36,17;37,38,15;44,46,17;79,81,17;88,89,9;94,95,15;95,96,16;112,119,1;126,127,15;136,137,9;148,151,0;164,165,15;165,166,16;169,170,9;180,182,14;186,190,7;201,202,10;202,203,14
39|11|7,10,0;10,12,13;36,37,15;51,58,2;61,62,15;62,63,16;66,67,10
39|12|34,35,15;45,46,10
39|13|7,10,0;10,12,13;61,62,10
39|14|5,6,15;29,36,2;38,39,9
39|15|2,3,15;10,12,17;23,28,5;28,32,6;37,40,9;48,51,0;52,53,15;57,58,9;66,67,15;82,84,13;84,86,17;89,92,6;120,121,15;127,128,9;143,144,9;154,155,15;167,168,15;174,175,10
39|16|4,9,5;9,13,6;27,33,1;36,37,15;37,38,16;38,41,0;49,53,6;67,74,6;74,75,9;90,91,15;102,103,9;113,114,9;119,120,9;130,131,15;136,137,10
39|17|2,3,15;12,13,15;13,15,14;22,24,17;25,26,15;26,27,16;30,31,9;39,43,1;63,65,13;65,67,17;74,75,15;89,90,15;117,118,10;118,119,14
39|18|24,25,15;59,61,13;66,68,17;70,72,12;77,78,15;92,93,9;98,99,15;112,114,17;116,118,12;130,132,17;135,137,17;138,139,15;147,148,10;148,149,14
39|19|33,34,15;50,53,6;56,59,6;64,68,6;70,71,15;71,72,16;72,75,0;75,76,10
39|20|2,3,9;8,9,15;18,19,15;26,28,17;51,57,1;57,61,6;74,80,1;80,82,14;88,93,6;93,95,14;101,105,6;113,114,15;122,123,9;135,136,15;158,159,15;166,167,15;174,175,10;175,176,14
39|21|14,17,0;18,19,15;28,31,6;39,40,15;40,41,16;46,48,12;53,55,12;56,61,6;69,70,9;75,76,9;86,87,15;98,101,0;115,116,9;122,129,1;145,146,9;150,151,9;154,157,0;173,174,9;185,191,6;191,194,0;197,199,14;205,206,9;211,212,9;220,223,0;230,231,9;251,253,17;257,258,15;266,267,10;267,268,14
39|22|6,10,6;15,16,15;25,27,14;31,32,9;43,44,9;65,71,1;71,76,2;81,82,9;92,98,2;102,103,9;119,124,5;124,128,6;133,134,15;145,147,17;149,151,12;164,165,9;166,172,1;174,175,10
39|23|25,26,15;40,41,9;42,49,1;53,54,9;57,64,1;74,76,14;99,100,15;132,135,0;184,185,15;196,197,9;208,209,15;228,229,9;232,236,1;238,240,12;249,253,1;260,261,15;278,279,9;287,288,10;288,289,14
39|24|6,10,1;21,23,14;27,28,9;31,33,12;36,37,15;54,55,15;61,62,9;79,80,16;83,84,9;98,100,17;107,110,6;121,122,10
39|25|8,9,15;20,24,6;24,26,14;40,41,9;46,47,15;81,82,10
39|26|14,15,15;22,23,15;36,37,15;43,44,17;44,45,9;48,49,15;49,50,16;73,74,15;107,109,17;118,119,10
39|27|6,8,14;13,15,14;21,22,16;22,25,0;35,36,9;40,41,15;55,59,6;68,74,2;95,96,10
39|28|38,44,2;61,62,10
39|29|7,8,15;20,27,2;30,36,6;46,48,12;57,58,9;73,79,6;82,89,2;125,126,15;175,176,10
39|30|2,5,0;14,19,1;21,24,0;26,31,5;36,37,10
39|31|2,5,0;8,11,0;23,24,15;30,31,9;38,41,6;62,63,10
39|32|20,23,0;23,27,6;38,39,15;58,59,15;59,60,16;63,65,14;75,77,12;81,83,13;103,106,0;114,121,2;125,126,9;130,131,10
39|33|2,3,15;12,14,12;19,20,15;20,21,16;24,26,14;43,45,13;50,52,17;54,56,12;66,67,15;76,77,10
39|34|4,9,5;15,17,12;25,28,6;43,44,9;53,55,12;58,59,15;69,70,10
39|35|12,13,15;38,39,15;53,55,17;60,62,14;73,75,14;79,83,7;92,93,15;106,108,17;117,118,10
39|36|9,10,15;27,29,14;33,36,9;56,57,15;68,72,6;77,80,9;85,89,1;96,97,15;114,115,9;123,124,10;124,125,14
39|37|4,8,1;13,14,15;31,32,9;35,40,1;57,58,15;73,78,6;80,81,15;81,84,6;86,87,10
39|38|6,10,6;18,23,5;33,34,15;34,35,16;40,41,9;43,44,9;49,50,15;68,71,0;72,73,15;99,104,5;108,110,14;118,122,6;126,127,15;151,152,15;174,177,0;180,181,9;185,186,9;196,198,13;233,236,0;245,246,9;259,260,9;277,278,15;308,309,15;322,323,10
39|39|7,8,9;15,16,15;23,25,17;49,52,0;56,57,9;60,67,6;82,83,10
39|40|2,6,1;20,25,1;58,64,1;66,67,10
39|41|2,5,0;5,7,13;10,13,6;28,29,15;35,36,9;41,42,16;42,45,0;51,52,15;69,70,15;91,94,9;99,103,6;111,114,0;142,144,13;147,150,6;159,163,7;167,168,10
39|42|19,20,15;24,27,6;48,49,15;96,97,15;121,122,15;142,143,15;151,154,13;159,162,13;168,174,1;176,179,0;185,188,0;195,196,9;207,208,9;209,215,2;220,225,1;234,235,10
39|43|5,6,15;14,16,17;19,23,6;27,28,15;41,43,12;68,70,17;93,99,1;111,112,10
39|44|13,14,15;14,15,16;20,21,9;32,41,2;43,44,9;52,53,15;53,54,16;59,60,9;62,63,9;68,69,15;82,85,0;103,104,10
39|45|15,16,15;32,33,15;53,54,15;81,82,15;122,126,6;131,133,13;151,153,14;157,158,10
39|46|5,6,15;6,7,16;12,15,0;24,25,15;25,26,16;31,32,9;34,35,9;40,41,15;52,53,9;58,59,15;70,71,15;71,72,16;77,78,9;85,88,6;129,131,17;148,149,10
39|47|9,12,0;31,33,17;42,43,15;58,64,1;72,73,9;80,81,9;84,85,15;93,95,17;100,101,9;104,108,6;108,110,12;113,114,15;131,132,15;138,139,9;158,163,5;166,167,15;191,193,17;204,205,10
39|48|38,40,17;53,58,5;66,68,17;73,74,9;87,88,10
39|49|14,15,15;19,22,6;22,23,9;30,35,6;44,47,0;63,64,9;74,80,1;80,83,0;93,96,0;98,100,13;111,112,9;125,131,8;147,152,1;154,155,9;157,160,0;186,187,10
39|50|2,4,14;14,15,15;26,30,6;30,32,14;43,45,13;61,66,5;74,76,17;85,86,10
39|51|37,41,17;44,45,15;61,63,17;71,73,12;77,79,12;119,121,17;130,134,7;142,143,10
39|52|17,19,13;19,21,17;24,27,0;28,29,15;38,40,14;45,46,15;46,47,16;59,63,1;65,67,12;74,76,14;85,88,0;95,96,9;107,108,9;109,115,2;120,125,1;131,132,10
39|53|9,10,9;20,21,15;39,41,17;46,49,13;52,55,6;68,70,14;75,77,17;80,85,2;92,93,15;104,107,0;108,109,15;125,126,15;126,127,16;149,152,0;154,155,9;161,162,15;172,173,15;173,174,16;179,180,10
39|54|9,11,13;11,13,17;42,44,17;49,50,9;53,57,6;57,59,14;64,68,1;79,80,15;92,95,0;102,105,6;107,108,10
39|55|2,3,15;10,12,13;12,14,17;26,28,13;31,34,6;45,50,5;50,55,2;60,65,5;65,69,6;69,71,14;76,80,1;91,92,15;109,114,1;116,119,6;134,135,10
39|56|2,6,6;17,22,1;22,23,9;61,63,8;65,66,15;77,81,6;81,84,6;92,93,15;93,94,16;97,98,9;102,103,10
39|57|20,23,0;24,25,15;37,38,9;46,49,6;55,56,15;65,66,10
39|58|25,26,15;43,46,0;57,62,6;75,76,15;86,87,10
39|59|9,11,14;14,16,12;28,29,9;40,42,14;53,54,15;71,74,6;80,81,15;85,86,9;90,91,10
39|60|9,10,15;16,17,9;28,29,15;45,47,17;54,55,15;71,76,5;105,108,0;116,123,2;136,137,10
39|61|11,12,15;19,20,15;29,30,15;37,39,17;72,73,15;73,74,16;77,79,12;101,102,10
39|62|10,11,9;27,34,1;57,62,1;64,65,10
39|63|5,6,9;18,19,15;19,20,16;25,26,9;28,29,9;34,35,15;48,49,15;65,67,17;76,77,9;80,81,15;90,92,17;94,96,12;106,107,15;111,112,9;116,117,10
39|64|16,17,15;32,34,11;34,37,0;37,39,13;58,59,15;63,64,9;68,69,10
39|65|6,8,14;34,35,15;46,50,6;50,52,14;85,88,0;109,112,0;118,119,15;123,124,9;128,129,10
39|66|5,6,15;15,16,15;20,22,14;27,32,1;35,36,15;36,37,16;40,41,9;45,46,10
39|67|13,15,17;16,17,15;32,34,14;38,39,9;42,43,15;58,64,6;64,66,14;72,73,9;81,82,15;88,89,9;96,97,15;97,98,16;103,104,9;106,107,9;112,114,14;119,120,9;121,125,8;135,136,9;141,143,14;145,146,9;150,151,9;158,159,9;166,169,0;179,180,10
39|68|13,14,15;14,15,16;33,37,6;39,40,15;40,41,16;46,47,9;49,50,9;57,61,6;63,64,15;82,86,6;86,88,12;91,92,15;103,106,0;148,153,1;153,156,6;158,159,10
39|69|13,14,15;49,50,15;56,57,9;64,66,17;66,68,12;73,74,15;74,75,16;75,78,0;97,99,12;119,123,7;151,152,10
39|70|23,29,1;70,71,10
39|71|8,9,15;24,26,13;26,28,17;40,43,0;61,64,13;73,75,12;93,95,14;97,98,9;129,131,13;155,161,1;161,164,6;193,194,9;211,214,6;228,230,12;246,247,9;259,261,17;273,274,9;296,297,15;313,314,15;318,319,9;323,324,10
39|72|6,7,15;7,9,14;13,15,13;15,17,17;20,22,14;24,25,9;32,35,0;40,41,9;75,76,15;89,90,10
39|73|8,9,15;18,19,15;26,28,17;45,46,15;50,53,0;71,74,13;83,85,12;105,107,14;109,110,9;147,148,9;164,166,14;173,174,15;174,176,14;187,188,9;192,193,10
39|74|8,10,17;11,12,15;29,30,15;55,56,9;71,72,15;98,99,15;103,106,0;120,122,12;138,140,14;143,144,15;148,149,9;153,154,10
39|75|8,9,15;15,17,12;26,28,11;47,48,15;108,112,7;112,113,15;129,130,15;153,154,15;158,159,9;163,164,10
40|1|1,3,11
40|2|2,5,6;9,10,15;16,17,9;25,26,15;33,34,15;44,45,15;51,52,10
40|3|8,9,15;9,10,16;14,16,8;28,29,15;29,30,16;46,47,15;61,62,15;62,63,16;75,77,13;82,83,9;109,110,15;116,117,10
40|4|8,9,9;16,18,13;24,25,9;28,29,15;43,44,15;60,62,17;98,99,15;105,106,10;106,107,14
40|5|12,14,14;32,37,1;37,38,15;53,56,8;72,75,0;86,89,0;90,94,8;127,128,9;133,135,17;138,139,15;143,144,9;153,155,14;160,162,17;168,169,15;213,214,10;214,215,14
40|6|6,7,9;43,44,15;59,61,13;61,63,17;66,69,0;80,81,9;84,85,15;85,86,16;86,89,0;89,90,10
40|7|22,23,15;47,48,9;99,100,9;138,140,17;170,176,2;181,186,1;191,197,6;197,198,15;222,224,17;227,228,15;236,238,17;266,267,15;273,274,10
40|8|13,15,14;26,29,0;29,30,9;35,37,14;40,41,15;52,53,3;65,69,6;84,86,12;101,102,9;119,120,9;131,134,0;139,142,6;143,144,15;154,155,15;161,162,10
40|9|9,10,15;10,11,16;30,34,6;37,38,15;38,39,16;61,66,6;68,70,14;81,84,9;89,90,9;100,101,15;110,111,15;117,118,10
40|10|2,5,0;6,7,15;23,25,17;42,44,14;47,48,15;66,71,1;71,73,14;82,85,6;99,101,14;114,115,15;122,123,9;136,137,10
40|11|6,8,17;16,18,13;30,31,15;58,59,15;72,73,15;118,124,1;124,128,6;130,131,10
40|12|2,3,9;7,11,7;13,16,0;18,20,13;34,35,15;50,51,9;69,73,1;84,85,9;95,99,17;102,103,15;120,121,15;131,132,15;138,139,10
40|13|5,6,15;28,29,9;33,34,9;51,56,5;59,60,15;60,61,16;66,68,12;76,84,1;109,113,1;115,116,10;116,117,14
40|14|2,3,15;3,5,14;8,10,17;11,12,15;36,37,15;37,38,16;59,60,15;64,65,9;69,70,10
40|15|8,9,15;9,10,16;17,18,9;25,26,15;43,44,15;44,45,16;65,66,9;76,80,1;82,84,12;101,102,9;107,110,6;120,121,15;121,122,16;127,128,10;128,129,14
40|16|9,13,7;13,14,9;43,44,15;65,73,2;78,79,15;88,89,15;108,109,15;113,114,9;119,120,15;127,128,10
40|17|12,14,14;30,34,8;61,62,15;75,78,0;79,80,15;95,96,15;102,103,10;103,104,14
40|18|4,7,6;21,22,15;70,71,9;91,92,9;111,116,1;126,131,1;133,134,10
40|19|11,13,12;20,21,15;46,47,15;47,48,16;53,54,10
40|20|2,3,15;12,14,14;20,21,15;33,34,15;45,47,14;55,59,6;64,65,9;72,74,14;93,96,0;97,98,15;110,111,15;111,112,16;121,122,15;128,129,10
40|21|19,21,17;26,27,15;40,43,6;46,48,17;64,65,9;72,73,15;88,90,17;93,97,6;97,99,14;114,116,17;145,150,1;157,163,6;165,166,15;188,189,15;226,231,5;234,235,15;244,248,1;248,249,10;249,250,14
40|22|2,3,9;12,15,0;48,52,7;52,53,15;62,63,9;75,77,17;91,92,15;103,106,0;108,109,9;116,121,6;127,128,15;134,135,10;135,136,14
40|23|6,8,14;37,38,9;52,53,9;54,60,1;62,63,10
40|24|22,23,9;25,26,9;33,34,9;48,50,17;53,54,9;57,62,6;65,66,10;66,67,14
40|25|4,7,0;11,13,12;17,21,7;21,22,15;37,40,6;50,52,17;53,54,15;54,56,14;60,62,13;62,64,17;67,69,14;71,73,12;76,77,15;94,96,17;103,104,9;107,108,15;117,119,17;124,126,12;148,149,15;153,154,9;177,178,10
40|26|26,28,13;31,33,14;52,54,14;64,68,13;71,74,0;74,76,13;87,91,1;116,120,1;131,132,15;141,142,15;148,149,10;149,150,14
40|27|13,16,13;19,22,0;49,54,5;54,58,6;72,78,2;98,99,15;105,106,10;106,107,14
40|28|13,19,1;24,30,1;64,65,9;69,71,13;76,78,14;96,100,1;114,115,15;126,128,14;131,133,12;137,141,7;141,142,15;151,152,9;157,162,2;176,180,1;185,186,9;189,195,6;212,213,9;220,224,1;233,239,1;241,243,14;245,249,7;254,255,15;277,280,0;281,282,15;318,323,6;326,327,10;327,328,14
40|29|2,3,9;17,18,15;27,28,15;39,40,9;52,53,15;66,70,1;70,73,6;82,85,8;91,92,15;101,105,6;105,107,12;134,136,13;156,158,13;170,172,13;200,201,15;201,202,16;207,208,10;208,209,14
40|30|8,9,15;14,16,13;27,28,9;37,40,0;40,42,13;59,64,5;76,77,15;85,86,10;86,87,14
40|31|25,30,1;34,39,1;49,50,15;62,65,8;83,84,15;104,111,2;117,118,10;118,119,14
40|32|4,5,9;14,17,0;17,19,13;46,47,15;47,48,16;53,54,10;54,55,14
40|33|20,22,14;38,43,5;46,47,15;65,72,1;74,78,1;85,86,15;103,104,9;112,113,10;113,114,14
40|34|6,8,14;11,13,12;30,34,6;34,36,14;41,42,15;51,52,9;78,84,1;84,87,0;91,93,12;97,101,7;103,106,9;112,115,13;140,144,1;144,146,14;151,152,15;162,165,8;172,173,9;180,188,6;190,191,9;204,205,15;229,235,1;239,240,10;240,241,14
40|35|14,15,9;25,27,13;33,34,9;37,38,15;60,61,9;69,70,9;86,88,14;94,97,6;98,99,15;110,113,6;114,115,15;132,136,17;141,142,9;149,151,14;156,157,15;194,199,6;202,203,10
40|36|21,22,9;24,25,9;27,28,9;31,32,15;32,34,14;46,53,2;58,60,13;63,65,14;70,71,15;79,80,10;80,81,14
40|37|6,7,9;10,11,15;11,12,16;17,18,9;20,21,9;40,43,13;48,49,9;64,67,0;75,78,0;80,81,9;84,85,9;88,96,1;100,101,9;129,131,12;142,143,9;157,158,15;158,159,16;209,210,10;210,211,14
40|38|8,9,15;14,16,13;27,28,9;35,36,15;66,67,15;67,68,16;73,74,10;74,75,14
40|39|2,3,9;12,15,0;21,22,9;27,28,15;34,35,17;35,36,9;39,40,15;40,41,16;54,55,9;56,61,1;63,66,0;67,68,15;97,98,10
40|40|20,25,6;31,33,14;35,38,13;74,75,9;78,85,1;85,89,6;101,104,6;121,126,6;128,130,17;132,134,12;141,143,14;151,152,15;156,159,0;194,195,10;195,196,14
40|41|6,7,9;20,22,13;25,27,14;41,42,15;42,43,16;43,46,0;48,49,17;49,50,9;57,59,14;66,68,13;75,76,15;76,77,16;77,80,0;80,81,10
40|42|2,4,14;26,27,15;49,50,9;70,71,9;77,82,1;91,93,14;107,108,15;118,119,15;126,127,10
40|43|13,16,0;22,24,14;31,33,13;54,55,9;63,68,6;70,71,15;71,72,16;91,92,15;107,110,0;120,122,13;141,144,0;171,172,9;177,180,0;180,181,10
40|44|18,20,13;56,58,13;65,66,15;77,80,0;81,82,15;95,99,8;100,101,15;107,108,10;108,109,14
40|45|7,8,9;11,12,15;42,46,17;77,79,12;82,83,15;89,90,10;90,91,14
40|46|1,2,16;2,5,0;37,43,1;49,57,1;72,73,15;73,74,16;85,87,14;91,93,13;93,95,17;121,122,15;128,129,10;129,130,14
40|47|13,15,11;26,27,15;27,28,16;28,31,0;45,46,15;46,47,16;54,56,12;58,60,17;72,73,15;83,85,13;85,87,17;90,93,0;97,100,0;114,120,6;127,130,6;130,135,5;145,148,0;156,163,1;166,167,15;167,168,16;168,171,0;171,172,10
40|48|6,7,15;16,17,15;27,29,13;29,31,17;34,37,0;43,48,6;51,53,13;56,59,0;60,61,15;70,72,14;87,88,15;94,95,10;95,96,14
40|49|8,9,15;22,23,15;23,24,16;24,27,0;46,49,0;52,53,15;53,55,14;58,60,17;83,86,0;93,100,1;103,104,15;110,111,10;111,112,14
40|50|5,7,13;7,9,17;44,48,7;48,49,15;58,59,9;70,72,17;88,90,17;93,94,15;94,96,14;99,103,17;114,116,12;118,120,17;121,122,15;126,127,9;150,151,10
40|51|2,5,0;11,14,6;29,30,15;47,49,17;54,55,15;61,62,17;62,63,9;66,67,15;67,68,16;94,95,15;103,104,10;104,105,14
40|52|13,16,6;19,20,15;20,21,16;24,25,9;59,60,15;60,61,16;82,84,12;87,88,15;88,89,16;92,93,10
40|53|6,8,14;27,28,15;55,57,13;64,66,12;72,73,15;79,80,10;80,81,14
40|54|3,9,1;22,24,17;28,29,15;37,38,10;38,39,14
40|55|2,3,15;12,15,0;23,24,15;35,40,1;40,41,15;57,59,8;92,93,15;105,106,15;110,112,14;114,115,10
40|56|2,5,0;6,7,15;20,21,9;31,33,13;39,40,9;43,44,15;66,67,9;75,76,9;85,89,6;112,114,14;115,121,1;125,129,7;131,132,9;144,145,15;156,157,15;168,171,0;173,174,9;180,181,15;181,182,16;191,192,15;198,199,10
40|57|9,10,15;10,11,16;16,17,9;19,20,9;25,26,15;56,57,15;57,58,16;58,61,0;69,70,9;72,75,0;85,86,15;86,87,16;87,90,0;106,107,10
40|58|16,17,15;30,31,15;43,44,15;61,63,17;73,75,17;76,77,15;77,78,16;81,82,9;86,87,9;96,97,15;103,105,12;116,123,1;136,137,10
40|59|2,5,0;6,7,15;7,8,16;26,32,2;52,53,9;55,58,0;70,73,0;89,90,10
40|60|18,19,15;19,21,14;26,28,13;37,39,14;51,54,0;55,56,15;101,103,14;115,118,0;128,129,10
40|61|8,9,15;30,31,15;50,52,17;61,62,15;62,63,16;63,66,0;74,76,14;86,89,0;90,91,15;117,118,15;118,119,16;119,122,0;130,131,9;133,136,0;146,147,15;147,148,16;148,151,0;167,168,10
40|62|2,3,9;10,11,15;30,31,9;47,53,2;53,55,13;60,61,9;82,85,0;96,97,10
40|63|4,5,9;19,20,15;35,37,17;46,47,9;50,51,15;60,62,14;66,67,10
40|64|8,9,15;30,31,15;46,52,1;52,53,15;53,54,16;59,61,12;68,70,12;71,76,1;120,125,5;128,129,15;129,130,16;138,139,9;146,147,9;154,155,15;186,187,15;200,201,15;205,206,9;210,211,10
40|65|5,6,15;16,18,13;23,24,9;41,42,15;42,44,14;67,68,15;68,69,16;78,79,15;102,103,15;107,108,9;112,113,10
40|66|9,12,0;36,37,15;48,50,14;58,62,6;66,67,15;76,79,0;83,85,12;92,93,15;102,103,9;108,113,2;151,152,15;156,157,9;161,162,10
40|67|5,6,15;21,26,5;26,30,6;34,39,6;39,42,0;45,50,1;50,52,14;55,60,6;60,63,0;76,81,6;81,84,0;103,109,6;109,112,0;117,119,14;123,125,13;125,127,17;142,145,0;156,158,17;165,173,1;175,178,6;178,183,5;183,187,1;199,203,6;203,205,14;216,218,14;222,224,13;224,226,17;232,239,1;241,245,0;243,249,1;269,270,10
40|68|5,6,15;19,20,9;45,48,13;54,60,6;62,65,0;81,82,9;85,89,6;93,94,10
40|69|18,19,15;32,33,9;43,45,13;51,52,9;55,56,15;65,68,0;79,80,10
40|70|18,20,17;23,24,15;30,31,9;40,42,13;59,60,9;90,91,10
40|71|5,6,15;14,15,9;20,22,13;29,30,9;39,40,15;40,41,16;46,47,9;60,61,10
40|72|4,5,15;17,20,0;25,26,15;26,27,16;27,30,0;42,43,10
40|73|2,5,0;32,35,6;46,47,10
40|74|2,6,6;10,11,15;26,28,17;35,37,17;40,43,0;59,64,1;64,66,14;69,71,17;74,78,6;78,80,14;89,97,6;99,100,9;113,114,15;121,122,15;126,127,9;131,132,10
40|75|2,3,9;7,11,7;17,20,6;39,40,15;58,59,15;77,80,6;91,92,10
40|76|1,3,14;7,9,13;9,11,17;14,16,14;18,19,9;26,29,0;34,35,9;69,70,15;83,84,10
40|77|2,3,15;12,15,0;23,24,15;35,42,6;44,47,0;55,58,0;68,69,15;103,106,0;129,130,10
40|78|6,8,14;26,33,1;33,37,6;37,39,14;50,55,5;55,59,6;84,89,5;89,94,2;99,101,14;141,145,1;179,180,15;199,201,12;211,212,15;228,229,15;256,257,15;261,263,14;267,268,10
40|79|8,9,15;30,31,15;39,40,9;54,56,17;83,84,10
40|80|20,21,9;32,34,14;39,41,17;58,63,6;97,98,15;115,116,10
40|81|17,18,9;22,23,9;37,38,9;41,42,15;51,54,6;56,57,10
40|82|17,19,17;24,25,15;38,41,6;44,46,17;62,63,9;70,71,15;82,86,6;86,88,14;102,104,13;104,106,17;141,146,1;153,159,6;161,162,15;175,177,13;193,198,5;206,208,17;217,218,10
40|83|4,7,0;11,13,12;30,34,7;34,35,15;44,45,9;55,57,17;66,69,6;71,76,5;79,80,15;101,106,5;114,116,17;121,122,9;135,136,10
40|84|4,7,0;15,17,17;33,35,13;35,37,17;43,46,0;50,51,15;66,67,9;88,91,0;97,98,9;107,108,10
40|85|14,17,6;29,30,9;39,42,0;50,52,17;67,70,0;73,74,15;81,82,15;91,93,14;114,115,9;137,138,15;142,143,9;147,148,10
41|1|1,3,11
41|2|2,5,6;7,13,1;16,17,15;17,18,16;25,26,9;29,30,15;30,31,16;36,37,10
41|3|4,5,9;6,11,6;24,25,9;29,30,9;50,57,2;62,67,1;73,74,10
41|4|6,12,1;18,24,6;65,66,10
41|5|8,10,17;24,26,13;31,34,0;35,41,1;41,44,0;48,50,14;55,57,13;71,73,13;88,90,14;91,96,1;99,102,8;128,133,6;133,134,15;143,146,0;152,153,9;157,158,10
41|6|7,10,0;12,14,13;27,33,1;47,50,13;61,64,0;66,68,13;73,74,9;85,86,9;87,92,1;92,93,9;96,101,6;101,102,15;111,113,13;113,115,17;127,128,15;151,157,2;167,168,10
41|7|24,25,15;25,26,16;31,32,17;32,33,9;40,44,7;44,45,15;63,64,9;68,69,10
41|8|2,5,0;6,7,15;24,26,17;36,38,17;39,40,15;40,41,16;44,45,9;49,50,9;62,64,14;80,81,10
41|9|11,14,0;35,36,15;50,51,15;79,81,14;93,95,13;98,101,6;103,111,6;111,112,9;123,124,15;128,129,9;133,134,10
41|10|20,21,9;28,32,6;44,45,9;72,74,13;77,79,14;81,82,9;90,92,13;111,116,6;118,120,12;121,127,2;127,128,16;131,133,12;137,138,10
41|11|2,5,0;6,7,15;13,16,13;23,24,15;24,25,16;30,32,12;48,53,6;78,79,15;105,111,6;116,118,13;131,133,12;137,138,10
41|12|7,8,9;10,13,0;16,18,14;25,26,9;30,35,6;73,75,12;97,100,0;102,103,15;103,104,16;109,111,12;114,115,15;115,116,16;131,132,9;145,153,6;153,154,9;161,163,14;169,170,15;180,181,15;187,188,10
41|13|16,18,17;28,31,6;42,43,9;48,54,1;61,62,9;73,78,1;82,83,10;83,84,14
41|14|7,9,12;18,19,15;19,20,16;31,34,8;85,87,13;87,89,17;97,98,15;113,115,17;123,125,12;141,144,6;151,153,12;158,163,6;165,168,0;174,176,13;187,191,7;193,194,9;197,198,9;202,203,10
41|15|4,7,0;13,18,6;18,19,15;30,32,17;37,38,15;56,57,15;73,75,17;91,94,0;121,123,17;126,129,0;130,131,15;138,139,15;185,192,1;198,200,17;209,210,9;218,220,14;224,225,10
41|16|29,35,6;40,46,6;46,48,13;56,62,1;68,74,2;94,95,15;108,109,15;115,116,17;116,117,9;120,121,15;121,122,16;145,146,15;181,184,6;186,187,10
41|17|4,7,0;27,28,9;35,36,15;46,48,17;49,50,15;65,66,15;92,93,9;100,101,15;111,112,15;132,134,17;143,144,10
41|18|13,14,15;31,33,17;42,44,17;52,53,10
41|19|24,26,12;29,30,15;43,44,15;44,45,16;45,48,0;66,67,10
41|20|5,8,13;21,23,12;63,65,14;67,68,9;86,90,7;100,102,17;111,112,10
41|21|8,10,17;34,35,3;58,60,13;60,62,17;65,68,6;74,75,15;82,83,15;88,90,13;93,96,6;110,115,1;145,150,1;167,168,10
41|22|8,11,6;30,34,1;67,69,13;72,74,14;76,77,9;106,107,9;109,113,6;115,118,6;123,126,0;127,128,15;154,161,1;161,164,0;174,175,10
41|23|4,5,9;14,17,0;22,23,15;34,37,6;37,41,7;58,59,9;76,81,5;84,85,15;89,90,9;94,95,10
41|24|4,8,1;15,17,17;20,21,15;21,22,16;22,25,0;34,41,2;52,56,1;67,69,17;78,83,5;86,87,15;97,98,10
41|25|28,30,12;43,45,17;50,55,5;112,113,15;124,126,13;132,137,6;137,139,14;149,153,6;153,155,14;159,164,5;167,168,15;172,175,0;178,179,15;183,186,6;191,194,0;205,207,17;210,211,9;215,216,10
41|26|8,9,15;25,27,17;41,43,17;48,49,9;53,54,15;68,69,15;75,77,17;104,105,10
41|27|11,14,0;15,16,15;32,34,17;41,47,6;51,57,1;61,63,14;67,70,0;84,85,15;98,100,17;109,110,10
41|28|2,3,9;12,14,12;23,25,12;28,29,15;36,37,15;37,38,16;38,41,0;67,68,15;83,85,12;86,90,8;101,103,17;112,113,9;121,123,14;127,128,10
41|29|8,9,15;25,27,17;35,37,13;46,47,15;74,75,15;79,82,0;85,86,15;90,93,6;96,98,14;117,119,14;144,145,15;155,156,10
41|30|2,5,0;6,7,15;22,24,17;34,35,15;44,47,0;48,49,15;55,56,9;59,61,17;85,86,15;92,94,12;116,118,17;134,136,17;141,143,14;148,150,17;153,154,15;158,161,0;164,165,15;174,177,6;187,188,10
41|31|15,17,12;28,29,15;35,36,17;36,37,9;40,41,15;41,42,16;57,58,15;99,101,13;104,107,6;141,142,10
41|32|5,12,1;21,27,2;29,30,10
41|33|21,28,1;28,31,0;31,35,6;37,39,13;46,47,15;65,66,9;69,75,1;83,86,0;95,96,15;106,107,10
41|34|16,17,15;34,35,15;35,36,16;49,50,15;50,52,14;59,60,15;89,90,15;116,117,9;122,123,9;126,131,6;133,136,0;138,139,9;152,153,10
41|35|14,15,9;17,19,13;27,28,15;44,46,17;61,62,9;64,66,13;88,89,10
41|36|4,7,0;11,14,6;16,19,0;27,28,15;28,29,16;36,37,9;45,50,6;50,51,15;62,63,15;74,77,0;79,80,9;86,87,15;87,88,16;97,98,15;104,105,10
41|37|12,13,9;18,19,15;29,30,15;30,31,16;31,34,0;42,43,15;43,44,16;54,55,15;79,81,17;84,85,16;112,113,15;120,122,17;131,132,15;147,150,0;153,157,6;157,160,6;180,181,10
41|38|7,8,15;19,21,17;24,25,15;36,39,6;65,66,9;69,70,15;80,81,15;81,82,16;82,85,0;111,112,10
41|39|12,13,9;17,19,13;22,25,0;34,35,15;46,47,9;52,57,6;61,63,13;66,69,6;85,86,15;90,92,12;95,96,15;119,122,0;123,124,15;129,131,13;152,153,15;161,164,13;169,172,0;174,175,9;194,199,6;201,202,10
41|40|2,5,0;6,7,15;30,32,13;38,39,9;68,70,13;79,83,1;94,95,15;95,96,16;96,99,0;112,117,5;117,121,1;125,127,13;134,140,1;145,146,15;152,153,9;160,161,15;168,170,17;188,191,0;193,194,9;217,218,10
41|41|2,5,0;6,7,15;23,25,17;28,29,15;29,30,16;40,43,0;47,49,12;62,65,0;67,68,9;75,76,9;83,84,10
41|42|15,16,15;20,21,9;29,32,8;66,67,9;72,75,6;77,83,1;98,99,10;99,100,14
41|43|31,33,14;42,43,16;53,57,6;57,59,14;68,71,0;95,100,1;116,117,10
41|44|15,16,9;40,47,2;53,55,17;79,80,9;84,86,13;101,106,1;114,121,6;148,150,17;154,160,1;164,166,12;167,174,1;174,175,15;202,204,13;220,222,14;223,228,1;254,256,17;258,260,12;279,284,1;288,292,8;295,296,10;296,297,14
41|45|6,8,14;27,28,15;34,35,9;40,41,15;75,80,6;89,94,2;126,129,0;144,150,1;159,160,10;160,161,14
41|46|15,16,9;19,25,6;35,38,9;50,52,12;90,91,9;92,98,2;104,105,10;105,106,14
41|47|26,27,15;27,28,16;56,60,6;64,65,9;66,72,1;110,113,6;146,149,9;185,187,12;196,198,13;198,200,17;206,209,0;209,210,9;219,222,0;226,230,6;232,233,10;233,234,14
41|48|14,19,5;27,29,17;32,34,14;42,46,6;46,48,14;57,60,0;61,63,17;72,77,5;77,82,1;84,85,10
41|49|15,16,15;20,23,6;23,24,9;29,33,6;35,37,12;40,41,15;54,59,1;65,66,15;66,67,16;83,88,6;90,91,10;91,92,14
41|50|13,15,14;17,18,9;28,34,1;34,37,0;42,45,8;56,58,12;80,83,0;86,87,9;99,101,13;106,109,0;110,111,15;111,112,16;123,125,12;130,135,1;139,144,2;163,165,13;168,171,0;178,181,6;183,184,9;213,216,0;217,218,15;234,236,17;250,252,17;264,267,0;269,274,5;289,290,10
41|51|6,8,13;27,28,15;32,35,6;35,36,9;68,69,9;86,87,15;87,88,16;105,107,12;114,115,10
41|52|20,24,6;35,38,6;39,40,15;49,52,0;61,65,7;67,68,9;84,87,0;105,109,8;112,113,10;113,114,14
41|53|17,18,9;28,29,15;43,45,13;48,51,6;87,90,0;132,135,0;137,138,9;157,162,6;164,165,10
41|54|4,6,13;9,12,0;28,34,1;34,39,2;41,43,12;62,64,13;67,70,0;72,73,9;87,93,1;95,96,10;96,97,14
42|1|1,3,11
42|2|0,2,11;2,4,11;4,6,11
42|3|4,5,9;15,17,13;35,36,15;47,51,6;51,53,14;58,59,15;66,67,15;77,78,15;84,85,10
42|4|4,5,9;14,15,15;15,16,16;21,22,9;24,25,9;38,39,15;57,58,15;68,69,15;75,76,10
42|5|8,9,15;9,10,16;15,16,9;18,19,9;38,42,6;48,53,0;56,57,15;63,65,12;126,130,6;132,133,15;148,150,13;153,156,0;157,158,15;170,171,15;181,182,15;182,183,16;188,189,10
42|6|2,3,15;12,13,15;21,23,17;26,30,6;35,37,13;46,48,12;51,52,15;82,84,13;87,90,6;99,103,7;107,108,10
42|7|6,7,9;22,24,13;53,60,2;62,65,6;70,73,0;74,75,15;105,108,6;118,119,15;153,158,6;160,161,15;165,168,0;179,184,6;186,187,15;187,188,16;193,194,10
42|8|9,11,12;14,15,15;37,40,0;41,46,1;46,47,9;52,57,1;59,60,9;62,66,1;66,68,14;75,79,1;81,83,12;100,101,9;106,107,15;107,108,16;111,112,9;128,133,5;133,137,1;141,146,1;154,155,10
42|9|5,6,15;14,16,17;19,23,6;28,30,13;39,41,12;48,49,15;61,62,15;86,87,15;123,128,6;130,131,10
42|10|6,7,15;28,32,6;35,40,6;48,50,13;57,58,15;69,70,9;77,78,15;128,129,10;129,130,14
42|11|8,9,15;9,10,16;15,16,9;18,19,9;24,25,15;47,52,5;57,60,6;73,74,9;75,81,1;86,87,15;95,96,9;105,106,9;107,115,1;151,152,9;158,165,1;170,171,15;171,172,16;181,182,15;188,189,10
42|12|4,5,9;17,18,15;18,19,16;24,25,9;27,28,9;33,34,15;47,49,14;54,55,15;55,56,16;68,72,1;74,76,12;83,85,14;94,97,0;99,100,9;120,121,10
42|13|13,18,5;21,22,15;22,23,16;46,47,9;52,58,1;58,59,15;64,66,13;77,79,13;110,112,13;115,117,14;119,120,9;143,146,13;162,164,17;165,166,15;166,167,16;192,194,17;216,217,15;237,239,14;258,259,15;268,270,14;274,276,13;288,292,1;294,296,12;307,309,13;321,325,1;327,328,10;328,329,14
42|14|15,17,13;17,19,17;30,33,8;45,47,12;54,55,15;69,74,8;103,108,6;117,122,2;132,135,13;141,147,1;149,153,0;151,158,2;182,185,0;186,187,15;204,206,17;207,208,15;214,215,9;221,224,8;244,250,1;259,260,10;260,261,14
42|15|6,7,9;14,15,15;15,17,14;24,25,15;38,40,13;74,76,12;97,100,6;105,107,13;110,113,6;116,117,15;126,130,6;132,133,9;134,141,1;174,175,15;209,211,13;218,219,9;240,241,9;287,288,15;297,299,14;327,328,15;334,335,10
42|16|2,3,15;16,18,11;29,30,15;40,43,8;53,54,15;68,69,9;94,97,6;126,131,1;144,149,6;151,152,10;152,153,14
42|17|8,9,15;14,16,13;19,22,6;25,26,15;32,33,9;38,39,15;49,50,15;71,73,14;87,88,15;88,89,16;102,103,10;103,104,14
42|18|19,20,15;55,56,15;73,75,17;112,115,0;119,120,15;134,136,13;139,142,0;143,144,15;168,169,15;169,170,16;189,190,9;191,195,8;198,199,10;199,200,14
42|19|14,18,8;28,29,9;41,45,1;47,49,12;61,62,15;72,73,15;79,80,10
42|20|2,6,6;25,26,15;41,43,14;48,49,9;62,63,9;70,74,6;112,113,9;132,133,9;152,157,1;159,160,10
42|21|18,20,12;22,24,17;32,34,17;39,44,5;47,48,15;48,49,16;72,75,8;79,80,15;108,109,15;144,147,0;148,149,15;149,150,16;153,154,9;181,182,10
42|22|6,7,15;7,8,16;11,12,9;34,37,0;46,48,17;62,66,8;76,77,15;94,96,17;106,108,17;109,110,15;110,111,16;114,115,9;119,120,9;137,138,15;142,145,0;155,160,5;166,168,12;176,179,6;194,195,9;205,206,15;215,216,15;222,223,10
42|23|2,3,9;8,9,15;26,27,15;44,45,15;62,64,17;74,76,17;77,78,15;78,79,16;82,83,9;87,88,9;100,102,13;128,130,14;141,142,15;158,159,15;176,180,1;180,182,14;196,202,1;204,206,14;211,212,9;232,235,0;236,237,15;250,255,6;257,258,10
42|24|16,17,15;32,33,15;45,53,6;55,59,1;64,65,15;108,109,15;116,117,15;121,122,9;137,138,15;154,155,9;159,161,13;166,169,0;171,172,9;179,183,8;190,191,15;191,192,16;197,198,10
42|25|7,8,15;17,19,14;24,25,15;25,26,16;50,51,9;61,63,17;69,70,15;70,71,16;107,108,10
42|26|14,15,15;32,34,17;44,46,17;47,48,15;48,49,16;52,53,9;57,58,9;72,77,5;77,81,6;87,88,9;93,94,15;98,99,9;120,125,6;127,128,10;128,129,14
42|27|16,17,15;24,25,15;25,26,16;45,46,9;55,57,17;62,63,15;76,77,9;79,83,1;98,104,1;110,112,12;119,122,0;124,125,9;137,138,9;145,149,8;152,153,10
42|28|7,8,15;25,26,15;38,41,8;58,60,17;65,68,6;81,82,9;92,93,15;103,104,15;110,111,10;111,112,14
42|29|12,13,9;17,18,9;26,27,15;27,28,16;33,34,9;36,37,9;42,43,15;75,79,6;79,81,11;85,92,1;125,127,12;134,135,10
42|30|4,6,13;11,12,9;16,21,5;21,26,1;32,37,6;73,75,17;78,82,6;84,85,10
42|31|4,6,13;9,12,6;12,16,7;32,33,15;54,59,5;59,63,6;67,68,15;77,81,1;85,90,1;98,99,10
42|32|12,13,9;18,19,15;33,34,15;45,46,15;54,55,10
42|33|2,6,1;20,21,15;21,22,16;67,69,13;74,77,0;84,85,9;96,97,9;98,104,2;117,122,6;124,125,10
42|34|10,12,14;14,17,0;31,33,17;45,49,6;51,52,10
42|35|11,12,15;25,26,9;36,38,13;44,45,9;59,64,5;64,69,1;71,72,10
42|36|4,6,13;15,20,5;20,24,6;27,32,6;36,37,9;40,41,15;47,48,17;48,49,9;52,53,15;53,54,16;73,76,6;77,78,15;90,95,1;97,99,14;123,125,17;156,157,10
42|37|2,3,15;14,16,14;30,32,12;37,38,15;49,50,15;56,57,9;81,83,17;97,98,10
42|38|2,3,15;12,13,15;23,25,17;48,50,17;51,52,15;52,53,16;58,59,17;59,60,9;99,102,0;108,110,14;112,113,9;120,123,6;125,126,10
42|39|2,3,15;16,18,13;31,32,15;48,51,6;55,56,10
42|40|6,8,12;10,12,17;21,26,6;32,38,1;76,78,14;82,83,9;90,91,15;102,105,0;107,108,9;121,122,15;122,123,16;126,127,9;131,132,10
42|41|9,10,15;10,13,6;33,34,9;39,41,17;43,45,12;62,67,5;67,71,6;73,74,10
42|42|2,5,0;9,10,15;10,11,16;26,27,15;48,49,15;49,50,16;50,53,0;61,63,14;73,74,15;92,93,15;105,107,17;109,111,12;135,136,10
42|43|6,10,6;26,29,0;32,33,9;52,53,15;59,60,10
42|44|4,8,1;15,16,15;33,34,9;37,41,1;45,51,1;52,55,8;62,65,9;74,75,15;75,76,16;79,80,9;90,93,0;101,103,17;104,105,15;144,150,1;150,154,6;156,157,10
42|45|7,8,9;37,38,9;51,52,15;52,53,16;62,65,6;73,77,6;88,95,1;101,102,15;118,120,13;120,122,17;125,128,0;129,130,15;134,135,9;143,144,15;159,161,13;161,163,17;166,169,6;197,198,15;204,205,9;216,218,13;221,224,0;225,226,15;226,227,16;230,231,9;249,255,1;257,258,10
42|46|16,21,5;32,34,12;39,42,6;49,54,5;54,58,6;62,63,15;76,80,1;87,88,15;105,106,9;109,113,6;115,116,10
42|47|11,13,17;23,28,5;28,32,6;32,34,14;39,43,1;55,61,2;75,76,9;82,83,15;100,105,5;105,110,1;115,120,1;127,132,1;140,145,5;145,150,1;152,153,10
42|48|16,18,17;23,25,13;36,37,9;83,84,15;90,91,9;100,103,0;103,105,13;110,112,13;117,119,14;123,124,15;128,131,6;131,132,9;137,140,0;149,154,6;171,175,6;177,179,14;192,196,8;227,230,0;231,232,15;236,239,6;239,240,9;247,248,10
42|49|16,17,15;17,18,16;23,24,9;26,27,9;32,33,15;61,63,12;79,83,1;85,87,12;94,95,9;96,102,1;113,117,1;119,121,12;124,125,15;125,126,16;131,132,10
42|50|27,33,1;37,38,9;39,47,1;49,51,14;58,62,1;64,66,12;82,85,0;87,88,9;95,100,6;102,103,10
42|51|25,29,1;39,40,15;69,73,1;75,77,12;108,114,6;132,133,9;142,144,12;151,154,0;156,157,9;170,171,10
42|52|6,7,9;22,24,13;38,45,1;66,69,6;72,74,14;82,83,15;89,90,9;99,100,15;107,108,9;115,116,9;118,122,6;128,129,9;136,143,1;153,154,9;157,162,1;164,166,12;191,194,0;205,207,13;219,220,9;221,227,1;233,234,10
42|53|4,5,9;8,9,15;16,17,15;28,29,9;38,39,15;39,40,16;45,46,9;48,49,9;62,63,15;78,80,13;87,88,15;103,104,15;110,111,10
43|1|1,3,11
43|2|2,3,15;9,10,9;13,14,15;20,21,10
43|3|2,5,0;15,16,9;25,26,9;38,45,2;63,64,10
43|4|4,7,0;9,10,9;13,15,13;18,21,0;22,23,15;29,30,9;57,58,10
43|5|15,18,6;21,22,15;22,23,16;41,45,6;45,48,6;56,63,1;69,70,10
43|6|21,26,1;30,35,6;37,38,15;47,48,10
43|7|15,20,5;20,25,1;44,46,17;51,52,9;65,66,10
43|8|12,14,13;29,33,7;33,35,14;36,42,1;56,57,15;66,67,10
43|9|6,10,6;18,23,5;33,34,15;34,35,16;40,41,9;43,44,9;49,50,15;68,71,0;80,83,0;84,85,15;95,96,15;102,103,10
43|10|22,23,15;37,43,1;69,76,2;94,95,10
43|11|2,3,15;23,24,15;24,25,16;30,32,12;37,39,12;40,44,8;50,55,6;57,60,6;70,71,9;79,85,1;88,96,6;98,99,9;112,113,10
43|12|2,3,15;17,18,15;26,27,9;52,57,5;60,61,15;72,73,15;81,82,9;97,98,10
43|13|10,11,9;11,13,17;30,31,9;34,37,0;47,49,17;75,76,15;108,110,17;113,115,14;117,118,9;121,122,15;145,146,9;158,161,0;167,168,9;171,173,14;177,178,10
43|14|4,7,0;7,9,13;30,33,6;37,38,10
43|15|9,11,17;16,17,9;32,33,9;46,49,0;50,51,15;55,58,6;58,59,9;70,76,1;78,79,10
43|16|5,6,15;16,19,0;36,41,1;48,49,9;51,55,7;55,56,15;62,63,10
43|17|24,28,7;41,42,16;49,50,9;58,64,6;70,72,14;76,77,9;86,92,1;101,102,10
43|18|6,10,1;17,19,17;24,25,15;47,48,15;69,70,10
43|19|9,11,17;12,13,15;19,21,12;28,29,15;47,48,9;51,52,15;52,53,16;60,61,9;68,69,9;84,86,17;115,116,9;136,137,10
43|20|8,10,17;18,20,12;23,24,15;24,25,16;32,33,9;44,46,14;48,49,9;51,58,5;64,68,7;70,71,9;115,116,10
43|21|14,15,9;24,25,9;26,33,1;33,37,6;37,39,14;43,44,9;49,53,7;55,56,9;69,70,10
43|22|10,12,13;12,14,17;17,20,0;26,28,14;30,32,13;38,40,12;50,53,13;56,59,0;60,65,1;67,70,0;76,79,13;85,86,9;90,95,5;101,102,10
43|23|6,7,9;14,16,13;31,35,6;35,37,14;53,59,1;59,64,1;94,96,13;99,102,0;108,110,14;112,114,13;120,122,12;132,135,13;138,141,0;142,147,1;149,152,0;158,161,13;167,168,9;172,177,5;177,179,14;183,184,10
43|24|4,5,9;25,29,7;40,43,0;49,50,3;70,72,12;86,88,13;88,90,17;93,96,0;102,104,13;115,119,7;121,122,9;125,126,9;130,131,10
43|25|2,3,15;3,6,6;27,28,15;28,31,6;49,50,9;57,58,15;69,70,10
43|26|15,17,14;19,20,9;46,48,13;51,54,0;62,64,12;65,71,1;71,74,0;84,85,10
43|27|7,8,15;29,32,0;34,35,9;44,45,10
43|28|19,23,8;30,35,6;45,46,9;67,68,10
43|29|17,19,12;23,25,12;35,37,12;54,56,12;63,64,15;80,86,1;88,89,10
43|30|4,7,0;11,13,12;20,21,15;35,37,17;40,41,9;50,55,1;57,60,0;66,67,9;70,71,9;75,76,10
43|31|8,10,17;29,30,9;34,35,15;59,65,1;68,69,15;88,89,10
43|32|9,11,14;63,68,5;84,85,15;91,92,17;92,93,9;96,97,15;97,98,16;144,149,6;153,154,9;155,161,2;179,183,7;186,192,6;198,206,1;228,234,1;234,237,0;241,243,14;247,248,10
43|33|8,10,13;13,17,1;23,24,15;24,25,16;25,28,0;34,37,0;38,43,1;43,44,9;49,55,2;69,73,1;82,83,15;83,84,16;91,92,9;114,121,1;121,125,6;129,134,1;162,163,10
43|34|18,20,14;22,23,9;24,30,1;58,59,10
43|35|9,17,1;19,23,6;29,30,9;37,40,0;46,47,9;50,51,15;57,58,17;58,59,9;62,63,15;63,64,16;77,78,15;91,94,6;114,115,10
43|36|4,8,1;15,19,6;24,25,15;25,26,16;33,34,9;51,52,9;59,60,9;61,67,6;76,77,9;82,83,10
43|37|4,7,0;34,35,15;35,36,16;61,64,0;66,71,5;77,78,10
43|38|5,8,13;17,19,12;33,34,9;67,68,15;92,93,15;99,100,10
43|39|4,8,1;8,11,6;18,19,15;30,31,3;46,49,0;58,59,15;79,80,10
43|40|6,9,6;19,20,15;20,21,16;24,27,0;41,42,15;55,59,6;71,72,9;73,79,1;81,82,10
43|41|4,7,0;17,20,0;30,33,0;41,46,5;46,49,6;53,54,10
43|42|11,14,0;17,18,15;29,31,14;33,34,9;43,46,0;56,61,5;61,63,14;69,70,10
43|43|2,3,15;16,17,15;22,24,13;46,49,0;63,64,9;65,71,1;77,78,10
43|44|4,7,0;9,10,9;18,24,2;60,61,10
43|45|29,33,6;33,35,14;42,47,2;53,55,13;70,74,6;78,79,15;79,80,16;87,88,9;99,104,1;110,111,10
43|46|6,8,14;37,38,9;42,44,13;71,73,17;75,76,9;87,90,0;106,107,15;111,112,9;116,117,10
43|47|4,7,0;11,13,12;17,21,7;27,28,9;32,34,13;43,48,5;62,63,10
43|48|13,18,5;77,78,9;80,84,7;84,85,15;115,116,10
43|49|8,10,17;13,15,13;23,24,15;24,25,16;34,35,15;35,37,14;69,72,6;77,80,0;94,95,10
43|50|4,7,0;28,29,15;52,55,6;57,58,10
43|51|33,34,9;43,44,9;82,83,9;88,89,15;97,98,9;103,105,14;111,115,6;119,121,13;134,136,14;140,141,10
43|52|17,23,1;28,29,9;33,34,15;52,57,1;73,74,10
43|53|8,10,13;38,44,1;44,48,6;60,62,12;72,73,15;79,81,12;90,92,14;98,99,10
43|54|2,3,15;21,22,9;40,43,0;54,56,17;62,68,6;68,69,9;73,74,10
43|55|4,7,0;7,9,13;22,23,15;23,26,6;51,53,14;55,56,9;63,65,14;69,70,10
43|56|10,11,9;21,27,1;32,39,2;47,48,10
43|57|6,9,0;18,19,15;19,21,14;70,71,10
43|58|7,9,13;9,11,17;16,17,9;77,84,8;106,107,10
43|59|19,21,14;55,56,9;64,71,2;75,77,13;84,86,12;88,89,10
43|60|11,13,12;30,33,6;33,38,5;40,42,12;47,52,6;54,55,15;72,73,10
43|61|4,7,0;9,10,9;18,24,2;24,25,16;48,51,0;60,61,15;76,77,9;85,86,9;87,93,1;99,100,10
43|62|13,16,0;21,22,15;22,23,16;30,31,9;38,41,0;43,44,9;58,64,1;66,67,10
43|63|4,7,0;11,13,12;26,27,15;36,37,9;48,50,14;59,63,7;63,64,15;93,97,7;102,103,15;134,135,15;141,143,17;144,145,15;161,162,10
43|64|2,5,0;6,7,15;40,41,15;55,56,9;64,65,9;66,72,1;78,79,10
43|65|2,3,15;12,13,15;28,31,8;50,56,2;72,74,17;99,100,10
43|66|7,10,6;23,24,15;24,25,16;36,40,6;48,52,7;57,62,1;79,80,10
43|67|10,12,12;24,28,8;62,63,15;72,73,10
43|68|2,3,9;33,34,15;47,49,13;52,55,6;66,67,10
43|69|18,20,17;29,30,9;44,46,17;55,56,10
43|70|1,3,14;8,10,17;11,12,15;16,19,0;24,27,6;38,39,9;54,55,10
43|71|16,20,7;26,32,1;32,36,6;39,44,1;52,59,1;82,83,15;87,90,6;103,104,15;121,124,6;136,137,9;141,142,10
43|72|9,10,15;14,17,0;20,21,15;26,28,13;53,56,6;67,68,10
43|73|16,17,9;22,27,6;33,39,1;53,54,10
43|74|2,5,0;6,7,15;11,13,14;37,40,0;45,46,9;50,51,10
43|75|38,40,14;44,45,10
43|76|14,15,9;24,25,9;27,31,6;35,37,17;43,44,15;44,45,16;48,49,9;53,54,10
43|77|9,11,17;14,15,9;17,18,9;27,29,14;60,63,0;65,70,5;70,71,9;75,76,10
43|78|4,6,14;13,14,9;16,20,7;20,21,15;33,34,9;36,39,0;65,66,9;70,71,10
43|79|7,9,14;13,15,13;15,17,17;23,29,6;31,34,0;38,40,14;44,45,10
43|80|19,22,0;51,53,14;56,57,9;59,65,7;101,102,10
43|81|7,11,6;17,18,16;25,26,9;34,39,6;54,55,15;59,60,9;64,65,10
43|82|2,4,14;6,7,9;16,17,15;17,18,16;23,24,9;26,27,9;32,33,15;48,49,15;60,63,0;71,72,10
43|83|19,21,17;33,35,17;48,49,9;52,54,17;66,67,15;81,82,10
43|84|7,8,15;19,20,15;20,21,16;26,28,12;35,36,9;37,42,1;46,47,15;60,61,9;62,69,1;74,75,15;85,86,15;92,93,10
43|85|12,13,15;24,25,9;33,34,15;34,35,16;40,41,9;43,44,9;49,50,15;81,84,6;86,87,9;95,96,15;96,97,16;125,126,10
43|86|15,16,15;27,29,14;37,41,6;47,48,15;48,49,16;54,55,9;69,73,6;80,81,15;104,105,10
43|87|6,10,6;18,23,5;46,49,0;50,51,15;64,67,0;78,79,10
43|88|9,10,9;13,14,9;22,25,0;28,30,12;34,36,12;44,50,2;60,61,10
43|89|2,3,15;30,31,9;32,39,6;54,55,10
44|1|1,3,11
44|2|2,3,15;9,10,9;13,14,15;20,21,10
44|3|2,5,0;5,7,13;10,13,6;17,18,9;32,38,1;40,41,9;52,55,0;59,62,0;66,69,6;71,72,10
44|4|33,34,10
44|5|5,12,1;17,20,6;22,26,13;29,32,0;36,39,0;49,50,10
44|6|7,13,1;13,18,2;28,31,0;33,34,9;40,41,15;41,42,16;51,52,15;58,59,10
44|7|6,7,15;7,8,16;13,14,9;16,17,9;22,23,15;48,50,13;55,59,6;59,62,6;62,67,5;72,73,10
44|8|2,4,13;9,10,9;31,32,9;68,70,12;77,78,15;87,88,10
44|9|18,23,1;29,30,10
44|10|2,3,15;9,11,14;27,28,15;28,29,16;34,36,12;47,53,1;55,56,10
44|11|8,9,15;9,10,16;10,13,0;21,22,9;38,39,10
44|12|10,11,15;20,23,0;25,26,15;38,41,0;51,52,10
44|13|2,5,0;15,16,15;16,17,16;31,33,14;36,38,12;51,57,1;59,60,10
44|14|2,5,0;15,17,17;33,35,17;44,50,1;50,52,14;54,55,10
44|15|2,5,0;15,17,17;18,19,15;42,45,0;52,54,12;58,59,10
44|16|9,11,14;16,17,15;21,23,14;28,29,15;33,35,14;37,40,13;43,46,0;50,53,6;57,58,10
44|17|8,10,14;15,18,0;22,24,14;53,55,12;68,73,6;75,76,10
44|18|10,12,13;12,14,17;31,32,15;43,46,0;67,68,10
44|19|4,9,2;18,20,17;27,28,15;39,42,0;42,44,13;53,57,7;63,64,9;65,71,1;73,74,10
44|20|4,7,0;39,43,6;49,50,10
44|21|4,9,2;21,23,17;30,31,15;39,40,10
44|22|15,17,13;20,23,0;26,28,12;32,34,12;42,48,1;48,50,14;54,55,10
44|23|30,33,0;35,40,5;47,48,10
44|24|2,3,15;10,11,15;32,35,0;42,46,6;44,50,1;56,57,10
44|25|12,14,17;17,21,6;21,24,0;24,25,9;26,31,1;35,36,10
44|26|8,13,1;19,24,6;26,27,10
44|27|9,14,6;18,20,17;30,31,9;35,36,10
44|28|4,5,9;24,25,9;44,45,10
44|29|24,25,15;25,26,16;31,33,12;38,39,15;60,62,17;65,68,6;70,71,10
44|30|6,8,14;24,26,13;33,35,12;46,47,15;57,58,15;64,65,10
44|31|2,6,6;19,22,0;24,25,9;38,45,1;48,49,15;59,60,10
44|32|9,10,15;18,19,9;44,45,15;49,50,9;54,55,10
44|33|11,12,9;14,19,5;22,23,15;29,30,9;47,49,12;50,58,1;51,54,17;60,61,10
44|34|2,5,0;8,10,12;14,16,12;28,29,10
44|35|29,30,15;57,60,6;62,63,10
44|36|7,9,17;18,20,12;24,26,13;29,33,6;33,36,6;41,42,9;46,47,10
44|37|32,37,1;37,38,15;49,53,6;53,55,14;74,75,9;84,87,0;98,100,17;103,105,14;109,110,10
44|38|10,12,14;16,17,15;17,18,16;23,24,9;26,27,9;32,33,15;62,63,9;67,68,10
44|39|8,10,14;12,13,9;17,19,13;29,30,15;42,43,9;45,48,0;74,75,10
44|40|2,5,0;13,14,15;28,29,9;38,40,14;44,45,10
44|41|29,34,1;37,43,6;47,53,1;64,67,6;69,70,10
44|42|9,14,2;19,20,15;31,34,0;36,37,9;43,44,15;54,55,15;55,56,16;61,62,10
44|43|2,5,0;15,16,15;16,17,16;23,24,10
44|44|8,9,15;15,16,10
44|45|2,3,15;24,25,15;31,32,10
44|46|9,10,15;16,17,10
44|47|10,11,15;32,34,12;37,38,15;44,45,10
44|48|2,5,0;12,14,17;30,31,9;45,46,15;52,53,10
44|49|2,4,14;7,10,0;15,18,6;19,20,15;30,31,15;37,38,10
44|50|2,5,0;8,9,9;19,22,6;22,26,7;28,29,9;38,39,10
44|51|2,5,0;6,7,15;36,37,10
44|52|6,9,0;9,10,9;11,16,1;20,21,10
44|53|14,18,6;18,21,6;22,27,1;33,35,14;38,44,1;48,49,9;53,54,10
44|54|4,5,9;17,19,14;21,22,9;24,28,7;36,37,10
44|55|2,4,14;27,28,9;42,43,10
44|56|22,23,15;39,40,15;51,52,15;71,72,9;85,86,15;92,93,10
44|57|5,12,1;12,17,2;27,28,9;38,39,15;48,49,15;55,56,10
44|58|4,7,0;20,21,9;59,60,10
44|59|2,3,15;9,11,14;14,17,0;19,24,5;32,33,10
45|1|1,3,11
45|2|2,5,6;9,10,15;16,17,9;25,26,15;33,34,15;44,45,15;51,52,10
45|3|2,5,0;10,11,15;11,12,16;17,18,9;20,21,9;26,27,15;42,43,9;44,50,2;60,61,10
45|4|33,37,6;37,39,11;50,51,9;52,58,2;63,68,1;73,74,10
45|5|2,3,15;9,10,9;13,14,15;24,25,15;25,26,16;26,29,0;39,41,13;44,47,6;50,51,15;63,64,15;64,65,16;70,72,12;77,82,2;85,90,6;103,104,15;142,143,15;143,144,16;149,150,9;158,159,9;160,166,2;171,176,1;182,183,10
45|6|12,13,9;16,17,15;46,47,15;73,77,8;83,84,15;98,99,9;103,104,9;113,114,10
45|7|5,11,2;30,31,10
45|8|14,15,9;18,19,15;46,49,0;69,75,6;77,82,2;125,126,10
45|9|25,26,9;41,42,15;65,67,17;69,71,12;89,95,1;97,98,10
45|10|3,7,1;9,11,12;22,25,0;50,55,5;64,66,17;73,79,1;87,88,15;96,98,17;101,105,6;109,110,15;125,127,12;153,154,10
45|11|2,3,9;10,18,1;18,19,15;35,37,17;46,47,9;73,79,1;79,84,2;84,86,14;93,94,10
45|12|10,11,15;33,34,15;47,49,14;54,55,15;80,81,9;88,90,14;95,97,17;100,104,6;110,111,9;134,135,10
45|13|14,19,5;25,26,15;26,27,16;32,33,9;35,36,9;49,50,15;65,72,1;81,84,0;91,92,9;103,104,9;105,111,2;116,121,1;130,131,10
45|14|24,26,17;36,38,17;73,74,15;85,87,14;97,102,8;113,115,17;124,125,10
45|15|14,15,9;18,24,6;34,37,9;49,51,12;70,73,0;99,100,10
45|16|6,8,14;24,26,13;33,35,12;41,42,15;48,49,9;54,55,15;66,67,15;67,68,16;68,71,0;85,87,14;89,90,9;92,97,5;100,101,15;101,102,16;110,111,9;125,126,9;137,138,15;142,143,9;147,148,10
45|17|11,12,9;14,18,7;23,24,9;25,31,1;34,35,15;52,53,15;61,63,13;63,65,17;76,79,8;91,93,12;100,101,15;115,120,8;134,137,0;148,150,14;172,173,15;179,180,9;198,200,17;217,218,10
45|18|2,5,0;14,15,9;33,39,1;42,43,15;54,55,15;88,90,12;93,94,15;115,116,10
45|19|2,5,0;12,16,1;21,23,17;26,29,6;35,36,15;49,57,1;59,62,0;63,64,15;64,65,16;68,69,9;96,98,12;106,113,1;113,114,15;129,130,15;139,140,10
45|20|2,3,9;11,13,12;20,21,16;21,24,0;33,39,1;46,52,2;57,62,1;67,68,10
45|21|12,13,15;22,23,15;23,25,14;32,34,17;35,36,15;36,37,16;52,57,1;57,59,14;70,71,15;88,90,17;100,102,17;103,104,15;104,105,16;108,109,9;113,114,9;121,123,12;124,130,1;158,160,12;175,176,10
45|22|9,10,15;17,18,15;18,19,16;24,25,9;27,28,9;33,34,15;45,46,15;60,62,14;78,82,8;115,116,10
45|23|18,19,15;31,32,9;36,37,9;43,44,9;59,60,15;79,84,1;106,107,9;118,119,9;144,145,9;150,151,9;154,159,6;161,165,1;176,179,8;185,186,15;212,213,10
45|24|8,10,17;38,39,15;39,40,16;83,85,13;93,94,15;94,95,16;115,119,7;121,122,9;162,165,0;165,166,10
45|25|33,34,9;47,48,9;49,55,1;80,82,13;85,89,6;93,95,17;96,97,15;102,104,17;113,115,12;119,121,13;124,128,6;128,131,6;136,137,9;141,142,10
45|26|5,6,15;27,30,0;45,48,0;51,53,14;76,77,15;83,84,9;110,111,9;113,116,0;126,127,15;127,128,16;128,131,0;147,148,10
45|27|17,18,15;18,19,16;24,25,9;27,28,9;33,34,15;62,63,15;63,64,16;82,87,1;94,95,15;99,101,14;105,106,10
45|28|17,20,0;21,26,6;32,39,6;45,48,0;49,54,6;54,56,14;58,61,13;73,74,9;80,81,15;92,94,14;107,110,6;121,122,10
45|29|2,3,9;11,12,9;20,23,6;34,38,7;38,39,15;51,54,0;58,61,0;69,72,6;81,84,6;95,96,10
45|30|4,7,0;9,10,15;27,29,17;39,41,17;42,43,15;43,44,16;47,48,9;52,53,9;60,62,14;95,96,9;101,102,9;112,113,15;122,123,15;129,130,10
45|31|4,7,0;9,10,15;25,27,13;27,29,17;51,52,9;78,79,15;98,101,6;109,116,1;116,118,14;122,123,10
45|32|16,19,0;27,28,15;39,44,1;44,45,15;45,46,16;79,84,5;88,90,14;98,99,15;99,100,16;111,116,1;118,121,0;131,135,0;133,139,1;164,165,10
45|33|38,40,17;53,58,5;66,68,17;73,74,9;87,88,10
45|34|8,9,15;20,23,6;24,25,9;50,52,12;68,69,9;82,83,9;88,89,15;89,90,16;90,93,0;107,112,5;112,117,1;117,118,9;122,123,10
45|35|2,3,9;7,11,7;13,16,0;21,22,15;39,40,9;43,44,15;56,62,1;74,75,15;81,82,17;82,83,9;86,87,15;87,88,16;101,102,15;158,159,10
45|36|10,11,15;26,27,15;27,28,16;33,34,9;36,37,9;48,49,15;64,65,15;69,70,9;74,75,10
45|37|7,8,15;12,14,14;18,20,12;27,28,15;28,29,16;34,35,9;37,38,9;43,44,15;62,63,15;73,74,15;80,81,10
46|1|1,3,11
46|2|2,5,6;9,10,15;16,17,9;25,26,15;33,34,15;44,45,15;51,52,10
46|3|8,10,14;14,15,15;15,16,16;21,22,9;24,25,9;30,31,15;56,58,13;68,69,15;84,90,1;92,96,0;94,102,1;102,103,15;119,121,17;124,127,0;127,129,13;132,135,6;138,140,17;149,150,10
46|4|15,20,5;24,26,14;34,38,6;42,43,15;73,75,17;81,82,15;108,113,6;115,116,15;116,117,16;122,123,9;125,126,9;131,132,15;147,148,9;149,155,1;155,159,6;159,161,14;166,167,9;169,171,13;181,182,9;185,191,1;203,207,6;207,210,6;215,216,9;220,221,10
46|5|17,20,0;20,24,1;24,26,14;29,31,17;34,38,6;42,43,15;52,57,2;75,77,13;92,93,15;99,100,9;114,118,6;120,122,12;131,132,9;136,137,10
46|6|15,16,15;16,17,16;17,20,0;30,32,17;46,48,12;49,54,1;60,62,17;81,82,9;86,87,10
46|7|33,34,9;47,48,9;49,54,6;58,59,15;75,77,17;90,93,0;97,99,12;108,109,9;118,124,1;126,127,10
46|8|16,17,15;24,25,9;40,41,15;53,54,9;82,83,15;151,152,9;159,164,8;193,194,15;204,205,15;205,206,16;211,212,10
46|9|11,14,6;17,19,14;20,27,1;30,31,15;31,32,16;44,46,13;49,51,14;118,121,13;134,136,13;157,163,1;165,166,10
46|10|20,24,6;35,38,6;39,40,15;57,61,7;63,64,9;80,86,1;87,90,8;93,95,13;102,104,12;125,126,9;140,141,15;160,163,0;164,165,15;184,185,15;194,195,15;195,196,16;199,200,9;204,205,10
46|11|8,9,15;25,27,17;47,49,17;66,73,1;84,86,13;119,121,17;126,127,9;145,146,9;148,150,13;156,161,6;163,164,10
46|12|4,8,6;8,10,14;14,15,9;20,21,9;29,32,13;39,45,1;52,59,1;61,62,9;70,71,9;72,78,1;84,90,2;105,112,2;114,117,6;120,121,15;137,139,17;163,164,10
46|13|2,5,0;6,7,15;22,24,17;34,35,15;44,47,0;48,49,15;55,56,9;59,61,17;105,106,10
46|14|2,4,17;6,8,12;19,20,9;23,24,15;28,31,0;36,37,9;56,58,12;59,63,8;74,76,17;85,86,10
46|15|13,14,15;18,21,6;21,22,9;29,30,9;45,46,9;65,68,0;70,71,9;77,83,1;99,107,1;115,116,9;123,124,9;128,129,9;134,135,9;156,159,13;182,183,9;210,215,6;235,237,13;263,264,15;269,271,13;302,303,9;329,330,9;333,339,6;344,345,9;377,381,13;384,387,0;391,393,14;409,412,0;419,420,15;430,431,10
46|16|2,4,17;6,8,12;13,14,15;64,66,17;83,87,6;103,105,13;112,113,9;116,117,15;121,124,0;136,137,15;137,138,16;141,143,14;146,147,15;160,162,17;170,171,10
46|17|2,3,15;20,21,9;34,40,2;44,46,13;60,62,13;81,83,14;91,92,15;104,108,6;108,110,14;137,138,15;164,167,0;175,176,15;187,192,6;206,207,9;209,211,13;217,219,13;224,225,9;231,232,15;241,242,10
46|18|2,4,17;6,8,12;13,14,15;40,41,15;52,54,13;60,65,6;65,67,14;77,81,6;81,83,14;87,92,5;95,96,15;100,103,0;106,107,15;111,114,6;119,122,0;133,135,17;138,139,9;143,144,10
46|19|8,13,6;17,18,9;19,25,1;25,28,0;37,41,17;66,67,9;93,94,10
46|20|18,19,15;35,37,17;44,45,15;45,46,16;46,49,0;59,61,14;73,74,9;97,98,15;98,99,16;110,111,15;123,127,7;133,134,15;145,147,14;162,163,15;179,182,6;205,206,15;224,225,15;243,246,6;257,258,10
46|21|4,5,15;31,34,6;45,46,9;49,50,15;66,68,14;76,77,15;77,78,16;78,81,0;89,92,8;122,124,13;140,142,13;142,144,17;152,153,15;162,165,0;165,167,13;206,207,10
46|22|5,7,13;7,9,17;78,80,13;83,87,6;87,90,6;96,97,15;97,98,16;101,102,9;106,107,10
46|23|8,11,0;15,16,15;27,30,6;31,32,15;52,57,5;57,59,13;75,76,9;81,82,9;84,87,0;87,89,13;95,96,9;106,112,6;112,114,14;118,119,10
46|24|4,7,0;24,31,1;35,37,14;63,65,17;68,69,9;79,85,1;111,112,15;124,128,7;130,131,9;138,143,6;160,161,10
46|25|4,7,0;21,25,8;53,55,17;64,67,13;79,80,9;95,96,9;103,105,14;109,110,15;119,120,15;124,126,14;130,131,10
46|26|6,8,14;14,17,0;17,18,9;28,30,13;33,38,1;41,44,0;44,45,9;80,86,1;88,90,14;92,93,9;94,100,1;110,115,6;117,119,13;153,155,13;158,160,14;162,163,9;174,176,13;190,195,5;195,199,6;215,217,17;220,222,14;238,239,9;242,243,15;262,267,5;275,277,17;282,283,9;296,297,10
46|27|6,8,14;33,38,5;41,42,15;64,65,15;71,72,9;95,96,10
46|28|21,22,15;31,32,15;40,42,17;45,49,6;53,54,15;80,86,8;96,98,17;114,115,9;143,145,17;154,155,10
46|29|15,17,13;32,39,1;42,43,15;47,50,0;65,66,15;82,85,0;102,104,13;104,106,17;109,112,6;115,117,17;124,127,0;143,145,17;161,166,5;166,169,6;171,172,10
46|30|6,8,17;11,12,9;20,22,13;25,28,0;44,45,9;51,54,6;60,63,8;85,92,2;118,120,13;127,128,15;151,157,1;163,164,10
46|31|2,3,9;11,13,13;22,24,17;33,34,15;51,53,17;58,59,9;73,78,5;78,82,6;102,107,5;122,123,10
46|32|4,9,2;15,17,14;26,27,15;52,57,6;59,60,15;82,83,9;86,90,6;95,97,13;106,108,12;115,117,17;119,121,12;134,135,9;136,142,1;144,145,10
46|33|15,17,17;20,23,0;24,25,15;32,33,15;47,48,15;48,49,16;54,55,9;57,58,9;63,64,15;97,100,0;105,106,9;115,118,13;121,125,1;149,152,13;155,158,0;160,161,9;180,185,6;187,188,10
46|34|18,19,15;35,37,17;44,45,15;45,46,16;46,49,0;64,65,9;71,72,15;88,90,17;125,127,17;128,129,15;147,150,6;161,162,10
46|35|2,3,15;25,27,17;30,32,17;33,34,15;48,49,15;49,50,16;90,93,0;142,144,13;144,146,17;160,166,1;166,171,1;175,181,8;184,185,9;186,193,6;214,215,15;224,225,15;229,230,9;234,235,10
47|1|17,19,17;28,30,17;33,37,6;43,44,15;65,66,9
47|2|2,3,15;20,22,17;32,34,17;35,36,15;36,37,16;40,41,9;45,46,9;59,61,17;87,90,0;91,96,1;101,102,15;112,117,2
47|3|2,3,9;12,15,0;16,17,15;33,35,17;36,37,15;45,47,17;48,49,15;53,54,9;63,66,0;67,68,15;85,87,17;88,89,15;97,99,17;100,101,15;111,116,2;130,131,9;145,146,15;155,156,16;156,159,0;169,170,9
47|4|18,19,15;35,37,17;47,48,15;48,49,16;63,66,13;71,73,13;80,83,6;99,101,17;102,103,15;117,120,0;124,128,0;126,131,8;141,144,0;150,152,12;170,171,15;197,198,9;214,216,12;219,220,15;229,230,15;230,233,6;251,252,9;254,259,2;261,263,14;267,269,17;278,282,7;287,294,1;294,295,15;311,313,17;326,327,15;338,342,1;354,355,9
47|6|4,6,14;15,16,15;20,23,0
47|7|2,4,13;13,14,15;30,32,13;32,34,17;37,41,6;41,44,6;47,49,17;50,51,15;60,63,6;84,86,14
47|8|2,3,15;19,21,17;29,36,2;57,58,9
47|9|2,3,9;12,15,0;27,29,17;32,34,13;37,40,6;43,44,15;68,69,9
47|10|19,21,17;26,27,15;40,43,6;46,48,17;64,65,9;72,73,15;84,88,6;88,90,14;101,104,0;107,108,15;136,137,9;151,152,9
47|11|2,3,9;12,15,0;16,17,15;32,33,15;50,52,17;57,60,0;61,62,15;66,67,9
47|12|2,5,0;6,7,15;16,18,14;23,24,15;41,43,17;53,55,17;56,57,15;57,58,16;61,62,9;66,67,9;72,75,0;75,76,9;77,82,6;82,84,14;90,94,6;102,103,15;111,112,9;119,120,15;136,138,17;183,184,15;192,193,9;198,199,15;199,200,16;200,203,0;212,219,2
47|13|9,14,1;14,18,6;44,50,1;50,54,6;63,64,15;69,71,13;95,96,9
47|14|6,10,6;29,35,1;35,40,2;45,46,9;51,55,6;65,66,9;69,71,12;82,83,9;86,87,15;94,96,13;96,98,17;105,107,12
47|15|8,9,15;13,16,0;19,20,15;34,35,15;55,57,13;64,65,9;66,72,1;72,77,1;77,79,12;95,100,1;106,107,9;108,114,1;114,119,2;122,128,2;151,152,9;161,162,9;163,169,1;177,183,2;187,193,2;193,194,16;197,198,9;214,215,9;216,222,1;230,236,1;240,248,1;264,268,6;272,273,15;273,274,16;281,282,9;296,302,1;302,307,2;331,332,9;335,340,6;342,343,15;343,344,16;344,347,0;358,360,17;363,365,12;374,380,6;394,396,12
47|16|8,13,5;13,17,1;40,43,13;57,59,17;67,70,6;79,81,17;99,101,17;102,103,15;138,140,17;142,144,12;149,150,15;166,167,15;195,196,15;203,205,13;205,207,17;214,216,12
47|17|2,3,15;12,13,15;21,23,17;37,43,1;49,50,9;57,59,14;62,63,9
47|18|9,12,6;25,26,15;26,27,16;38,42,6;50,54,7;59,66,6;68,70,14;73,75,12;97,100,0;118,120,12;136,137,9
47|19|2,3,15;12,15,0;17,18,9;21,23,13;28,29,9;39,40,15;49,50,15;66,68,8;92,93,15;103,104,9;111,112,15;153,154,9
47|20|10,11,15;28,30,17;55,62,6;66,68,13;71,74,6;85,91,1;98,103,1;117,118,15;139,140,15;162,167,5;170,175,1;175,178,6;200,201,15;227,228,15
47|21|6,11,1;16,22,1;28,35,6;48,49,15;72,74,17;75,76,15;96,103,2
47|22|20,24,6;38,42,6;49,51,17;56,57,15;77,79,13;79,81,17
47|23|2,4,17;6,8,12;13,14,15;34,35,15;48,51,0;64,67,13;70,72,14;74,75,9
47|24|23,24,15;58,60,14
47|25|2,5,0;6,7,15;16,17,15;25,27,17;32,35,13;38,40,14;42,43,9;47,52,5;53,56,8;83,84,15;94,95,15;95,96,16;103,104,9
47|26|2,3,9;12,15,0;26,28,17;47,49,17;62,63,15;95,96,15;109,110,15
47|27|29,30,15;36,38,12;73,75,14;77,78,9
47|28|2,3,9;12,15,0;20,21,15;29,31,17;34,36,13;46,47,15;63,65,17;72,73,9;77,78,9;96,97,9
47|29|12,13,15;35,40,5;47,52,2;52,56,1;63,64,15;77,78,9
47|30|11,13,12;26,27,9;48,52,7;57,58,9;77,80,0;96,97,15;110,111,15;133,134,9
47|31|6,8,14;12,15,0;37,38,15;44,45,9;55,58,6;63,64,15;64,65,16;68,69,9;81,83,14;87,89,17
47|32|2,5,0;6,7,15;23,25,17;34,36,17;39,43,6;49,50,15;61,63,11;67,69,17;70,71,15;71,72,16;84,87,8;114,115,15;126,130,1;136,138,17;139,140,15;153,159,1;176,177,9
47|33|4,6,13;15,16,15;32,34,13;34,36,17;45,47,17;48,49,15;66,68,17;69,70,15;70,71,16;88,90,14;94,96,13;96,98,17;105,106,9
47|34|2,5,0;6,7,15;23,25,17;34,36,17;39,43,6;49,50,15;59,62,0;69,71,17;86,91,6;93,97,1;104,105,15
47|35|13,15,17;20,22,14;24,26,13;26,28,17;35,36,15;36,37,16;49,52,6;55,56,15;71,72,15;92,96,1;111,112,9
47|36|2,5,0;9,10,15;16,17,17;17,18,9;21,22,15;22,23,16;37,42,1;47,54,1;56,60,6;67,69,17;80,82,17;132,133,9
47|37|2,6,1;37,39,14;44,46,17;55,57,14;64,65,9
47|38|2,4,13;6,9,6;14,16,12;20,22,12;27,29,14;40,43,6;46,48,17;61,62,15;73,76,6;76,81,5;81,85,1;85,87,14;98,102,1;102,104,14;113,116,0;122,124,14;131,136,1;142,143,9;148,149,15;156,157,15;171,174,6;177,178,15;186,188,12;197,201,6;210,212,17;219,221,14;247,250,0;262,264,13;264,266,17;273,274,9
48|1|2,5,0;27,34,1
48|2|17,18,15;41,45,6;46,48,8;74,77,0;88,89,9;116,117,9;118,125,1
48|3|4,7,6;12,13,15
48|4|5,6,15;11,13,13;16,19,6;22,23,15;23,24,16;47,48,15;73,75,13;75,77,17;83,84,9;85,92,1;100,101,9;128,129,15;129,130,16;135,136,9;138,139,9;144,145,15;164,165,15
48|5|5,7,14;12,13,15;29,30,15;40,41,9;46,49,0;49,50,9;51,56,6;56,58,14;64,68,6;76,77,15;85,86,9;91,92,9;156,157,9;164,167,6;168,169,15
48|6|12,13,15;19,20,9;30,31,15;37,38,9;42,43,9;48,49,15;65,66,15;76,77,9;80,81,15;81,82,16;85,87,11;87,90,0;96,97,15;106,109,0;110,111,15;111,112,16;135,137,12;144,145,15;145,146,16;165,166,15;218,221,0;230,232,12
48|7|18,19,15;19,20,16;25,26,9;28,29,9;34,35,15;54,55,15
48|8|2,5,0;5,7,13;18,19,9;24,25,9;28,34,1;42,48,1
48|9|12,14,17;17,18,15;36,37,9;90,95,1
48|10|2,5,0;6,7,15;33,36,0;53,54,15;66,67,15;99,104,1;113,116,0;122,125,6;143,146,9;171,172,9;186,187,15;210,212,14
48|11|15,16,15;36,37,15;59,61,13;68,69,9;90,91,15;135,140,5;176,180,1;191,196,5;199,200,15;268,275,8;285,286,15
48|12|9,12,6;17,22,2;22,26,1;26,29,6;34,35,15;35,36,16;47,48,15;66,69,13;87,93,1;103,104,9;131,134,6;139,142,0;143,144,15;144,145,16;157,160,6;168,173,8
48|13|4,9,2;19,22,8;23,24,15;42,43,9;48,51,0;51,53,13;60,62,14;72,73,9
48|14|17,18,15;18,19,16;24,25,9;27,28,9;33,34,15;58,62,1;64,66,12;83,87,1;89,91,12;104,105,15;118,125,2
48|15|10,11,15;32,33,15;33,36,6;38,40,14;115,119,1;127,129,17;134,135,9;138,139,15;155,159,6;175,176,9;189,190,15;199,203,6;203,205,14;258,260,17
48|16|27,28,15;44,46,14;69,71,17;80,85,6;89,94,6;96,97,9;132,136,6;142,144,17;156,157,15;166,168,14;177,185,1;187,191,6;200,202,17;220,225,5;225,229,6;229,231,14;241,243,14
48|17|14,15,15;31,36,1;46,47,15;63,68,1;78,79,15;94,101,1;103,107,1;112,113,15;131,132,9;135,137,14;146,149,0;149,150,9;151,156,6;156,158,14;164,168,6;176,177,15;185,186,9;195,199,1;214,216,14
48|18|7,9,14;17,18,15;30,31,15;72,73,15;73,74,16;117,120,6;123,124,15;124,125,16;153,154,9;166,172,6
48|19|20,25,1;48,49,15
48|20|11,12,15;37,42,6;74,75,9;79,80,9;98,99,15;99,100,16;100,103,0;109,112,6;133,139,2;172,173,9;174,181,1
48|21|18,20,14;25,27,17;40,42,14;51,52,15;75,76,15;101,106,6
48|22|9,10,9;19,20,15;36,38,17;48,50,17;51,52,15;56,58,14;60,61,9;66,69,0;90,96,1
48|23|2,5,0;8,9,15;16,17,15;26,28,14;38,42,6;42,44,14;53,57,6;66,69,0;72,73,15;82,84,14
48|24|7,8,15;36,39,6;63,67,7;69,71,14;85,88,8;133,134,15
48|25|5,6,15;22,24,17;43,44,15;55,56,15;68,69,15;73,75,14;91,95,1;95,97,14;111,112,9;131,137,1;153,155,12;156,162,1;168,169,9;170,176,2;195,199,6;221,226,5;230,235,5;241,245,8;258,266,2;268,270,14;275,276,15;297,298,9;301,305,1;307,309,12;329,331,17;339,341,14;345,346,15;362,364,17
48|26|12,13,15;29,31,17;48,49,15;71,72,15;76,77,9;91,94,6;97,98,15;116,117,9;134,135,9;144,145,15;183,184,15;184,185,16;188,190,14;202,204,13;204,206,17;243,244,15
48|27|5,7,14;15,16,15;33,34,15;34,35,16;46,47,15;61,63,14;67,70,0;71,72,15;83,84,15;96,100,6;100,102,12;105,106,15;208,210,17;222,226,6;232,233,9;243,249,6
48|28|5,6,15;11,13,13;32,33,9;36,37,15;54,55,15;75,76,9;83,84,15;84,85,16;99,100,9;114,115,15
48|29|5,8,0;9,15,2;21,22,15;33,34,15;49,51,13;59,61,12;70,71,15;88,90,12;111,112,9;123,129,6;133,139,1;139,141,14;154,161,1;164,165,15;180,181,9;182,190,6;212,217,5;227,228,15;228,229,16;242,243,9;263,264,15;264,265,16;273,274,9;296,297,15;301,304,6;328,330,14;335,336,9;349,350,9;353,354,15;367,368,15;391,392,9;402,403,15;403,404,16;431,432,15;452,453,15;460,461,15;478,480,17;490,492,17;493,494,15;494,495,16;498,499,9;503,504,9;513,518,5;525,530,1;532,534,14
49|1|2,4,13;13,14,15;31,33,17;48,50,17;65,66,15;84,85,9;90,91,15;97,99,17;100,101,15;112,115,0;116,117,15;136,137,10
49|2|2,4,13;13,14,15;31,33,17;46,48,13;48,50,17;57,58,9;79,80,15;80,81,16;81,84,0;98,100,14;105,107,17;112,113,9;116,117,15;157,161,6;174,175,9;186,189,6;204,205,10
49|3|2,5,0;6,7,15;33,34,9;43,46,6;55,56,15;65,67,17;69,71,12;76,77,15;86,87,15;96,97,15;118,119,16;122,124,14;135,140,5;147,152,1;154,156,14;163,164,10
49|4|2,5,0;6,7,15;31,35,1;37,39,12;42,43,15;51,52,9;80,81,10
49|5|9,12,0;24,26,17;68,75,2;84,85,15;98,104,2;106,107,10
49|6|2,4,13;13,14,15;30,32,13;32,34,17;37,41,6;41,43,12;56,60,8;66,71,6;80,82,13;82,84,17;87,91,6;97,99,17;105,110,8;115,116,9;119,124,6;133,135,17;160,161,9;165,166,10
49|7|2,3,15;9,11,13;11,13,17;16,19,0;36,37,15;73,79,1;82,83,15;108,109,9;111,114,0;115,116,15;142,143,15;150,151,9;165,166,9;204,205,15;216,217,15;229,230,15;246,248,17;250,252,12;262,263,15;263,264,16;267,268,9;272,273,10
49|8|5,12,1;15,16,15;32,39,1;39,40,15;59,60,10
49|9|4,8,6;8,10,12;25,26,15;40,41,15;41,43,14;50,52,17;64,66,17;86,89,8;102,103,9;115,116,15;131,132,9;137,139,17;140,141,15;150,152,14;168,170,12;177,180,13;188,189,15;202,206,6;206,208,12;224,226,17;241,242,15;246,248,14;255,257,14;261,263,13;263,265,17;270,273,0;274,275,15;290,291,15;295,297,14;301,302,10
49|10|2,5,0;9,10,15;31,36,6;45,47,17;72,73,15;79,81,17;82,83,15;110,111,10
49|11|2,4,13;13,14,15;31,33,17;52,58,1;58,62,6;71,74,13;77,81,1;87,89,17;95,102,1;119,121,12;122,128,1;128,133,1;135,137,12;144,147,13;150,154,1;156,159,0;165,172,1;176,181,0;196,198,13;198,200,17;203,206,6;229,231,17;234,235,15;243,244,9;256,257,15;259,260,15;265,266,15;283,284,15;291,292,9;301,306,2;313,315,14;320,322,17;324,326,12;336,337,15;337,338,16;341,342,9;346,347,10
49|12|2,4,13;13,14,15;31,33,17;34,35,15;35,37,14;44,46,17;53,60,1;63,64,15;64,65,16;68,71,0;74,77,0;85,86,15;86,87,16;90,93,0;99,106,1;120,122,17;146,150,7;181,185,1;212,218,6;236,237,15;243,245,17;246,247,15;258,261,0;262,263,15;277,283,2;285,286,10
49|13|2,4,13;13,14,15;14,15,16;15,18,0;24,27,0;33,35,14;37,38,9;40,45,5;45,49,6;52,57,1;59,62,6;75,76,9;87,93,1;97,99,12;115,117,13;117,121,17;124,127,0;143,146,6;147,148,15;162,163,9;172,175,0;176,177,15;196,197,10
49|14|10,11,15;28,31,0;54,56,17;61,62,9;64,68,6;71,73,13;73,75,17;92,95,0;99,101,14;106,107,15;114,115,9;140,144,6;150,152,17;153,154,15;172,173,9;186,191,5;200,201,9;221,224,0;225,226,15;239,245,2;247,248,10
49|15|2,5,0;9,10,15;24,25,15;42,44,17;47,48,15;66,67,9;70,73,0;89,91,17;96,97,9;102,104,17;113,114,9;125,128,6;147,148,15;159,161,17;163,165,12;175,176,15;176,177,16;180,181,9;185,186,10
49|16|20,21,15;42,43,15;67,68,15;68,69,16;74,75,9;77,78,9;91,92,15;105,106,15;132,133,10
49|17|4,7,0;34,38,17;52,55,0;56,58,17;73,74,9;78,84,7;87,88,15;99,102,0;124,125,9;139,140,9;145,149,6;149,152,6;157,158,9;162,163,10
49|18|2,5,0;6,7,15;30,31,15;31,32,16;37,38,9;40,41,9;46,47,15;60,61,15;74,78,8;91,92,10
50|1|0,4,11;7,8,15;20,21,15;27,28,10;28,29,14
50|2|11,13,13;13,15,17;18,22,6;22,24,12;28,33,5;33,36,6;37,43,1;58,59,15;63,64,9;74,75,9;90,91,10;91,92,14
50|3|20,23,0;31,39,6;39,40,9;47,49,14;50,54,8;57,58,10;58,59,14
50|4|2,4,14;21,24,6;27,28,15;52,55,6;63,64,9;71,72,10
50|5|13,15,17;18,19,15;29,32,0;36,38,12;54,56,13;62,68,1;70,71,10;71,72,14
50|6|11,14,6;16,18,13;18,20,17;27,28,15;28,29,16;34,36,12;65,66,9;77,80,0;80,81,9;99,103,6;105,106,10;106,107,14
50|7|2,3,15;16,18,14;20,21,9;50,51,9;61,63,8;79,83,6;92,96,8;99,100,10;100,101,14
50|8|2,4,14;9,14,1;33,35,14;36,42,1;44,45,10;45,46,14
50|9|18,19,15;19,20,16;25,27,12;32,34,12;35,41,1;43,44,9;47,53,6;56,58,8;69,70,9;73,76,0;76,77,9;78,83,1;89,90,15;96,97,10;97,98,14
50|10|2,3,15;3,4,16;4,7,0;19,20,9;21,27,2;36,42,1;44,45,10;45,46,14
50|11|6,13,2;43,44,9;52,58,1;61,69,6;71,72,9;77,78,15;84,85,10;85,86,14
50|12|12,14,14;32,37,1;43,44,9;47,48,15;48,49,16;62,63,10;63,64,14
50|13|6,11,1;30,31,9;36,37,10;37,38,14
50|14|8,9,9;12,13,15;39,46,6;48,53,6;59,60,15;60,61,16;81,82,10;82,83,14
50|15|15,16,15;25,26,15;54,56,14;57,63,1;71,76,6;78,79,10;79,80,14
50|16|6,8,14;13,15,14;19,20,15;24,27,6;27,28,9;61,62,9;71,72,9;86,88,14;109,111,14;114,115,15;121,122,10;122,123,14
50|17|16,17,15;39,40,15;57,58,15;58,59,16;72,73,10;73,74,14
50|18|16,20,6;53,54,10;54,55,14
50|19|4,6,12;20,21,15;32,33,15;45,46,9;57,60,6;72,73,10;73,74,14
50|20|13,14,15;14,15,16;26,27,9;39,40,15;46,47,10;47,48,14
50|21|4,6,12;22,28,1;36,38,12;41,46,1;50,51,10;51,52,14
50|22|5,7,14;10,13,6;25,31,1;36,37,9;55,58,6;63,65,12;81,82,15;95,96,10;96,97,14
50|23|17,18,9;21,22,9;42,43,10;43,44,14
50|24|18,21,0;43,44,10;44,45,14
50|25|3,6,0;8,14,2;30,36,1;38,39,10;39,40,14
50|26|20,21,15;32,33,9;63,64,15;74,75,15;75,76,16;81,82,10;82,83,14
50|27|17,18,9;30,32,13;35,37,14;45,46,9;51,52,9;54,58,6;70,71,9;72,76,8;79,80,10;80,81,14
50|28|21,23,17;36,38,14;57,61,7;61,62,15;68,69,10;69,70,14
50|29|14,15,15;36,38,13;53,54,9;55,61,2;67,68,10;68,69,14
50|30|21,24,0;32,33,15;61,66,1;68,69,10;69,70,14
50|31|13,14,15;18,21,0;50,51,10;51,52,14
50|32|2,3,9;43,44,10
50|33|13,14,15;14,15,16;22,23,9;28,29,15;42,44,12;54,60,1;62,63,10;63,64,14
50|34|1,3,14;18,19,9;20,27,6;27,28,9;40,41,15;47,48,10;48,49,14
50|35|4,9,5;15,17,12;46,47,10;47,48,14
50|36|21,23,14;27,32,5;32,36,6;60,64,7;64,66,14;67,73,6;81,83,17;88,89,15;95,96,9;106,111,1;113,114,10
50|37|2,5,0;12,13,9;33,37,6;45,46,9;67,68,15;68,69,16;88,89,10;89,90,14
50|38|6,8,14;13,15,14;19,20,15;20,21,16;26,27,9;29,30,9;35,36,15;82,87,1;102,107,2;109,110,10;110,111,14
50|39|2,3,15;61,63,14;74,75,15;75,76,16;88,90,14;93,94,15;100,101,10;101,102,14
50|40|7,8,15;32,34,14;36,37,9;40,41,15;41,42,16;47,48,10;48,49,14
50|41|2,3,15;27,28,15;40,45,1;49,54,6;56,57,10;57,58,14
50|42|19,20,15;20,21,16;33,34,15;46,47,9;59,60,15;66,67,10;67,68,14
50|43|2,5,0;20,21,9;44,45,15;51,52,10
50|44|17,18,15;42,50,6;50,51,9;77,78,10
50|45|40,42,13;45,48,6;57,61,7;68,75,6;85,86,15;100,104,1;114,115,10;115,116,14
51|1|2,3,15;3,4,16;7,8,9;12,13,9
51|2|2,3,15;7,8,9;12,13,9;18,20,14
51|3|2,3,15;7,8,9;12,13,9
51|4|2,3,15;14,15,9
51|5|2,5,0;27,28,14
51|6|4,7,0;8,9,15;9,10,16;21,22,9
51|7|2,3,15;3,4,16;9,11,12;20,21,15
51|8|2,5,0;21,27,1
51|10|7,8,15;15,16,9;18,19,10
51|11|26,31,6;34,35,10
51|12|29,30,15;30,31,16;34,35,10
51|13|18,19,15;19,20,16;20,23,0;35,36,10
51|14|6,8,17;24,25,9;29,30,15;39,42,6;42,46,7;48,49,9;62,63,10
51|15|2,5,0;6,7,15;26,29,0;29,30,9;31,36,1;40,41,10
51|16|13,15,13;22,23,9;42,45,0;56,58,17;61,63,14;68,69,9;82,83,10
51|17|6,8,17;15,22,1;25,26,15;46,47,10
51|18|4,5,15;34,35,10
51|19|4,6,13;13,14,9;25,31,2;31,32,16;35,37,12;44,45,15;53,54,10
51|20|6,7,15;21,22,9;23,29,2;38,39,10
51|21|4,6,13;9,12,6;31,33,14;37,38,10
51|22|6,7,15;7,8,16;13,15,12;42,43,10
51|23|10,11,15;11,12,16;17,19,12;24,25,15;36,39,0;41,42,9;49,55,1;62,64,13;67,70,0;77,80,6;82,83,10
51|24|10,11,9;31,33,14;35,36,9;42,43,15;53,54,10
51|25|12,14,17;32,34,17;39,40,9;41,49,6;57,58,9;59,64,6;67,73,1;73,76,6;78,79,10
51|26|12,15,13;24,25,9;30,32,12;39,41,14;42,47,6;49,50,10
51|27|11,13,13;45,46,10
51|28|26,33,6;37,39,17;72,73,9;80,81,10
51|29|4,6,14;13,14,15;24,25,9;36,41,6;51,53,14;81,82,10
51|30|6,8,17;13,14,9;37,40,0;42,43,9;49,50,15;60,61,15;67,68,10
51|31|16,18,14;34,35,15;45,46,10
51|32|5,7,13;7,9,17;12,15,0;15,17,13;28,30,13;43,49,1;49,51,14;55,56,10
51|33|30,36,1;36,40,6;40,41,10
51|34|15,18,6;39,40,10
51|35|8,10,14;16,20,6;36,37,15;47,48,10
51|36|10,12,14;35,41,1;44,45,15;55,56,10
51|37|17,19,13;26,32,2;52,53,15;63,64,15;70,71,10
51|38|11,14,13;30,31,9;60,61,9;62,68,1;70,71,10
51|39|22,23,9;34,35,9;47,49,14;51,52,10
51|40|10,11,9;25,26,9;37,38,9;47,48,15;52,55,0;67,68,10
51|41|40,41,15;41,42,16;49,50,15;56,57,10
51|42|13,17,6;58,59,15;59,60,16;65,66,10
51|43|42,44,17;55,56,10
51|44|8,10,17;48,49,15;49,50,16;53,54,9;70,73,6;75,76,10
51|45|6,7,15;13,14,9;17,19,17;22,26,6;30,35,1;45,47,17;50,53,6;57,58,10
51|46|13,19,1;19,23,6;23,25,14;32,35,0;46,48,17;54,60,6;60,61,9;65,66,10
51|47|2,3,15;3,4,16;9,11,12;22,23,9;33,35,17;36,41,1;43,46,0;57,58,10
51|48|2,3,15;20,21,9;34,35,15;39,40,9;44,45,10
51|49|4,8,6;23,25,14;61,62,10
51|50|7,9,13;9,11,17;18,19,15;30,33,0;39,44,5;55,61,1;63,64,10
51|51|8,10,14;15,17,17;23,24,15;35,36,9;52,55,0;61,66,5;77,83,1;85,86,10
51|52|4,5,9;12,14,13;21,22,15;33,37,6;37,39,14;43,48,5;48,53,2;72,74,17;90,92,14;94,95,10
51|53|11,13,17;18,19,9;37,42,6;45,46,10
51|54|23,25,13;28,31,6;38,39,10
51|55|14,17,0;18,19,15;19,20,16;32,35,6;38,39,15;49,50,10
51|56|10,12,14;15,16,15;20,23,0;26,27,15;31,34,6;52,53,10
51|57|2,4,13;19,24,5;24,29,2;32,37,1;39,41,13;52,56,1;56,58,14;62,63,10
51|58|2,5,0;6,7,15;19,20,15;20,21,16;35,36,15;46,47,15;53,54,10
51|59|4,7,0;26,28,17;35,42,1;61,62,9;87,88,10
51|60|7,13,2;29,31,17;34,38,1;47,48,15;62,63,10
52|1|2,3,15;3,4,16;7,8,10
52|2|6,7,9;8,14,1;18,19,10
52|3|8,14,1;14,17,6;17,18,10
52|4|2,3,15;12,13,15;21,22,10
52|5|2,3,15;3,4,16;7,9,14;12,13,15;21,22,10
52|6|2,3,15;12,13,15;21,22,10
52|7|2,5,0;26,27,9
52|8|9,10,9;13,17,6
52|9|15,16,15;16,17,16;22,24,12
52|10|10,11,15
52|11|7,12,1;19,25,2;36,37,10
52|12|24,29,1;35,36,10
52|13|35,38,0
52|14|2,3,9;8,9,15;9,10,16;10,13,0;17,18,15;27,30,6;30,34,7;47,48,10
52|15|13,14,9;16,18,13;26,29,6;38,40,14;44,45,10
52|16|13,14,15;20,22,13;22,24,17;43,45,17;50,52,12;70,73,0;79,81,14;94,97,6;108,109,10
52|17|2,5,0;6,7,15;26,29,0;29,30,9;31,36,1;40,41,10
52|18|2,3,9;15,17,13;24,25,9;47,48,9;71,72,15;78,79,10
52|19|5,7,17;10,11,15;18,20,17;25,27,12;29,34,8;41,44,6;55,56,10
52|20|26,32,1;40,47,1;52,54,14;56,57,9;59,63,7;71,72,10
52|21|2,3,15;20,22,17;25,26,15;52,56,7;61,62,9;71,73,14;103,105,13;114,115,9;117,122,5;133,138,5;138,142,6;145,152,6;156,157,15;162,166,8;182,183,10
52|22|8,10,14;12,13,9;15,19,7;21,22,9;27,32,1;37,43,1;43,46,0;56,57,10
52|23|6,7,9;27,34,2;41,46,6;63,64,10
52|24|31,37,2;46,49,0;61,67,1;71,72,10
52|25|4,6,14;34,39,1;43,45,12;49,50,10
52|26|5,7,13;7,9,17;12,15,0;19,22,0;26,28,14;33,35,13;54,55,10
52|27|4,7,0;8,9,15;33,34,9;46,47,15;47,48,16;53,54,10
52|28|2,5,0;9,12,0;16,20,6;20,22,14;27,29,14;39,42,0;44,45,9;51,52,15;60,61,15;61,62,16;67,68,10
52|29|14,16,13;19,22,6;50,55,1;61,63,14;65,66,10
52|30|22,28,1;42,43,9;51,52,15;58,59,10
52|31|15,17,17;22,25,0;33,38,5;41,42,15;55,56,10
52|32|24,25,9;29,33,7;35,36,9;38,40,13;58,63,6;66,67,10
52|33|27,28,9;48,49,10
52|34|11,13,17;22,28,1;34,36,13;39,43,6;47,49,17;52,53,9;57,58,10
52|35|12,14,17;44,45,15;49,50,9;54,55,10
52|36|12,14,17;15,16,15;16,17,16;22,23,9;25,26,9;31,32,15;59,60,10
52|37|7,10,6;19,21,12;44,45,15;58,59,10
52|38|18,23,1;66,70,7;76,77,9;78,84,1;86,87,10
52|39|10,11,15;17,18,9;30,31,15;37,38,10
52|40|21,23,14;24,30,6;32,37,5;37,42,1;47,53,1;59,60,10
52|41|7,10,6;15,16,15;40,41,10
52|42|21,29,6;29,30,15;46,48,17;54,55,15;64,65,10
52|43|16,17,9;27,28,15;39,41,14;43,44,9;47,48,15;57,60,0;70,71,10
52|44|4,8,1;12,14,17;20,27,1;30,31,15;31,32,16;37,39,12;48,54,1;60,62,17;69,75,1;79,80,10
52|45|23,24,9;27,29,17;41,42,15;63,64,10
52|46|45,51,1;62,65,6;67,68,10
52|47|4,7,0;26,28,17;35,41,6;47,48,9;57,58,9;60,63,0;89,90,10
52|48|2,3,15;31,34,0;90,91,10
52|49|7,8,15;32,34,14;36,37,9;40,41,15;41,42,16;42,45,0;47,48,10
53|1|2,3,15;3,4,16;4,7,0;7,9,14
53|3|8,11,6;19,20,15
53|4|22,27,1
53|5|9,10,9;19,20,15
53|6|10,15,6;15,16,15
53|7|9,10,15;19,20,15
53|8|2,5,0
53|9|32,34,14
53|10|8,11,13;21,23,14;27,28,9;31,33,13
53|11|11,12,15
53|12|8,9,9;16,17,9
53|13|6,8,14
53|14|2,5,6;8,10,14;15,16,15;20,23,6
53|15|2,5,6;11,14,0;17,18,15
53|16|13,14,15;14,15,16;18,20,14
53|17|10,11,15
53|18|4,6,14;24,25,9;36,37,15;41,43,14
53|19|15,16,15;16,17,16;20,21,9;26,27,15
53|20|6,7,17;7,8,9;11,12,15;12,13,16;24,25,15
53|21|9,10,15;10,11,16;26,27,15;31,34,6
53|22|10,16,6;21,26,6
53|23|15,17,13;24,26,12;27,32,6;32,35,0;44,46,13;49,52,6;62,64,12;68,73,5;73,75,13;78,81,6;84,85,15;100,104,6;108,109,9;116,120,1;138,139,15;139,140,16;143,146,0;161,162,15;166,169,6;180,182,14;185,187,12;191,196,5;196,201,2;209,210,15
53|24|11,14,6;14,15,9;26,29,0
53|25|10,11,15
53|26|6,11,5;11,16,1;19,24,6;26,27,15;27,28,16;33,34,9;36,37,9;56,57,9;85,88,8;96,100,1;107,108,15;119,123,1;125,127,12
53|27|2,5,0;6,7,15;34,35,15;52,55,0;66,68,12;91,94,6
53|28|10,14,7;16,17,9;34,38,1;56,57,15;57,58,16;61,66,0;71,74,0;75,76,15;76,77,16;80,83,0;101,102,15
53|29|13,18,1;18,22,6;32,36,6;55,57,14;65,66,15;72,73,17;73,74,9;77,78,15;78,79,16
53|30|2,3,9;10,12,14;18,23,5;26,27,15;40,43,0;70,74,6;80,84,6;91,92,9;116,117,15
53|31|18,19,15;19,20,16;25,26,9;28,29,9;42,43,15;56,58,14;63,64,15;77,79,12;83,85,17;99,101,17;106,108,14;113,114,15;132,134,17;137,138,15
53|32|12,14,14;28,30,12;35,36,15;47,48,15;54,55,9;67,68,15;68,69,16;81,84,0;95,96,9;101,102,15;145,148,6;152,157,5;160,161,15;179,182,6;189,192,0;193,198,6;210,213,0;215,216,9;238,240,13;240,242,17;245,248,6;278,279,15
53|33|13,14,15
53|34|17,23,1
53|35|4,7,6;9,10,9;18,19,15
53|37|4,6,14;8,9,9;15,16,15
53|38|22,27,1
53|39|4,9,2;20,23,6;23,24,9
53|40|4,7,0;16,17,9
53|41|2,5,0;8,10,14;13,14,9;17,18,15;24,26,12;29,30,15
53|42|4,7,0;23,24,15;28,31,6
53|43|4,7,0;9,10,9;29,31,14
53|44|4,7,0;9,10,9
53|45|4,7,0;9,10,9;18,19,15;19,20,16;32,33,15;33,34,16;44,45,15;49,52,6
53|46|2,7,1;7,9,14
53|47|4,7,0;17,18,15;18,19,16;19,22,0;29,30,15
53|48|4,7,0;9,10,9;29,31,14
53|49|4,7,0;9,10,9;22,23,15;23,24,16
53|50|4,7,0;9,11,13;28,29,15
53|51|9,11,17;16,18,13;21,23,14
53|52|13,19,1;19,23,6;23,25,14;32,35,0;46,48,17;67,69,14
53|53|2,3,15
53|54|8,9,9
53|55|15,17,12
53|56|2,3,9;13,19,1;22,23,15;23,24,16;24,27,0;32,33,15
53|57|9,10,15
53|58|15,19,6;23,24,15
53|59|11,12,9;16,17,15;35,36,10
53|60|22,24,14;26,27,10
53|61|4,7,6;12,13,9;17,18,10
53|62|2,3,15;10,12,17;23,24,15;31,35,17
54|1|1,3,14;12,13,15;13,14,16;25,26,15;26,29,6;33,34,15
54|2|4,8,1;12,14,17;21,26,1;33,35,17;46,48,17;54,60,1
54|3|10,12,17;15,16,15;23,25,13;25,27,17;34,36,12;58,64,1
54|4|6,8,14;11,13,12;17,22,5;25,26,15;31,33,8;34,36,12
54|5|7,11,8;12,13,9;18,25,6;36,37,15;37,38,16;38,41,0
54|6|30,32,14;35,36,15;36,37,16;56,62,1
54|7|11,13,14;15,16,9;40,41,15;45,47,14;57,60,0;71,77,1;77,80,6
54|8|19,20,15;20,21,16;38,39,15;43,44,9;54,55,9
54|9|14,16,14;34,39,6;47,49,17;52,54,14;68,70,17;73,75,14;79,84,1;84,85,15
54|10|15,17,13;20,23,0;33,38,6;38,39,15;39,42,6
54|11|10,12,13;15,17,14;19,20,9;23,24,15;24,25,16;30,32,12;39,41,12;42,48,1
54|12|13,14,15;29,35,6;35,36,15;44,45,15;49,51,12;58,61,13;67,72,6;72,74,14
54|13|10,11,9;33,34,9;35,40,1
54|14|2,4,14;26,28,12;29,35,2;37,41,6
54|15|6,7,3;17,18,9;20,22,13;29,34,6;41,46,1
54|17|6,8,14;20,21,15;35,36,16;53,58,1
54|18|14,19,6
54|19|2,5,0;5,7,13;35,41,6;46,52,6;66,72,1
54|20|2,5,6;8,9,15;9,10,16;10,13,0;21,24,0;44,50,1;50,53,6
54|22|6,8,14;20,21,15;35,36,16;53,58,1
54|23|20,21,15;21,22,16;22,25,0
54|24|7,9,13;9,11,17;19,26,1;26,29,0;33,34,9;37,44,1;53,55,13;58,61,0;61,63,13;67,74,2;82,83,9;84,89,1
54|25|11,12,15;12,13,16;33,36,8
54|26|17,24,1;27,28,15;39,40,15
54|27|2,5,0;16,18,17;19,20,15;20,21,16;21,24,0;37,43,2;50,51,15;57,59,14;66,67,15
54|28|16,19,0;20,21,15;25,27,12;37,41,8;64,70,1
54|29|9,11,17
54|31|2,5,0;5,7,13;38,43,1;43,44,9;49,54,6;60,62,17;73,74,15
54|32|6,8,14;20,21,15;35,36,16;53,58,1
54|33|21,25,8;26,27,15;27,28,16;28,31,0
54|34|2,5,0;5,7,13;45,47,13;58,66,1;73,74,9;76,80,7
54|35|8,14,1;19,22,6;32,33,9;40,42,14;48,52,6
54|36|6,8,14;11,14,6;18,22,7;22,24,14;43,45,17;48,49,15;49,50,16;50,53,0
54|37|6,8,14;11,12,9;22,26,6;32,33,9;44,46,13;68,70,17
54|38|6,8,14;18,22,7;35,41,1
54|39|8,10,17
54|40|6,8,14;20,21,15;35,36,16;53,58,1
54|41|6,8,14;11,13,12;33,34,15;34,35,16;35,38,0
54|42|8,10,17;19,20,9;45,46,9;64,70,1;70,72,14
54|43|20,26,1;31,33,17;35,37,12;53,57,7;59,61,12;64,69,6;71,72,15;72,73,16
54|44|29,35,1;35,38,6
54|45|11,12,15;34,35,15;35,36,16
54|46|5,6,15;6,7,16;31,32,15;32,33,16;44,46,14
54|47|2,5,0;6,7,15;11,13,14;29,30,9;31,36,1
54|48|23,24,15;24,25,16;25,28,0;57,59,17
54|49|2,5,0;24,26,14;28,29,9
54|50|4,6,13;15,17,13;27,28,9;33,38,6;43,47,8;48,49,15
54|51|6,8,14;19,21,13;45,50,1
54|52|13,18,6;30,31,15;31,32,16
54|53|14,19,1;25,31,1
54|54|2,5,0;6,7,15;26,29,0;29,30,9;31,36,1
54|55|6,8,14;15,17,14;22,25,6;32,38,1;38,40,14
55|1|1,2,16;9,10,10
55|2|8,9,15;17,18,10
55|3|7,8,15;12,15,6;15,16,10
55|4|10,11,15;17,18,10
55|5|1,2,16;12,13,15;30,31,10
55|6|2,3,15;3,4,16;4,7,0;7,9,14;14,15,15;15,16,16;32,33,10
55|7|2,3,15;3,4,16;9,11,12;33,34,15;41,42,10
55|8|9,11,14;15,17,17;22,23,15;30,31,10
55|9|10,12,17;13,14,15;25,26,15;50,52,17;53,54,15;61,62,10
55|10|2,3,15;30,31,10
55|11|9,10,9;15,20,1;20,21,15;21,22,16;22,25,0;36,37,15;45,46,10
55|12|2,3,15;15,16,15;27,28,15;28,29,16;36,37,10
55|13|15,17,12;40,41,10
55|14|7,8,15;12,15,6;15,16,9;21,25,6;29,30,9;31,36,6;36,37,15;44,45,10
55|15|9,10,15;14,16,11;16,19,0;22,27,1;31,37,1;37,42,1;42,43,10
55|16|15,17,12;40,41,10
55|17|6,7,15;30,31,15;41,42,10
55|18|15,17,12;40,41,10
55|19|7,8,15;31,32,10
55|20|19,25,2;29,31,14;35,36,10
55|21|15,17,12;40,41,10
55|22|19,20,15;20,21,16;33,34,15;42,43,10
55|23|15,17,12;40,41,10
55|24|7,8,15;18,19,15;23,26,6;37,38,15;49,50,15;58,59,10
55|25|15,17,12;40,41,10
55|26|23,24,10
55|27|4,6,14;13,15,14;30,31,15;37,38,9;43,44,15;52,53,10
55|28|15,17,12;40,41,10
55|29|11,12,9;15,19,6;21,22,15;22,23,16;28,29,9;31,32,9;37,38,15
55|30|15,17,12;40,41,10
55|31|26,27,15;27,28,16;35,36,10
55|32|15,17,12;40,41,10
55|33|2,3,9;12,13,15;17,20,0;23,24,15;28,31,6;37,38,15;53,57,6;57,60,6;63,65,17;73,75,14;81,82,15;82,83,16;88,89,9;91,92,9;97,98,15;109,110,15;110,113,6;116,118,17;127,130,6;151,152,10
55|34|15,17,12;40,41,10
55|35|27,33,1;33,38,1;40,45,1;51,56,6;62,65,6;69,70,10
55|36|15,17,12;40,41,10
55|37|8,9,15;9,12,6;18,19,15;19,20,16;25,27,12;47,52,6;52,53,15;53,54,16;59,60,10
55|38|15,17,12;40,41,10
55|39|11,17,2;31,35,6;36,38,8;41,43,13;46,50,6;48,53,1;59,61,11;61,63,0
55|40|15,17,12;40,41,10
55|41|9,10,15;14,16,14;31,32,9;50,51,15;51,52,16;52,55,0;57,58,9;64,65,15;69,71,14;73,74,10
55|42|15,17,12;40,41,10
55|43|2,3,9;7,8,9;13,16,0;19,20,15;43,44,15;48,50,14;54,55,10
55|44|40,41,10
55|45|15,17,12;40,41,10
55|46|30,31,9;34,37,0;39,40,10
55|47|15,17,12;40,41,10
55|48|7,9,13;16,17,10
55|49|15,17,12;40,41,10
55|50|21,23,14;27,28,10
55|51|15,17,12;40,41,10
55|52|11,15,6;21,22,9;27,32,6;36,37,10
55|53|15,17,12;40,41,10
55|54|26,30,8;33,35,12;54,56,14;59,66,1;72,73,15;77,80,0;89,90,10
55|55|15,17,12;40,41,10
55|56|5,8,0;11,12,9;16,17,9;20,21,15;21,22,16;37,39,14;45,48,0;51,55,6;53,58,6;58,60,14;75,77,11;77,79,0
55|57|15,17,12;40,41,10
55|58|4,7,0;9,12,0;13,14,15;27,28,15;36,37,10
55|59|15,17,12;40,41,10
55|60|9,11,12;14,15,15;23,24,9;34,35,15;43,44,10
55|61|15,17,12;40,41,10
55|62|4,8,6;19,22,0;24,25,10
55|63|15,17,12;40,41,10
55|64|2,4,14;6,8,11;8,11,0;13,14,10
55|65|15,17,12;40,41,10
55|66|29,30,10
55|67|15,17,12;40,41,10
55|68|11,12,9;17,22,1;27,32,1;34,37,0;37,38,10
55|69|15,17,12;40,41,10
55|70|5,8,0;15,16,9;23,24,10
55|71|15,17,12;40,41,10
55|72|4,10,1;10,12,14;17,18,9;19,24,6;26,27,15;33,34,10
55|73|15,17,12;40,41,10
55|74|7,9,14;15,18,0;21,25,6;23,28,6;28,30,14;45,47,11;47,49,0
55|75|15,17,12;40,41,10
55|76|35,40,1;42,44,14;56,57,10
55|77|15,17,12;40,41,10
55|78|4,5,9;10,11,15;28,29,15;35,36,9;41,42,15;50,51,10
56|1|15,16,15
56|2|11,13,14
56|3|8,14,2
56|4|14,15,15
56|5|10,11,15
56|6|14,16,12;17,23,1;24,26,8
56|7|4,7,6;16,17,9;18,24,6;26,27,9
56|8|8,9,9;12,13,15;28,30,13;37,38,9;41,42,15
56|9|8,9,9;12,13,15;29,31,13;38,39,9;42,43,15
56|10|2,3,15;3,4,16;7,8,9;16,17,15;17,18,16;21,22,9;26,27,10
56|11|2,4,17;6,8,12;13,14,15;25,26,10
56|12|6,9,0;9,10,9;13,14,15;14,15,16;15,18,0;20,21,10
56|13|6,12,1;15,16,15;25,26,10
56|14|8,14,1;17,18,15;26,27,10
56|15|12,18,1
56|16|31,32,9;36,37,10
56|17|25,26,9;27,33,1;40,41,10
56|18|10,15,1;33,39,1;39,44,1;46,47,10
56|19|34,37,6;39,40,10
56|20|4,5,9;10,16,1;16,19,0;32,33,10
56|21|14,20,1;20,23,0;33,34,10
56|22|10,11,10
56|23|8,9,9;12,13,15;13,14,16;24,25,15;33,34,10
56|24|4,6,12;7,11,8;22,24,17;33,34,10
56|25|28,34,1
56|26|11,17,6;19,20,9;21,27,6;29,30,9
56|27|8,9,9;12,13,15;25,27,13;34,35,9;38,39,15;45,46,10
56|28|6,8,14;9,15,1;19,20,10;20,21,14
56|29|7,13,1;13,16,6;16,17,10;17,18,14
56|30|6,12,1;16,17,10;17,18,14
56|31|4,6,12;7,13,1;17,18,10;18,19,14
56|32|4,5,9;10,15,6
56|33|7,9,14;15,20,1
56|34|7,13,1
56|35|2,5,0;5,7,13;10,13,6;17,18,9;20,23,0;26,29,6;29,31,12
56|36|10,11,9;13,16,0;19,21,14
56|38|9,10,9;13,14,15;20,21,10
56|39|6,12,1;15,16,15;25,26,10
56|40|8,14,1;17,18,15;26,27,10
56|41|8,9,9;12,13,15;13,14,16;25,27,13;34,35,9;38,39,15;39,40,16;45,46,10
56|42|10,15,1;19,20,10
56|43|6,12,1;12,16,1;20,21,10
56|44|11,16,1;24,25,10
56|45|2,5,0;16,18,17;21,23,14;28,29,9;42,43,10
56|46|8,10,17;28,29,15;33,36,6;37,38,15;44,45,10
56|47|8,10,17;42,45,0;53,59,1;63,64,9;72,75,0;81,83,14;88,89,10
56|48|9,11,12;17,18,15;27,28,10
56|49|7,10,0;11,12,15;27,28,15;36,37,10
56|50|4,6,14;27,28,9;36,42,1;46,47,10
56|51|2,5,0;8,11,0;25,26,15;26,27,16;30,32,11;39,40,15;51,52,10
56|52|14,18,6;21,27,1;27,31,6;34,35,10
56|53|22,23,15;29,30,10
56|54|4,5,9;27,28,15;34,35,10
56|55|4,5,9;20,21,15;25,26,10
56|56|2,3,9;25,26,15;26,27,16;30,31,10
56|57|11,13,14;15,16,9;40,41,10
56|58|12,17,5;25,26,10
56|59|4,7,6;23,25,13;38,39,15;43,44,9;48,49,10
56|60|29,30,15;63,64,10
56|61|4,7,13;10,15,1;29,30,9;41,44,6;71,72,10
56|62|6,8,14;20,21,15;21,22,16;22,25,0;32,33,15;62,63,10
56|63|12,17,5;27,28,10
56|64|4,7,6;23,25,13;38,39,15;39,40,16;43,44,9;48,49,10
56|65|9,11,12;24,25,9;32,33,9;34,40,6;58,59,10
56|66|2,5,0;17,18,10
56|67|21,22,10
56|68|15,16,15;20,22,12;25,26,15;41,42,10
56|69|4,7,6;12,15,6;30,31,15;52,53,15;57,60,6;62,63,10
56|70|9,11,12;22,23,9;32,38,6;54,55,10
56|71|15,16,15;16,17,16;17,20,0;24,25,15;37,38,10
56|72|4,7,6;12,15,6;32,34,13;47,48,15;52,55,6;58,59,10
56|73|15,16,9;29,34,1;38,39,9;40,47,2;51,53,14;55,56,10
56|74|12,13,15;26,27,15;33,34,10
56|75|6,8,13;11,13,14;24,25,9;30,31,15;31,32,16;32,35,0;37,38,10
56|76|4,7,0;9,10,9;18,24,2;43,44,10
56|77|2,5,0;7,8,9;19,24,6;26,27,10
56|78|8,9,9;10,16,1;20,21,10
56|79|14,16,13;24,25,15;36,37,10
56|80|2,5,6;7,13,1;13,18,2;22,23,15;27,28,9;32,33,10
56|81|8,9,9;13,14,15;26,29,6;29,34,5;34,36,14;40,41,10
56|82|4,6,14;27,30,0;44,45,10
56|83|8,10,13;26,27,15;35,36,10
56|84|4,7,6;18,23,6;23,26,6;28,29,10
56|85|11,13,14;29,32,6;39,40,9;42,47,2;51,53,14;57,58,10
56|86|8,10,13;13,17,6;17,20,6;37,38,10
56|87|13,15,13;18,22,6;22,25,6;30,31,9;35,36,10
56|88|4,7,0;7,9,13;12,16,6;25,26,15;37,38,10
56|89|7,12,1;20,25,1;27,30,0;37,38,10
56|90|4,7,0;7,9,13;12,16,6;31,32,9;35,36,15;42,43,10
56|91|6,7,9;8,14,2;28,29,9;32,33,15;39,40,10
56|92|4,7,0;7,9,13;12,16,6;25,26,15;41,42,15;42,43,16;46,48,11;51,52,10
56|93|7,13,1;20,21,10
56|94|17,18,10
56|95|2,5,0;8,9,9;26,27,15;33,34,10
56|96|12,13,15;26,27,15;33,34,10
57|1|24,25,15;25,26,16;31,32,9;34,35,9;40,41,15;59,60,15;70,71,15;77,78,10
57|2|4,5,9;13,14,15;14,15,16;20,21,9;23,24,9;29,30,15;47,48,9;86,91,6;93,94,10
57|3|5,6,15;18,19,15;35,36,9;82,83,10
57|4|5,6,15;20,21,15;21,22,16;27,28,9;30,31,9;36,37,15;65,70,6;70,73,0;74,75,15;90,91,15;126,127,15;167,170,6;178,179,15;179,180,16;185,187,12;243,246,6;253,254,15;283,284,10
57|5|5,6,9;14,15,15;15,16,16;21,22,9;24,25,9;30,31,15;50,51,15;67,68,15;74,75,10
57|6|8,9,15;21,22,15;22,23,16;23,26,0;42,43,15;43,44,16;44,47,0;57,58,15;81,85,8;92,93,15;93,94,16;99,100,10
57|7|8,10,17;13,14,15;32,33,9;38,41,6;44,46,17;49,52,0;62,67,5;91,92,15;109,111,17;114,117,6;124,127,6;130,132,17;142,144,14;145,150,6;152,153,10
57|8|31,32,15;43,44,15;44,45,16;56,58,14;77,79,17;96,98,14;111,112,9;121,125,6;125,128,6;128,133,5;139,140,10
57|9|5,6,15;32,34,14;38,40,13;46,47,9;48,52,8;58,59,9;60,66,2;76,81,5;84,85,15;85,86,16;93,94,9;103,104,15;104,105,16;105,108,0;118,121,0;122,123,15;145,151,2;153,154,10
57|10|22,25,6;28,30,17;43,44,15;66,67,9;70,71,15;71,72,16;77,78,9;80,81,9;86,87,15;114,117,6;117,122,5;127,130,6;135,139,6;139,141,14;144,145,15;158,159,9;168,170,17;172,174,12;195,201,1;204,205,15;216,219,6;222,224,17;228,231,8;241,242,9;247,249,17;258,264,1;269,270,15;277,278,15;293,294,15;323,324,10
57|11|3,7,6;9,10,15;19,21,14;26,27,15;47,53,6;57,58,9;64,65,9;70,71,9;78,80,13;83,85,14;86,91,6;93,94,10
57|12|13,14,15;30,31,15;41,42,9;61,65,7;92,93,9;97,101,7;106,107,9;112,113,15;124,127,0;127,128,9;129,134,6;134,136,14;142,146,6;154,155,15;163,164,9;169,170,9;189,190,9;200,201,15;210,211,15;217,218,10
57|13|15,16,15;22,23,9;33,34,15;40,41,9;45,46,9;68,70,17;71,72,15;72,75,6;84,86,14;95,100,1;114,115,15;122,124,17;129,131,12;140,141,15;150,152,17;157,163,6;178,182,7;186,192,2;194,195,9;200,204,8;212,213,9;220,221,15;221,222,16;236,237,9;243,244,9;247,251,6;258,259,15;265,266,10;266,267,14
57|14|26,31,1;46,48,17;60,61,9;63,66,0;75,78,6;83,86,6;111,112,15;116,118,14;137,138,15;161,163,12;173,174,15;190,194,7;194,195,15;202,203,15;209,210,10
57|15|2,3,15;27,30,6;35,37,14;40,45,1;54,55,15;71,73,17;83,84,9;89,90,15;90,91,16;91,94,0;112,113,9;129,130,15;136,137,10
57|16|34,36,13;36,38,17;41,45,6;73,74,15;99,100,15;122,124,17;127,128,15;143,145,17;146,147,15;153,154,9;159,163,6;163,165,14;187,188,15;228,234,1;243,244,9;248,249,10
57|17|7,9,13;9,11,17;14,17,0;18,19,15;33,34,15;64,66,14;72,75,0;84,85,15;91,92,9;115,116,10
57|18|2,5,0;6,7,15;25,26,15;38,39,9;46,48,14;53,55,17;56,57,15;77,83,1;85,86,9;109,111,14;112,117,6;119,120,10
57|19|2,3,15;20,22,17;25,26,15;43,45,13;48,50,17;52,54,12;64,65,15;65,66,16;83,84,15;84,85,16;92,94,12;99,102,6;122,124,14;147,148,15;164,166,17;177,179,17;188,189,9;193,195,13;198,200,17;202,204,12;215,216,9;219,220,15;226,227,10
57|20|7,9,13;9,11,17;14,17,0;21,22,15;28,29,17;29,30,9;33,34,15;34,35,16;49,54,1;59,64,1;70,75,1;83,87,8;107,112,6;114,115,15;123,124,9;129,130,15;138,139,9;169,170,15;190,191,9;194,197,0;213,214,9;225,231,6;231,234,0;247,248,9;249,257,1;261,262,15;279,284,6;288,293,1;302,308,1;327,328,9;329,336,1;347,348,17;348,349,9;361,363,13;375,376,9;386,387,10
57|21|7,9,13;9,11,17;28,34,1;34,39,2;51,54,0;76,77,15;77,78,16;83,85,12;90,91,15;129,131,17;134,135,15;152,153,9;158,159,9;171,172,15;191,195,1;197,199,12;206,207,15;218,219,15;228,229,15;235,236,10
57|22|2,4,13;15,20,1;26,31,6;33,34,15;51,53,13;56,59,6;81,82,9;83,89,1;89,93,6;93,95,14;100,105,1;105,107,14;113,117,13;120,123,0;126,127,9;138,139,15;150,151,10
57|23|19,21,17;58,60,17;65,67,13;74,75,9;84,85,15;118,123,6;125,126,10
57|24|12,14,14;36,37,15;37,38,16;38,41,0;47,48,15;63,67,1;79,82,0;83,84,15;96,97,15;107,108,15;114,115,10;115,116,14
57|25|4,6,14;31,32,15;41,42,9;49,52,6;67,68,15;74,75,9;80,81,15;102,103,15;103,104,16;104,107,0;113,114,15;129,132,6;138,139,15;160,165,6;169,174,1;178,179,9;186,187,16;187,190,0;207,208,15;217,221,1;221,224,6;228,229,9;240,241,9;244,245,15;258,261,0;262,263,15;282,283,10
57|26|6,8,14;25,31,1;33,35,14;37,38,9;76,77,15;77,78,16;78,81,0;91,92,15;98,99,9;112,117,5;122,129,1;135,141,1;150,151,9;155,156,10
57|27|2,5,0;21,24,13;30,31,9;35,39,7;71,72,15;72,74,14;97,98,9;101,102,15;106,109,6;137,138,15;147,148,15;166,171,1;178,183,1;198,199,15;199,201,14;220,222,14;224,225,9;247,248,15;248,250,14;254,256,12;265,266,9;269,270,15;328,329,15;346,348,17;360,362,14;379,385,1;394,395,9;399,400,10
57|28|2,4,13;13,14,15;31,33,17;34,35,15;41,43,17;44,45,15;62,64,17;76,77,9;102,107,2;115,116,9;121,123,14;139,145,6;157,158,9;181,182,15;195,201,2;203,204,10
57|29|26,27,15;33,34,9;46,48,14;68,74,1;74,78,6;83,84,15;97,100,0;101,102,15;118,119,15;138,142,1;144,146,12;153,154,15;165,166,15;175,176,15;182,183,10
58|1|2,4,14;12,13,15;27,28,15;39,40,9;71,73,13;80,81,15;90,91,15;120,122,13;127,130,0;131,132,15;145,149,8;152,153,10
58|2|14,15,9;25,28,6;28,33,5;33,38,1;40,42,12;46,51,5;55,58,0;61,64,0;66,67,9;83,86,0;88,89,9;103,104,15;107,109,12;118,120,14;133,136,0;156,159,6;160,167,1;170,171,15;186,194,1;196,199,0;200,201,15;222,223,10
58|3|2,3,15;16,17,9;27,32,1;34,36,12;45,48,0;72,74,17;94,100,1;100,104,6;104,106,14;111,115,1;119,121,11;130,131,9;153,156,9;159,160,15;189,190,10
58|4|4,9,2;16,18,14;58,62,6;62,64,14;69,73,1;77,79,11;90,95,2;113,115,14;138,146,6;146,147,9;163,165,17;168,169,15;187,188,9;208,209,15;226,227,9;247,248,10
58|5|2,5,0;6,7,15;20,22,11;29,30,15;48,49,9;57,59,17;73,74,15;85,89,6;89,91,14;104,106,14;109,112,6;116,118,13;124,125,9;126,130,8;136,137,9;138,145,1;151,152,9;166,172,1;174,175,10
58|6|9,11,14;20,21,15;34,40,6;51,55,7;65,67,13;67,69,17;79,80,9;83,84,15;105,106,15;131,136,6;138,139,10;139,140,14
58|7|14,17,0;18,19,15;43,44,15;44,45,16;50,51,9;53,54,9;67,68,15;93,98,1;98,100,14;109,110,9;182,184,13;187,189,14;196,200,6;200,201,9;210,212,13;260,262,17;267,270,0;282,286,7;297,299,17;307,308,15;314,315,9;324,327,0;328,329,15;355,356,10
58|8|18,19,15;33,35,17;41,42,15;42,43,16;43,46,0;46,48,14;55,58,0;81,83,17;99,100,9;109,110,15;121,122,15;126,128,14;130,131,9;147,148,15;148,149,16;168,170,12;212,213,15;235,237,13;240,243,6;271,272,15;310,313,0;341,342,15;348,349,10
58|9|2,4,13;13,14,15;30,32,13;32,34,17;45,46,9;67,68,9;72,74,17;77,78,15;89,90,15;94,96,14;98,99,9;115,116,15;116,117,16;132,133,9;137,139,17;142,143,15;153,154,15;154,155,16;158,160,14;169,170,15;176,178,17;179,180,15;187,188,15;193,195,13;213,214,10
58|10|2,5,0;9,10,15;10,11,16;11,14,0;14,16,14;26,27,15;27,28,16;35,36,9;50,51,15;68,70,17;84,86,11;119,120,15;137,138,15;161,162,15;172,173,10
58|11|2,4,13;13,14,15;30,32,13;32,34,17;64,66,17;71,72,15;78,79,9;86,87,15;94,96,17;106,107,15;137,138,15;138,141,6;144,146,17;149,150,15;150,153,6;156,158,17;168,169,15;176,177,15;194,196,17;199,202,6;207,208,15;223,225,17;226,227,15;242,243,9;244,251,1;251,252,15;281,282,10
58|12|2,4,13;13,14,15;30,32,13;32,34,17;43,44,9;53,54,15;54,55,16;74,76,17;93,95,14;98,99,9;111,118,6;118,119,9;129,135,2;144,146,14;157,162,2;172,174,17;179,182,0;183,184,15;197,203,2;205,206,10
58|13|8,10,14;17,21,6;29,31,17;48,50,14;53,54,9;65,66,9;67,74,6;93,95,17;104,105,15;133,135,17;136,137,15;137,138,16;143,144,17;144,145,9;156,158,17;159,160,15;160,161,16;166,167,17;167,168,9;181,183,17;184,185,15;203,204,9;209,210,15;223,227,8;240,241,10
58|14|20,21,15;39,41,17;57,58,15;73,78,5;82,87,5;87,90,6;128,129,15;153,154,10
58|15|8,9,15;29,35,6;46,49,0;56,58,12;71,73,17;82,83,10
58|16|8,10,13;10,12,17;19,20,9;29,32,0;33,38,6;44,46,17;49,53,6;59,60,15;82,88,1;90,91,10
58|17|3,7,6;29,30,9;41,43,13;50,51,9;55,60,5;63,64,15;84,86,17;88,90,12;101,102,9;105,106,15;106,107,16;107,110,0;130,131,9;135,136,10
58|18|9,11,14;20,21,15;34,40,6;56,57,9;101,104,0;129,131,13;134,137,0;147,148,15;152,153,9;157,158,10
58|19|23,24,15;24,25,16;32,33,9;40,43,6;44,45,9;57,58,15;69,71,17;73,75,12;87,88,15;88,89,16;96,97,9;106,108,13;111,114,0;122,123,15;123,124,16;131,132,9;140,141,15;145,146,9;150,151,10
58|20|2,5,0;6,7,15;20,22,11;29,30,15;48,50,13;53,55,17;57,59,12;68,69,15;78,79,10
58|21|7,8,15;25,28,0;44,46,13;51,54,0;55,56,15;75,76,10
58|22|17,23,1;35,36,15;45,46,15;55,56,15;69,71,11;85,87,11;110,111,9;124,126,13;126,128,17;134,136,12;150,152,14;154,156,12;174,175,9;205,207,17;209,211,12;247,248,9;262,266,7;270,276,1;287,289,14;300,303,0;303,304,9;305,310,6;310,312,14;318,322,6;339,340,9;345,346,9;394,396,17;408,410,17;412,414,12;440,442,13;445,448,0;480,481,10
59|1|24,25,15;25,26,16;31,32,9;34,35,9;48,49,15;67,68,15;78,79,15;85,86,10
59|2|5,6,15;11,13,13;23,24,15;40,42,17;55,56,15;62,63,9;68,72,6;74,75,9;92,93,15;112,115,6;120,124,1;131,135,17;140,143,0;143,145,13;145,147,17;150,153,0;155,160,5;181,186,5;189,190,15;204,205,9;210,211,15;246,248,17;276,277,15;277,278,16;309,313,7;335,336,15;352,353,15;362,364,17;367,369,13;371,373,17;377,378,15;382,384,14;386,387,10
59|3|8,10,13;13,17,6;22,23,15;41,42,15;48,50,12;71,72,15;72,73,16;97,98,15;119,122,0;122,123,10
59|4|2,3,9;12,15,0;22,24,11;28,30,17;31,32,15;50,53,9;58,62,1;64,66,11;70,71,15;82,85,0;86,87,15;102,103,15;109,110,10;110,111,14
59|5|12,17,5;17,22,2;50,52,12;63,66,13;89,90,15;110,111,15;115,116,9;120,121,10
59|6|4,6,13;11,13,12;16,17,15;40,41,9;55,57,13;90,95,1;105,110,1;112,113,9;115,118,0;119,120,15;145,146,9;156,160,1;162,164,12;171,172,15;197,202,6;204,205,10
59|7|3,5,13;10,12,12;15,16,15;39,40,9;53,54,15;77,78,16;95,96,15;109,110,15;116,117,9;124,125,15;131,132,9;140,141,15;141,143,14;146,147,15;147,148,16;180,184,8;190,191,15;201,203,12;208,211,6;220,222,13;229,230,9;235,236,15;236,237,16;267,268,9;282,283,15;283,286,6;289,291,17;296,297,15;303,305,17;306,307,15;318,321,0;322,323,15;338,339,15;345,346,10;346,347,14
59|8|10,12,12;15,16,15;22,23,9;31,32,15;50,52,17;55,59,6;61,62,9;77,78,9;87,89,14;102,109,1;112,113,15;128,129,9;130,136,1;138,141,6;147,148,15;166,168,13;173,175,17;177,179,12;189,190,15;190,191,16;194,195,9;199,200,10
59|9|2,3,15;23,24,15;24,25,16;34,35,15;42,43,9;48,52,6;52,54,14;134,140,1;140,143,0;143,145,13;152,154,17;173,176,13;179,182,6;217,224,1;226,230,1;248,249,9;254,256,17;258,260,12;270,271,15;281,282,10
59|10|2,3,15;14,16,12;23,26,8;56,57,15;80,81,9;87,88,15;110,111,15;118,119,9;130,132,14;156,163,2;180,182,17;190,192,13;195,198,0;207,213,2;215,216,10
59|11|20,21,15;38,40,17;60,61,9;68,69,15;85,87,17;100,101,15;107,108,9;124,126,14;141,144,0;189,195,1;197,201,6;215,218,6;220,223,0;230,231,15;249,252,0;261,262,9;266,267,10
59|12|16,18,17;50,54,6;60,62,17;69,72,6;88,93,1;112,115,0;116,117,15;121,123,14;125,126,9;131,134,0;141,144,6;146,147,10
59|13|4,7,6;25,30,6;41,46,5;49,50,15;61,62,9;71,74,0;84,90,2;100,101,10
59|14|8,9,9;44,51,1;68,72,1;74,76,12;84,90,8;97,101,7;116,123,6;140,146,1;170,171,9;180,183,0;193,199,2;209,210,10
59|15|9,10,15;21,25,6;25,27,14;40,48,6;52,54,17;95,96,10
59|16|9,10,15;10,11,16;18,19,9;39,42,6;42,43,9;46,47,15;58,61,0;78,81,0;87,89,12;90,96,1;96,99,6;102,105,0;105,107,13;116,117,15;130,131,15;135,136,9;140,141,10
59|17|10,11,9;21,23,13;26,29,0;39,40,15;40,41,16;41,44,0;50,51,9;73,74,9;83,85,12;87,89,17;90,91,15;91,92,16;95,96,9;100,101,10
59|18|2,4,13;13,14,15;31,33,17;34,35,15;41,43,17;44,45,15;58,61,6;69,75,1;92,99,1;99,100,15;106,108,17;109,110,15;121,124,0;125,126,15;139,143,8;156,157,10
59|19|14,16,17;19,20,15;34,36,17;37,38,15;49,52,6;53,54,9;61,64,6;75,77,17;79,81,12;91,92,15;96,97,9;101,102,10
59|20|12,14,13;21,22,9;25,26,15;26,27,16;27,30,0;42,43,9;46,47,15;51,54,0;65,66,9;69,70,15;74,77,0;85,86,15;90,92,12;96,97,10
59|21|7,10,6;18,19,9;23,24,15;48,54,2;64,65,9;68,69,9;72,79,1;87,94,1;106,107,15;125,126,15;134,135,9;152,153,16;153,156,0;183,184,10
59|22|5,6,15;13,14,15;23,25,13;30,31,9;50,51,9;56,57,15;68,69,15;69,70,16;75,76,9;88,89,15;89,90,16;97,98,9;101,102,15;102,103,16;108,109,10
59|23|5,6,15;13,14,15;23,25,13;30,31,9;46,47,15;56,57,15;68,69,15;69,70,16;75,76,9;79,80,15;91,92,15;105,106,15;116,117,15;128,129,15;147,149,14;151,152,9;155,156,15;165,168,0;178,179,10
59|24|5,6,15;13,14,15;18,19,9;24,25,15;35,36,15;55,56,15;64,66,12;69,70,15;97,98,9;107,108,15;108,109,16;114,115,9;117,118,9;123,124,15;142,143,15;153,154,15;160,161,10
60|1|2,4,13;13,14,15;31,33,17;48,50,17;82,84,12;105,109,7;109,110,15;126,128,14;136,138,17;147,149,12;153,158,5;161,162,15;182,183,15;183,184,16;210,214,6;221,223,17;226,227,15;246,250,6;250,253,6;260,262,14;271,272,9;273,279,6;292,293,15;293,295,14;299,301,12;336,340,7;340,341,15;375,377,13;395,397,13;404,407,6;416,420,1;431,434,6;441,443,14;454,456,12;459,460,15;460,461,16;466,467,10
60|2|2,6,1;26,28,17;42,44,12;45,50,1;52,54,14;58,60,13;60,62,17;101,105,7;105,106,15;106,107,16;110,112,12;123,125,17;139,140,10
60|3|2,6,6;6,9,6;34,36,13;43,44,9;60,61,15;67,68,9;97,98,15;127,128,10
60|4|2,4,14;36,41,6;41,43,13;46,48,14;50,51,9;59,60,15;75,77,13;89,91,17;107,110,0;118,120,12;122,124,17;127,130,6;137,140,0;156,160,6;164,165,15;220,221,15;227,228,9;235,236,15;244,246,12;274,276,17;279,280,15;295,297,13;314,316,14;318,319,9;349,352,0;362,364,13;384,385,15;394,398,6;401,409,2;453,455,14;470,471,15;477,478,10
60|5|15,17,14;32,38,2;54,56,17;59,60,15;80,82,13;87,90,0;95,98,6;99,100,15;110,111,15;117,118,10
60|6|4,6,14;44,50,2;52,56,6;67,69,17;70,71,15;80,81,15;90,91,15;106,110,1;122,125,0;157,158,10
60|7|8,9,15;18,22,1;22,24,14;49,50,15;68,73,5;77,82,5;88,95,1;95,96,15;109,116,1;116,117,15;130,136,2;138,139,10
60|8|12,13,9;18,19,15;31,32,15;50,51,9;65,66,15;66,67,16;92,97,5;97,101,6;103,104,9;113,117,6;132,134,14;138,140,13;140,142,17;158,161,0;162,163,15;178,179,15;183,185,14;189,190,10
60|9|2,5,0;16,17,9;22,23,15;35,36,15;47,48,9;62,63,15;63,64,16;84,89,5;89,93,6;95,96,9;107,108,9;113,115,17;120,123,13;140,144,6;162,166,1;182,184,17;186,188,12;198,199,15;199,200,16;203,204,9;208,209,10
60|10|2,4,13;13,14,15;30,32,13;32,34,17;43,45,12;52,53,15;63,64,9;71,72,9;76,77,9;78,83,6;83,84,15;95,100,0;101,102,15;125,126,9;130,135,0;156,159,0;168,169,9;170,175,6;190,193,0;200,201,15;220,223,0;228,234,2;265,268,0;281,286,5;286,288,13;291,294,6;297,301,17;329,333,6;333,336,6;341,344,0;349,351,13;366,369,0;379,384,0;400,402,17;412,413,15;435,437,17;440,442,13;445,448,6;448,450,14;469,471,17;474,476,13;479,482,6;485,487,17;492,493,9;507,508,15;541,542,15;561,562,10
60|11|4,8,6;21,27,1;36,37,9;50,51,15;69,71,14;85,87,17;88,89,15;113,114,9;118,123,5;130,132,13;135,138,6;141,143,17;148,149,15;155,157,17;158,159,15;166,167,15;172,174,13;177,180,6;180,184,7;186,187,9;196,197,10
60|12|2,4,13;13,14,15;14,15,16;15,18,0;32,34,12;39,40,15;50,51,9;72,75,13;78,83,2;98,99,15;112,118,1;128,130,14;157,159,14;172,173,9;177,180,0;205,206,9;207,212,1;223,224,9;241,244,0;257,260,0;291,298,6;307,310,0;313,314,15;329,332,0;333,334,15;345,348,0;349,350,15;363,369,2;371,372,10
60|13|2,4,13;13,14,15;31,33,17;49,51,17;67,68,15;88,90,14;98,100,17;106,107,15;154,155,9;165,166,10
61|1|24,25,15;25,26,16;31,32,9;34,35,9;48,49,15;67,68,15;78,79,15;85,86,10
61|2|2,4,13;13,14,15;31,33,17;66,67,10
61|3|9,11,14;17,20,6;21,22,15;31,35,6;41,43,17;60,61,10
61|4|2,5,0;6,7,15;22,23,15;36,37,9;58,59,9;64,70,6;72,75,0;77,81,7;85,86,9;87,93,1;97,98,10
61|5|31,32,9;35,36,9;65,66,3;82,85,0;95,96,15;120,123,0;130,132,13;132,134,17;143,144,15;167,168,15;187,188,15;197,198,15;202,203,9;207,208,10
61|6|20,21,15;21,23,14;37,38,9;42,44,13;51,53,12;61,64,0;74,75,15;90,95,5;101,108,2;132,133,15;133,134,16;142,143,9;156,161,8;168,173,1;182,185,8;192,193,15;199,201,13;217,220,0;224,226,12;230,234,7;234,235,15;244,245,9;254,256,17;259,260,9;269,275,1;277,278,10
61|7|18,21,0;24,25,15;40,41,15;48,49,15;67,69,14;71,74,13;81,82,15;90,91,9;98,99,15;118,119,15;128,129,15;129,130,16;133,134,9;138,139,10
61|8|15,17,14;23,25,17;32,33,15;48,49,9;58,59,15;70,73,0;81,82,9;97,98,15;102,103,9;107,108,10
61|9|5,6,15;11,13,13;32,33,9;36,37,15;54,55,15;75,76,9;83,84,15;84,85,16;99,100,9;115,116,15;126,127,10
61|10|2,4,13;13,14,15;31,33,17;62,63,9;66,71,6;71,74,6;77,82,5;97,98,10
61|11|14,15,15;33,34,9;41,42,9;62,63,15;78,79,9;90,93,6;104,105,9;117,123,2;130,134,6;134,137,6;148,149,10
61|12|32,34,14;45,48,0;48,49,9;50,55,6;55,57,14;63,67,6;75,76,15;84,85,9;94,95,9;108,113,6;117,120,0;120,121,9;126,128,14;129,136,6;136,137,9;142,143,15;152,153,15;159,160,10
61|13|32,38,1;41,42,15;56,61,6;65,72,1;80,81,15;91,92,10
61|14|2,4,13;13,14,15;31,33,17;39,41,13;41,43,17;46,49,6;53,54,15;80,81,15;81,83,14;119,122,6;125,127,13;176,179,6;203,204,3;208,210,12;215,221,1;222,225,8;228,230,13;237,239,12;253,254,3;258,260,12;265,272,6;277,279,14;301,303,17;334,336,17;339,340,9;344,345,10
62|1|26,27,15;27,28,16;33,34,9;36,37,9;50,51,15;60,61,15;70,71,15;82,83,15;93,94,15;100,101,10
62|2|5,6,15;24,25,15;29,32,0;44,51,1;65,67,17;84,85,9;89,90,9;129,130,9;151,155,6;159,161,17;164,168,6;168,170,14;183,184,9;185,191,1;193,194,10
62|3|24,27,0;38,40,17;57,58,15;68,69,15;75,76,10
62|4|2,3,9;15,16,15;35,39,1;41,43,12;50,51,15;62,63,15;72,73,15;79,80,10
62|5|7,8,15;19,22,0;25,27,17;28,29,15;29,30,16;38,39,9;44,47,0;75,76,15;103,110,8;123,124,15;133,134,15;151,153,17;162,163,9;166,167,15;178,179,15;198,199,15;208,209,15;209,210,16;213,214,9;218,219,10
62|6|7,9,13;18,19,15;33,35,13;35,37,17;40,44,6;55,58,0;71,73,12;86,90,6;94,95,15;95,96,16;96,99,0;109,112,0;114,116,17;117,118,15;129,133,6;133,136,6;141,142,9;146,147,10
62|7|12,15,0;21,23,13;29,34,8;65,66,15;79,83,8;84,85,15;85,86,16;89,90,9;94,95,10
62|8|7,10,0;11,12,15;21,22,15;51,54,0;56,57,9;62,63,9;75,78,0;99,100,9;105,106,15;117,118,15;118,119,16;124,125,9;143,147,7;153,156,6;167,168,10
62|9|2,4,13;13,14,15;30,32,13;32,34,17;51,52,16;57,58,17;58,59,9;64,68,1;73,74,15;87,88,15;94,96,17;111,112,15;126,128,17;129,130,15;143,144,9;156,162,2;169,173,6;173,176,6;187,188,10
62|10|17,18,15;18,19,16;24,25,17;25,26,9;31,32,15;32,35,6;40,42,17;47,48,15;59,60,15;60,62,14;67,69,17;72,76,6;81,82,15;91,92,15;99,101,17;102,103,15;116,123,2;141,142,10
62|11|14,16,17;21,22,9;40,41,15;41,44,6;47,49,13;49,51,17;76,78,12;81,89,6;98,101,6;102,103,15;115,121,1;124,125,15;125,126,16;141,142,15;142,143,16;148,149,9;158,159,15;173,174,15;174,175,16;178,179,9;183,184,10
63|1|8,10,12;15,16,15;22,23,9;37,39,17;51,54,0;67,68,15;79,80,15;98,101,0;115,116,9;119,120,15;138,141,0;142,143,15;149,150,9;162,163,9;167,168,10
63|2|8,10,13;10,12,17;19,20,9;29,32,0;33,38,6;44,46,17;49,53,6;59,60,15;71,74,0;81,83,12;96,98,17;107,108,10
63|3|2,3,9;12,15,0;28,30,17;33,36,0;44,46,17;94,95,10
63|4|36,38,14;54,58,1;64,66,17;95,98,0;108,114,1;116,119,0;122,129,1;172,173,15;185,186,15;201,202,9;211,212,15;223,226,0;237,238,10
63|5|30,32,17;61,62,15;76,78,17;121,126,5;136,137,10
63|6|4,6,12;74,78,1;85,86,15;104,107,0;108,109,15;128,129,15;138,139,15;143,144,9;148,149,10
63|7|5,6,15;32,35,6;38,40,17;55,58,6;67,68,15;85,88,6;92,94,17;111,113,12;118,119,15;119,120,16;125,126,9;128,129,9;134,135,15;148,149,9;151,154,0;155,156,15;162,163,9;183,184,10
63|8|15,20,2;26,28,13;35,36,15;58,61,0;62,63,15;81,82,15;104,105,15;128,129,9;152,153,9;155,158,0;159,160,15;166,167,9;187,188,10
63|9|2,4,13;13,14,15;31,33,17;55,56,9;67,69,13;76,77,9;86,90,6;95,96,15;109,113,1;122,123,9;132,134,17;136,138,12;148,149,15;153,154,9;158,159,10
63|10|4,7,6;10,12,17;15,20,1;26,28,14;30,31,9;33,38,5;38,42,6;42,44,14;49,53,1;71,72,15;103,105,13;117,119,13;124,127,13;133,138,6;142,147,6;164,169,1;172,173,15;173,174,16;177,178,9;182,183,10
63|11|4,8,1;16,17,15;40,42,12;59,60,15;73,77,8;90,91,10
64|1|26,27,15;27,28,16;33,34,9;36,37,9;50,51,15;67,68,15;84,85,15;121,126,6;128,129,10
64|2|5,6,15;28,31,6;40,45,1;47,50,6;50,55,5;60,67,1;67,68,15;97,98,10
64|3|7,8,15;8,9,16;14,15,9;17,18,9;23,24,15;35,36,15;93,94,15;100,101,10
64|4|17,18,15;18,19,16;24,25,9;27,28,9;33,34,15;91,92,15;105,109,8;116,117,15;117,118,16;123,124,10
64|5|24,26,17;27,28,15;44,46,17;49,53,6;53,55,14;66,68,17;109,110,10
64|6|2,3,9;12,15,0;17,18,9;47,51,7;51,52,15;61,62,9;72,74,13;74,76,17;84,89,1;109,111,17;122,124,17;130,131,15;141,142,15;153,154,15;173,174,10;174,175,14
64|7|7,8,15;23,25,13;25,27,17;30,35,2;35,39,1;39,41,14;46,50,17;76,78,14;82,85,0;88,91,0;103,106,0;130,131,9;142,143,15;154,155,10
64|8|11,13,17;16,17,15;35,36,9;39,40,15;40,41,16;41,44,0;48,49,15;54,56,13;59,62,6;72,73,15;102,103,10
64|9|9,11,14;29,30,15;43,44,9;56,57,15;57,58,16;75,79,1;84,87,8;88,89,15;109,110,9;113,119,1;147,148,9;153,155,14;164,167,0;167,168,9;169,174,6;174,176,14;182,186,6;194,195,15;203,204,9;209,210,9;223,225,13;231,239,6;239,240,9;245,246,15;255,256,15;262,263,10
64|10|2,3,15;19,21,17;32,34,17;43,44,9;48,50,13;53,55,17;57,59,12;70,71,9;74,75,15;75,76,16;76,79,0;85,86,9;112,113,15;119,120,10
64|11|2,4,13;15,20,1;44,45,15;58,62,1;67,70,8;71,72,15;94,95,9;100,101,15;127,128,10
64|12|10,12,17;13,14,15;31,33,17;34,35,15;35,36,16;51,55,6;71,74,0;96,97,15;103,104,9;107,108,15;114,115,10
64|13|10,12,13;17,18,9;43,44,15;67,68,15;78,79,10
64|14|2,4,13;13,14,15;30,32,13;32,34,17;37,40,0;52,53,9;68,69,9;82,89,2;96,97,15;115,119,6;124,126,17;138,140,17;152,154,17;159,162,0;163,164,15;177,183,2;185,186,10
64|15|2,5,0;7,9,13;16,17,9;32,33,9;47,54,1;54,55,15;64,67,6;69,71,13;74,76,14;83,84,10
64|16|2,3,15;9,11,17;12,13,15;24,25,15;40,41,15;48,50,17;61,63,17;68,71,6;74,76,17;82,89,2;91,94,6;107,111,1;129,130,9;135,137,17;139,141,12;151,152,15;162,163,10
64|17|2,6,6;6,8,14;13,15,17;16,17,15;37,43,1;45,46,9;82,83,15;102,103,10
64|18|2,3,9;8,9,15;20,21,15;21,22,16;27,28,9;33,34,15;44,45,15;51,52,10
65|1|2,4,13;13,14,15;14,15,16;15,18,0;35,37,14;42,43,15;43,44,16;44,47,0;49,51,12;66,69,0;81,84,0;94,96,17;97,98,15;112,113,15;119,121,17;122,123,15;157,160,0;164,167,8;175,178,0;191,193,14;201,203,13;206,210,1;222,223,9;228,234,1;242,249,1;264,265,15;278,282,1;298,299,15;310,312,14;328,331,9;338,340,14;352,353,15;378,379,9
65|2|25,28,0;42,45,0;73,76,0;87,92,1;101,103,17;113,115,14;116,122,1;122,125,6;138,140,17;141,142,15;142,143,16;148,149,9;166,167,9;186,187,9;190,194,6;209,210,15;219,220,15;229,230,15;245,249,1;265,267,14;276,277,9
65|3|8,10,14;46,50,1;66,67,15;89,91,13;96,99,0;100,101,15;110,111,9;124,127,9;130,132,14;140,141,15;161,166,6;166,168,14
65|4|2,3,15;6,8,12;27,28,15;40,45,1;47,49,12;61,62,15;66,68,14;84,87,0;92,93,9;105,110,1;110,111,15;114,116,12;141,143,17;145,146,9;149,150,15;170,173,0;176,180,1;195,198,0;205,209,1;215,216,15;225,227,14;236,237,9;251,252,9
65|5|2,3,9;15,16,15;25,28,6;32,34,13;52,56,1;62,63,15;100,101,9;117,119,13;122,124,14
65|6|11,14,0;31,34,6;34,39,5;39,43,1;43,45,14;62,64,11;70,73,0;86,88,17;97,100,0;107,111,6;111,114,0;117,119,17;121,122,9;130,135,6;137,140,6;143,145,17;154,157,0;183,186,0;225,228,0;238,241,0;255,257,17;266,270,7;278,285,1;287,291,6;320,322,13
65|7|4,7,6;7,9,14;19,25,1;25,29,6;35,38,9;43,47,6;69,70,9;77,80,6;80,82,14;85,88,0;88,90,13;97,98,9;101,102,15;125,126,15;150,152,13;159,160,9;170,172,14;177,178,15;197,202,1
65|8|9,14,1;14,18,6;63,64,9;72,74,14;76,77,9;87,93,6;97,103,1;108,110,14;112,113,9;123,130,1
65|9|38,39,9
65|10|8,9,15;29,35,6;39,47,6;47,48,15;54,56,17;57,58,15;67,69,13;71,73,17;77,78,15;86,87,9;90,91,15;108,110,17;115,117,14;120,123,6;126,127,15
65|11|7,13,1;18,20,17;37,38,9;41,42,15;58,59,9;60,66,2;75,76,15;93,95,17;105,107,17;108,109,15;109,110,16;113,114,9;118,119,9;127,128,15;128,129,16;136,137,9;146,147,15;147,148,16;148,151,0;161,165,1;170,173,8;174,175,15;195,196,9;199,205,1;205,207,14;216,219,0;219,220,9;221,226,6;226,228,14;234,238,6;246,247,15;255,256,9;261,262,9;275,277,13;283,291,6;291,293,14;303,304,15;315,316,9
65|12|8,9,15;25,27,14;34,35,9;37,38,9;39,44,1;49,50,15;67,70,0;83,84,15;101,104,0;115,117,13;117,119,17;122,125,0;126,127,15;152,157,6;161,166,1;168,171,0;172,173,15;182,184,14
66|1|2,4,13;13,14,15;14,15,16;15,18,0;41,43,13;52,53,15;69,71,14;93,94,9;103,104,15;117,123,2;125,126,10
66|2|2,4,14;12,13,15;43,44,9;55,56,15;70,71,9;85,86,15;96,97,15;103,104,10
66|3|15,16,15;16,17,16;17,20,0;46,47,9;51,52,9;59,65,6;67,70,0;86,87,9;101,102,15;134,135,9;150,153,8;157,164,6;166,169,0;186,187,9;204,206,8;214,215,9;239,240,15;250,251,15;257,258,10
66|4|2,6,6;11,13,13;20,21,15;32,34,14;61,65,6;67,68,9;87,90,0;91,92,15;111,112,9;119,121,14;131,132,9;137,138,15;156,157,15;163,165,12;181,182,9;191,192,10
66|5|14,16,13;19,23,6;30,33,0;36,40,1;40,42,14;48,50,13;57,58,9;67,74,1;74,77,6;77,80,0;89,90,9;91,97,1;103,104,9;105,110,6;110,111,9;115,116,9;117,122,6;122,124,12;128,129,9;134,135,9;139,140,9;141,146,6;146,148,12;152,153,9;154,159,6;164,165,9;166,171,1;173,175,14
66|6|2,4,13;13,14,15;31,33,17;36,38,13;38,40,17;43,46,6;71,77,1;86,87,15;87,88,16;88,91,0;97,98,15;124,126,12;139,144,6;148,154,2;166,167,15;176,178,13;216,217,10
66|7|2,4,13;13,14,15;30,32,17;48,50,17;51,52,15;65,68,0;74,76,14;89,92,6;103,104,10
66|8|2,4,13;13,14,15;31,33,17;39,41,13;41,43,17;50,51,15;65,71,1;97,101,1;111,114,6;137,139,14;150,153,0;153,154,9;155,160,6;160,162,14;168,172,6;180,181,15;189,190,9;212,213,15;220,221,15;221,222,16;222,225,0;233,234,15;251,253,17;260,263,9;312,313,9;338,340,13;367,368,15;379,381,13;386,389,0;410,415,6;417,418,10
66|9|2,4,13;13,14,15;14,15,16;15,18,0;26,27,9;32,33,15;46,47,15;53,54,9;64,65,15;94,95,9;104,107,0;121,122,15;128,129,10
66|10|7,8,15;20,27,2;43,45,17;46,47,15;60,65,1;65,66,15;79,86,6;102,104,14;129,130,9;187,188,15;201,207,1;213,214,15;214,216,14;222,223,15;223,224,16;224,227,0;236,237,15;237,238,16;241,242,9;246,247,10
66|11|9,10,15;22,29,2;46,48,17;49,50,15;89,90,15;90,92,14;101,104,6;112,118,6;120,121,15;125,128,0;144,148,6;167,168,9;185,186,15;195,196,15;196,197,16;200,201,9;205,206,10
66|12|11,12,15;12,14,14;25,26,9;29,30,15;35,37,13;79,84,2;111,112,9;134,135,9;151,152,15;156,157,9;161,162,10
67|1|4,5,9;10,11,15;27,28,15;62,67,6;69,70,10
67|2|15,16,15;27,28,15;34,35,17;35,36,9;43,45,14;78,86,1;91,92,15;102,103,15;109,110,10
67|3|17,19,14;26,27,9;29,30,9;31,36,6;40,49,1;69,70,15;70,71,16;78,79,9;84,88,6;90,91,9;94,101,6;101,102,15;109,110,15;133,137,6;139,140,10
67|4|2,5,0;6,7,15;14,15,15;38,41,6;43,45,14;55,56,15;71,77,1;86,87,10
67|5|6,8,14;14,17,0;19,20,15;20,21,16;26,28,12;31,32,15;32,33,16;48,49,9;65,66,9;76,83,2;83,84,16;89,90,9;106,108,14;127,128,15;128,129,16;134,135,10
67|6|20,22,17;47,50,0;64,65,15;71,72,10
67|7|4,6,13;14,16,17;31,33,17;46,52,1;61,62,10
67|8|23,24,15;42,44,13;66,71,6;90,92,13;115,116,10
67|9|6,8,17;18,20,14;23,25,12;37,42,6;47,49,14;75,76,15;85,89,6;101,104,6;122,123,9;124,129,6;131,132,10
67|10|8,10,17;18,21,0;52,55,0;59,61,13;68,69,9;72,73,15;73,74,16;79,80,10
67|11|2,3,15;12,14,17;20,22,8;35,42,2;48,49,9;52,53,15;53,54,16;59,60,10
67|12|2,5,0;6,7,15;34,38,7;38,39,15;52,57,5;64,69,1;71,73,14;74,79,6;81,82,10
67|13|10,12,17;29,30,15;30,32,14;37,39,17;44,46,13;51,54,0;56,57,9;64,68,8;75,76,15;76,77,16;82,83,10
67|14|34,35,15;35,36,16;45,46,15;52,53,10
67|15|5,6,15;27,28,15;43,49,6;49,50,15;55,57,17;82,84,17;87,92,2;98,99,9;113,114,15;114,115,16;115,118,0;120,121,10
67|16|6,9,6;9,14,5;14,18,6;20,21,15;21,22,16;27,29,12;34,38,1;52,53,15;79,80,10
67|17|9,12,6;12,17,5;17,21,6;23,24,15;24,25,16;30,32,12;37,41,1;65,73,6;98,99,10
67|18|6,8,14;17,18,15;29,33,6;33,35,14;61,62,10
67|19|15,17,17;24,25,15;25,26,16;47,49,11;52,53,9;54,59,1;61,63,14;86,89,0;97,98,15;98,99,16;106,107,9;114,117,0;119,120,9;134,138,8;141,142,10
67|20|2,5,0;10,11,9;15,16,15;30,34,6;32,38,2;45,48,6;52,57,5;57,61,6;65,66,15;66,67,16;74,75,9;85,86,15;90,91,9;114,115,10
67|21|2,5,0;10,11,9;15,16,15;58,59,9;73,75,17;86,91,1;95,96,10
67|22|6,10,1;34,36,14;40,42,13;49,52,13;55,58,0;58,62,1;88,89,9;90,96,1;102,103,10
67|23|10,11,15;16,18,13;21,24,6;47,48,15;48,49,16;59,60,15;64,66,14;68,69,9;74,75,15;97,104,1;114,115,10
67|24|10,11,15;33,34,15;62,63,10
67|25|22,23,9;27,28,15;39,43,6;43,46,6;51,52,9;56,57,10
67|26|7,10,0;14,15,15;26,29,6;30,31,15;42,45,0;47,49,13;63,69,1;71,72,10
67|27|4,7,0;25,30,6;30,32,12;46,47,15;63,65,17;76,77,9;81,82,15;91,94,6;94,98,7;100,101,9;109,110,10
67|28|36,37,15;48,53,1;77,81,1;87,88,15;92,93,9;118,119,10
67|29|10,11,15;11,12,16;19,20,9;28,31,0;37,38,9;99,100,9;101,107,1;109,110,10
67|30|34,36,12;48,54,6;56,60,1;67,71,7;73,75,12;76,82,1;84,85,10
68|1|0,4,11;7,8,15;31,32,10
68|2|2,4,13;7,10,6;34,36,14;38,39,10
68|3|4,7,0;17,19,14;36,37,10
68|4|4,7,0;30,31,10
68|5|6,8,14;17,19,14;23,24,10
68|6|13,14,15;22,23,10
68|7|2,5,0;32,36,6;42,46,6;53,54,9;73,74,15;84,85,10
68|8|13,14,15;25,26,10
68|9|6,8,17;16,18,14;27,29,14;33,34,10
68|10|26,32,1;34,35,10
68|11|2,5,0;7,13,1;16,18,12;19,23,8;28,29,10
68|12|3,6,0;8,14,2;36,37,10
68|13|6,10,8;18,19,9;28,29,10
68|14|2,6,6;18,23,1;27,28,10
68|15|29,30,9;46,47,9;53,54,15;63,64,10
68|16|10,11,9;18,19,15;27,28,10
68|17|2,5,0;15,16,9;35,37,13;44,45,9;48,49,15;53,56,0;66,68,14;73,75,17;86,89,0;101,102,10
68|18|16,17,10
68|19|20,22,12;25,31,1;31,36,2;51,53,12;57,58,10
68|20|15,16,15;16,17,16;22,23,10
68|21|11,13,17;22,23,10
68|22|5,6,15;11,13,17;34,38,6;38,41,6;46,47,9;51,52,10
68|23|2,3,15;3,6,6;11,13,17;27,28,9;32,33,10
68|24|2,7,2;11,13,14;17,20,0;24,25,15;42,47,5;51,52,10
68|25|8,10,17;23,28,6;28,29,9;33,34,10
68|26|4,7,0;24,26,13;26,28,17;31,34,0;40,42,11;45,46,10
68|27|21,22,10
68|28|57,58,10
68|29|6,8,17;11,13,14;15,16,9;26,28,13;31,34,0;38,41,0;45,46,9;50,51,10
68|30|4,6,14;34,39,1;43,44,9;48,49,10
68|31|6,8,17;11,12,9;20,22,13;25,28,0;32,35,0;39,40,9;42,43,10
68|32|14,16,13;19,23,1;23,25,14;38,45,1;49,51,13;54,57,0;57,59,13;78,79,9;83,84,10
68|33|4,5,9;10,11,15;35,36,15;69,71,17;80,81,10
68|34|2,5,0;23,26,6;39,42,0;42,43,9;46,47,15;47,48,16;48,51,0;53,54,10
68|35|6,8,14;13,14,15;30,31,15;35,37,14;41,42,10
68|36|26,27,10
68|37|16,17,9;18,23,6;29,31,14;35,36,10
68|38|2,5,0;34,35,10
68|39|18,19,9;34,35,9;56,57,15;63,64,9;73,76,0;98,99,10
68|40|16,20,7;22,23,9;32,33,10
68|41|18,20,12;34,36,17;45,47,12;56,60,6;64,66,17;69,70,9;74,75,10
68|42|18,22,6;24,29,1;31,33,14;46,47,15;47,48,16;74,75,10
68|43|2,3,9;12,14,14;16,17,9;43,50,1;52,54,14;61,63,17;66,68,14;81,82,15;82,83,16;101,102,9;106,107,10
68|44|14,18,1;30,31,9;35,36,15;56,58,14;64,69,5;91,92,10
68|45|21,24,0;37,38,10
68|46|21,23,14;24,30,6;32,37,5;37,42,1;47,53,1;59,60,10
68|47|7,10,6;15,16,15;40,41,10
68|48|2,3,15;37,41,6;49,50,15;84,85,10
68|49|7,9,13;12,16,6;18,19,9;25,26,9;34,40,1;40,45,2;50,51,9;63,64,15;70,72,12;88,89,10
68|50|2,3,15;3,5,14;9,10,9;20,21,9;32,33,9;39,40,15;40,41,16;44,45,9;49,50,10
68|51|4,8,1;14,15,15;31,33,17;54,56,14;58,59,9;68,71,0;80,82,17;83,84,15;84,85,16;108,111,0;113,114,9;119,121,14;123,124,10
68|52|23,29,2;33,34,9;38,39,10
69|1|5,7,11
69|2|4,5,15;9,11,11
69|3|4,6,13;9,11,14;14,15,9;22,23,15;27,29,11
69|4|24,28,8;29,30,15
69|5|4,7,0;28,30,17;33,34,15;34,35,16
69|6|4,7,0;13,18,6;27,29,17;36,41,6
69|7|24,26,14;35,40,1;44,45,9;67,73,6;79,80,15;109,112,0
69|8|18,23,5;24,27,8
69|9|4,6,12;24,28,6;28,30,14;34,35,9;38,39,15;51,52,9;57,58,15
69|10|8,10,17;49,55,2
69|11|2,5,0;9,12,0;20,21,15;25,27,12;38,39,9;48,49,15
69|12|4,6,14;30,35,1;43,45,13;51,56,1;56,57,9
69|13|19,20,15;20,21,16;35,40,1;40,41,9
69|14|11,12,15;23,24,15;51,56,1;56,57,9
69|15|11,16,1;23,24,15
69|16|2,3,15;3,6,6;12,13,15;13,14,16;19,21,12;40,45,1
69|17|2,3,15;16,19,13;26,28,12;82,87,6;89,90,9
69|18|9,14,6;39,42,6
69|19|4,7,0;26,27,9;31,32,9;44,45,9;58,60,12;65,66,15;66,68,14;73,75,17;80,81,9
69|20|2,5,0;11,14,6;17,20,0;26,27,9
69|21|17,23,2
69|22|6,9,0
69|24|5,7,17;10,11,15;18,20,17;25,27,12;29,34,8;37,39,13;57,58,15;69,70,15
69|25|4,7,0;26,27,9;31,32,9;44,45,9;58,59,9;84,85,9
69|26|9,11,14
69|27|2,3,9;21,22,15
69|28|2,4,13;16,19,0
69|29|9,12,0;20,21,9
69|30|15,16,10
69|31|2,5,0;6,7,15;22,23,10
69|32|2,5,0;19,24,6;34,36,14;48,54,6;54,55,15;61,62,10
69|33|2,5,0;7,8,9;30,31,15;38,39,15;45,46,10
69|34|29,30,15;38,39,10
69|35|14,15,15;26,27,9;37,38,10
69|36|32,33,10
69|37|15,17,13;25,26,15;30,31,9;36,37,10
69|38|4,6,13;9,11,14;24,26,14;30,31,10
69|39|12,14,14;18,19,10
69|40|2,5,0;7,8,9;24,29,6;31,32,10
69|41|26,33,6;37,44,1;54,55,10
69|42|21,28,6;32,39,1;50,51,10
69|43|2,5,6;7,13,1;13,18,2;22,23,15;27,28,9;32,33,10
69|44|34,35,15;44,45,10
69|45|21,22,15;28,29,10
69|46|2,5,0;25,26,15;32,33,10
69|47|8,11,6;11,16,5;35,36,9;40,41,10
69|48|4,7,0;9,10,9;22,28,2;37,38,10
69|49|4,7,0;22,25,0;28,31,6;31,36,5;43,44,10
69|50|4,7,0;9,10,9;28,29,15;33,34,9;38,39,10
69|51|4,7,0;9,10,9;19,20,15;26,27,10
69|52|12,13,15;26,27,15;33,34,10
70|1|9,11,12;14,18,8;25,30,1
70|2|7,8,9;27,28,9
70|3|6,7,15;18,19,15;28,29,14
70|4|9,10,15;16,18,12;27,28,15;28,29,16;54,59,6;65,67,14;74,75,9
70|5|2,3,15;12,14,14;15,21,6
70|6|2,5,0;20,21,9
70|7|7,8,9
70|8|15,16,15;16,17,16;22,24,12;29,30,15
70|9|10,11,15;23,24,15
70|11|27,28,15;32,34,14;76,80,8;85,86,10
70|12|4,5,9;13,14,9;21,22,10
70|13|14,15,15;29,30,10
70|14|4,8,6;10,11,15;26,32,6;32,35,0;38,41,6;41,42,10
70|15|5,9,13;12,15,0
70|16|9,15,2;15,16,16
70|17|2,4,14;7,9,17;17,19,14
70|19|4,7,0;8,9,15;13,16,6;16,17,9
70|20|14,15,15;15,16,16
70|21|16,17,15
70|22|7,8,15;17,18,10
70|23|36,38,12;42,43,10
70|24|2,3,15;14,16,13;23,24,9;35,41,1;45,46,10
70|25|3,4,16;7,9,12;16,17,15;25,26,10
70|26|2,3,15;34,35,15;35,36,16;39,40,10
70|27|2,3,15;14,19,5;37,42,5;48,49,10
70|28|2,5,0;37,38,10
70|29|2,3,15;33,34,9;38,39,10
70|30|11,14,13;21,22,9;53,54,9;65,68,0;87,88,10
70|31|7,8,15;8,10,14;21,23,12;28,29,9;38,40,17;42,44,12;54,55,15;62,63,10
70|32|2,3,15;23,24,9;26,27,9;49,50,9;52,53,10
70|33|2,3,15;14,18,7;22,23,9;25,26,9;35,37,12;41,42,10
70|34|2,3,15;45,46,10
70|35|2,4,17;6,8,12;19,22,0;22,23,9;24,30,1;36,37,10
70|36|8,9,15;25,27,17;45,46,10
70|37|5,6,15;23,24,15;24,25,16;38,39,10
70|38|4,6,14;17,18,15;23,29,1;38,42,1;42,44,14;51,54,0;61,62,10
70|39|5,9,13;12,15,0;21,23,14;25,26,9;28,33,5;33,36,0;46,47,10
70|40|4,6,13;9,11,14;24,25,15;31,32,9;39,40,15;46,47,9;54,57,0;63,64,9;68,69,10
70|41|4,7,13;10,15,1;28,35,1;66,67,10
70|42|19,21,17;33,35,17;48,49,9;52,54,17;66,67,15;81,82,10
70|43|24,25,15;29,31,14;43,49,6;51,54,0;71,76,1;81,82,10
70|44|2,3,9;12,14,14;16,17,9;43,50,6;50,51,9;56,57,15;66,67,15;80,82,17;90,91,10
71|1|2,5,0;5,7,13;42,44,13;52,55,6;69,73,6;73,75,14;80,84,1;107,108,10
71|2|8,9,9;18,21,0;36,42,1;44,45,10
71|3|5,6,15;13,15,17;16,17,15;26,27,15;45,46,10
71|4|13,18,5;18,22,6;52,55,13;61,67,1;69,72,0;78,81,0;89,90,15;105,107,12;133,136,6;147,148,10
71|5|14,17,0;41,47,1
71|6|11,13,14;22,24,12;26,28,13
71|7|4,7,0;55,57,13;57,59,17;64,65,9;76,78,13;94,95,15;105,107,17;130,132,17;135,136,15;147,149,17;150,151,15
71|8|2,5,0;8,11,0
71|9|2,5,0;8,11,0;11,13,13;20,23,6
71|10|9,10,15;21,23,17;36,39,0;41,42,9
71|11|9,10,15;10,11,16;16,18,12;29,34,5;34,36,14
71|12|8,10,14;12,16,7;22,23,9;24,29,1;41,43,14;57,60,0;60,61,9;62,67,1;69,71,14;89,90,9
71|14|4,6,14;20,22,14
71|15|13,15,17;30,31,15;40,42,14;49,50,9;52,53,9;54,59,6
71|16|9,10,15;24,27,0;32,38,1;45,46,15;46,47,16
71|17|2,3,15;13,15,8;20,25,5;28,29,15
71|18|2,5,0
71|19|2,3,15;24,25,15
71|20|12,14,17;28,34,6
71|21|10,16,2;22,25,0;42,43,15;51,53,17;56,61,2;68,70,14;80,81,9;92,94,13
71|22|9,11,17;17,23,6
71|23|8,10,17;21,24,0;51,54,0;59,65,1;75,81,1
71|24|4,6,14;15,17,17;24,32,1;43,44,15;44,45,16;48,49,9;68,69,9
71|25|3,6,0;12,14,12;17,18,9;34,36,17;41,43,14;48,50,17;55,61,6;73,75,17;80,85,5;85,89,6;93,94,15;103,106,6
71|26|12,18,2;39,40,15;54,55,15;59,60,9
71|27|2,5,0;10,14,6;31,33,17;56,58,13;58,60,17;74,80,6
71|28|7,8,15;25,26,9;40,44,6;65,71,1;89,90,15;100,101,9;117,118,15;118,119,16;122,123,9
72|1|23,26,0;29,30,15;44,50,1;53,54,15;58,61,0;69,71,13;71,73,17;76,79,0
72|2|6,8,13;15,16,15;16,17,16;33,36,0;42,43,9;50,55,1;71,73,13
72|3|4,7,0;9,10,9;15,16,9;40,41,15;51,52,9;57,62,1
72|4|4,7,0;9,10,9;42,43,15
72|5|4,7,0;13,16,0;16,18,13;21,26,2;26,30,6;36,37,15;41,44,6;47,48,15;52,55,0;62,63,15
72|6|4,7,0;9,10,9;23,29,1;32,33,15;37,40,6;60,66,1;69,70,15;74,77,0
72|7|4,7,0;14,17,0;18,20,17;31,34,6;39,44,2;44,48,1;48,50,14;55,56,15
72|8|4,7,0;19,20,15;20,21,16;26,28,12;37,39,14;41,42,9;60,66,6;70,76,1
72|9|4,7,0;11,14,0;18,20,14;37,38,9;45,46,16;60,64,1;73,74,15;85,87,14;92,93,9;100,107,2
72|10|4,7,0;15,17,14;19,21,13;42,46,6;48,49,15
72|11|4,7,0;11,14,0;16,17,15;17,18,16;21,22,9;34,37,0;47,48,9;57,60,0;66,68,12
72|12|4,7,0;13,16,0;16,18,13;21,26,2;26,31,1;38,39,15;50,51,15;64,69,1;77,78,9
72|13|4,7,0;11,14,0;26,27,15;33,36,13;42,45,0;51,52,9;59,63,1;68,71,8;79,80,9;100,106,1
72|14|4,7,0;11,14,0;16,17,15;35,38,0;40,41,15;45,46,9;76,78,17;80,82,12;96,98,17
72|15|4,7,0;9,10,15;14,15,9;31,33,17;40,43,0
72|16|10,11,15;17,18,9;21,23,17;30,31,15;31,32,16;55,56,9;58,63,5;63,65,12
72|17|28,32,1;41,45,6;57,58,9;76,82,6
72|18|4,7,0;8,9,15;15,16,9;37,39,14;42,44,17;50,51,15
72|19|4,7,0;9,10,9;13,16,0;26,28,14;31,32,15;41,43,14;55,57,17
72|20|7,10,0;12,14,13;17,19,14;22,24,17;36,38,13;52,54,13
72|21|7,10,0;14,16,13;37,43,1
72|22|7,10,0;14,18,1;32,33,15;45,50,1;64,68,6;73,74,9
72|23|11,12,9;13,20,1;23,24,15;37,38,9;40,41,9;45,48,9;53,57,1;62,63,15;81,82,9;87,90,0;95,96,9;107,110,0;115,116,9;129,131,13
72|24|5,8,13;21,23,17;75,81,1
72|25|12,14,14;16,18,13;27,33,1;53,55,14;64,65,9;71,73,13
72|26|2,3,9;8,9,15;48,50,13
72|27|12,13,15;24,29,2;33,38,6;40,43,0;45,46,9;59,62,8;92,93,9
72|28|14,18,6;18,20,14;23,25,14;30,32,17;37,38,9;40,41,9
73|1|2,4,13;13,14,15;21,24,0
73|2|5,6,15
73|3|9,11,13;17,18,15;18,21,6
73|4|7,9,14;29,30,15
73|5|2,5,0;31,37,6
73|6|2,5,0;16,17,15;40,42,14;44,50,1;52,54,14
73|7|2,5,0;15,16,15;16,17,16;17,20,0;28,30,14;31,37,6
73|8|2,3,15;10,11,15;47,49,14
73|9|7,8,15;21,22,15;35,37,13;42,43,9;60,61,15
73|10|2,3,15;34,35,15;48,50,14;51,57,6
73|11|12,13,15;30,32,17;36,37,15;37,38,16;38,41,0
73|12|2,5,0;14,16,13;19,22,6;24,30,1
73|13|8,14,6;22,27,1
73|14|16,17,15;28,29,15;49,50,15;66,73,1
73|15|2,5,0;5,7,13;18,20,13;38,44,6;44,45,9;66,68,13;79,81,13
73|16|20,21,15;21,22,16;41,42,9;50,56,1
73|17|22,26,6;40,46,1;46,48,14;53,54,15;62,63,9
73|18|1,2,16;7,9,12;14,17,6;20,24,8;27,28,9;45,46,9
73|19|2,5,0;8,9,9;13,14,9;24,31,6;33,37,6;37,39,12;42,43,15;65,66,9
73|20|4,7,0;27,30,0;43,45,14;52,56,6;63,64,15;82,83,9;94,95,9;100,102,12;107,113,1;116,117,15;137,138,15;155,156,15;166,167,15;167,168,16;168,171,0;188,193,2;193,197,6;228,229,15;229,231,14;236,238,17;258,259,15;282,286,6;296,299,6;299,304,5;342,343,15;354,356,14;366,370,6;375,376,15;402,403,9;423,424,15;435,436,15;436,438,14;443,445,17;479,481,17;482,483,15;483,484,16;489,490,17;490,491,9;502,504,17;505,506,15;506,507,16;512,513,17;513,514,9;521,523,14;528,530,17;531,532,15;552,560,1;574,576,17;581,584,6;588,593,5;601,606,6;616,619,6;620,621,15;638,644,1;655,657,14;658,666,1;666,667,15;678,680,17;681,682,15;693,696,0;697,698,15;711,717,2;719,720,10
74|1|2,4,13;13,14,15
74|2|9,12,6
74|5|2,3,15;3,4,16;7,9,14;14,15,15
74|6|12,16,6
74|7|14,15,15
74|8|19,20,15;20,21,16;21,24,0;27,28,10
74|9|4,5,9;19,24,1;33,34,10
74|10|6,7,15;11,12,9;31,32,10
74|11|19,21,14
74|12|15,16,9;21,28,1
74|14|7,8,3;16,17,9
74|15|2,5,0;8,10,14;24,25,10;25,26,14
74|16|5,9,13;12,15,0;17,18,9;31,32,9
74|17|12,13,9
74|18|2,5,0;7,8,9
74|20|2,5,0
74|21|2,5,0
74|22|2,5,0
74|23|2,5,0;8,10,14;17,18,15
74|24|15,16,9;18,20,13;33,38,1
74|25|7,8,9;10,12,13;27,28,15
74|27|4,6,13;9,11,14;14,15,9
74|28|6,8,14
74|29|9,15,2
74|31|14,16,13;23,24,9;27,28,15;28,29,16;29,32,0;47,49,12;54,61,1;101,107,2;123,125,17;141,142,15;157,159,17;160,161,15;167,168,9;183,184,15;200,202,13;202,204,17;210,211,9;212,220,1;234,235,15;250,252,17;253,254,15;260,261,9;266,267,15;295,296,15;318,323,5;326,331,1;331,332,15;336,337,9;350,352,13;361,362,15;373,374,9;383,391,6;393,394,9;407,408,15;417,421,1;423,425,12;440,444,1;446,448,12
74|32|9,10,15
74|33|2,3,15;18,20,14
74|34|2,3,15;3,4,16;7,9,14;16,18,13
74|35|2,5,0;19,20,15
74|36|6,13,2
74|37|4,8,6;8,10,12;15,18,6;23,27,1
74|38|11,15,8
74|39|5,7,13;14,15,9;18,19,15;25,26,10
74|40|6,9,0;9,10,9;11,16,1;20,22,12;26,27,10
74|41|5,6,15;10,12,14;16,17,10
74|43|6,8,17;24,25,15;34,35,10
74|44|14,16,14;21,22,15;30,31,10
74|45|4,7,0;22,23,15;27,29,12;33,34,10
74|46|4,7,0;28,29,15;29,30,16;33,34,10
74|47|5,8,13;14,15,9;19,20,15;26,27,10
74|48|8,11,6;22,23,9;28,29,15;29,30,16;33,34,9;38,39,10
74|49|18,19,15;19,20,16;40,41,10
74|50|4,7,0;17,23,1;27,30,6
74|51|10,14,6
74|52|19,20,15;25,31,1;40,44,1;56,63,1
74|53|29,30,15
74|54|5,7,13;10,13,0;15,16,9
74|55|4,8,6;8,10,12
74|56|23,25,13;28,32,1;34,36,12;39,40,15;61,62,15;62,63,16;66,68,14;82,83,15
75|1|2,4,13;7,9,14;23,24,15;30,31,9
75|2|4,6,13;9,11,14;18,19,15;19,20,16;20,23,0;28,29,15;29,30,16
75|3|11,12,15;16,19,6;19,20,9;28,33,1;33,35,14
75|4|9,10,9;22,25,13;28,33,1
75|5|13,14,15;18,21,6;21,22,9
75|6|26,27,15;33,34,9
75|7|15,16,15
75|8|9,10,15
75|9|9,10,15;10,11,16;21,22,15
75|10|8,9,15;13,16,6;16,17,9;38,39,15
75|12|26,27,15
75|13|9,11,17;12,13,15;17,20,6;20,21,9;33,37,8
75|14|5,6,15;10,13,6;13,14,9;32,33,9
75|16|18,19,9
75|17|2,5,0;24,25,9
75|18|16,17,9;22,23,15
75|19|2,5,0;8,11,0
75|20|23,24,15
75|21|12,13,15
75|22|6,11,1;18,24,1
75|24|8,13,1;20,24,8
75|25|4,7,0;10,14,1
75|26|5,7,13;23,24,15;24,25,16
75|27|17,18,10;18,19,14
75|28|4,7,0;10,13,0;16,17,15;23,24,10;24,25,14
75|29|2,3,15;13,14,15;14,15,16;24,25,15;25,26,16;29,30,10;30,31,14
75|30|26,27,15;33,34,10;34,35,14
75|32|4,5,9;7,11,6
75|33|2,5,0;17,20,13;29,30,9
75|35|2,5,0
75|36|11,12,15;16,19,6;19,20,9;25,29,1
75|37|14,16,14;19,25,1;25,30,1;34,39,1
75|38|2,5,0;19,24,6
75|39|16,17,15;17,18,16;30,31,15;31,32,16;42,43,15;47,50,6
75|40|11,12,9;21,22,9;31,34,13;37,41,1
76|1|18,19,15;23,26,6;26,27,9;34,40,1;43,44,15;44,45,16;62,66,6;70,77,1
76|2|2,5,0;11,13,14;17,18,15;22,25,6;25,26,9;31,36,1;36,38,14;51,57,1;57,59,14;77,78,9;87,92,8
76|3|2,5,0;15,16,9;19,20,15;20,21,16;32,35,0;43,49,1;51,54,0
76|4|2,5,0;5,7,13;14,16,14;26,27,9;39,40,9;44,46,17;55,56,9;57,63,1
76|5|2,5,0;6,7,15;11,13,14;33,37,6;40,45,6
76|6|5,11,1;32,33,15
76|7|11,12,15;12,13,16;13,16,0;39,45,6;56,57,9
76|8|4,6,14;14,15,15;15,16,16;39,40,9;49,55,1;61,67,1
76|9|2,5,0;11,13,14;26,28,14;31,32,15;53,56,6;63,65,12;66,71,1
76|10|2,5,0;17,22,2;43,49,6
76|11|7,8,9;13,14,15;29,30,9;35,36,15;53,54,9;66,71,1
76|12|7,8,9;10,14,7;25,27,17;30,33,0;34,39,1
76|13|28,29,15;35,37,12;69,75,1
76|14|27,28,9
76|15|18,22,7;31,37,1;37,41,6;45,50,1;58,63,6
76|16|10,12,17;15,19,6;23,28,6;40,42,14
76|17|25,31,6;48,51,6
76|18|5,11,6;20,23,0
76|19|29,30,9;31,37,1;71,73,14;87,94,1;94,97,6
76|20|19,22,0;38,44,1;49,55,6
76|21|2,3,9;22,25,6;33,38,1;44,46,14;49,56,1;61,63,13;63,65,17;78,82,6;86,91,1;96,97,9;118,124,6
76|22|2,5,0;8,9,9;30,32,12;33,38,1;52,57,5
76|23|2,5,0;34,35,15;49,52,6
76|24|2,3,15
76|25|2,3,15;10,11,15;31,36,1
76|26|7,8,15;18,19,15;23,25,14;30,31,9;49,55,6
76|27|2,5,0;8,10,12;14,16,12;30,31,15;59,61,12;73,79,6
76|28|12,14,14;16,17,9;28,30,14;32,34,13;73,75,13;82,83,9;92,94,14
76|29|2,5,0;8,9,9;13,14,9;24,31,6;33,37,6;37,39,12;42,43,15;65,66,9
76|30|10,12,12;23,25,13;28,32,1;34,36,12;39,40,15;51,54,0;55,56,15
76|31|2,4,14;11,15,1;17,19,12;36,39,9;42,43,15;43,44,16;47,48,9
77|1|2,3,15;13,14,9
77|2|2,3,15;7,8,9;12,13,9
77|3|2,3,15;3,4,16;4,7,0;7,8,9;12,13,9
77|4|2,3,15;7,8,9;12,13,9
77|5|2,3,15;13,14,9
77|7|2,5,0;24,25,9
77|8|8,9,15;9,10,16;10,13,0
77|9|8,9,15;9,10,16;15,17,12
77|10|8,9,15
77|11|8,9,15;9,10,16
77|13|9,10,15
77|14|4,6,13;9,11,14;14,15,9;29,30,15
77|15|5,10,1;17,23,2;34,35,10
77|16|16,17,15;26,27,10
77|17|2,5,0;19,20,15;28,29,10
77|18|4,5,9;21,22,15;26,28,14;32,33,10
77|19|5,10,1;17,23,2;34,35,10
77|20|13,14,4;17,22,5;22,27,1;27,29,12;30,36,1;38,39,10
77|21|10,11,9;24,30,1;32,33,10
77|22|12,18,1;22,23,10
77|23|21,22,15;26,27,9;31,32,10
77|24|5,10,1;17,23,2;34,35,10
77|25|9,11,14;16,17,15
77|26|6,8,12;9,14,1;20,21,9
77|27|23,24,9;31,32,9;36,37,9;38,43,1;53,54,9;56,61,5;61,63,12;64,69,6
77|28|5,10,1;17,23,2;34,35,10
77|29|1,4,6;8,10,13;10,12,17;26,29,6;29,33,7;35,36,9;46,47,10
77|30|1,4,6;8,10,13;10,12,17;24,29,6;35,36,9;43,44,14
77|31|11,16,1;33,34,15;34,35,16;40,41,14
77|32|2,5,0;24,29,6;29,30,15
77|33|4,7,0;9,10,9;15,16,9;19,24,6
77|34|5,10,1;17,23,2;34,35,10
77|35|2,3,9;20,23,6;25,26,10
77|36|34,35,10
77|37|5,10,1;17,23,2;34,35,10
77|38|2,3,9;14,15,15;34,35,9;42,43,15;52,53,10
77|39|4,8,6;24,29,6;34,35,10
77|40|5,10,1;17,23,2;34,35,10
77|41|2,5,0;6,7,15;28,29,9;30,35,1;39,40,10
77|42|6,7,9;14,17,0;27,28,10
77|43|5,7,17;10,11,15;18,20,17;25,27,12;29,34,8;41,44,6;55,56,10
77|44|2,5,0;11,12,9;19,21,14;25,26,15;36,37,10
77|45|5,10,1;17,23,2;34,35,10
77|46|5,7,17;20,22,17;34,37,0;39,44,5;44,46,14;50,51,10
77|47|5,10,1;17,23,2;34,35,10
77|48|21,22,15;29,31,17;44,45,10
77|49|5,10,1;17,23,2;34,35,10
77|50|16,20,8;27,28,9;37,38,10
78|1|2,5,0;12,14,12;18,19,10
78|2|5,6,15;6,7,16;7,10,0;15,16,15;22,23,10
78|3|29,30,10
78|4|17,18,10
78|5|2,5,0;23,24,10
78|6|9,11,14;16,17,15;30,31,9
78|7|2,3,15
78|8|6,8,14;10,11,9;22,23,9
78|10|12,13,15
78|11|12,13,15;13,14,16;14,17,0
78|12|25,27,14;28,34,6
78|13|18,24,1
78|14|4,7,6;18,19,15;29,30,9;35,37,12;38,43,6
78|15|16,17,9;22,28,1
78|16|4,7,0;7,8,9
78|17|2,5,0;13,14,15;34,35,9
78|18|9,12,6;19,20,15;20,21,16
78|19|11,12,15;12,13,16;18,20,12;35,37,14;39,40,9
78|20|12,13,15
78|21|2,5,0;10,13,0
78|22|3,4,16;7,8,9
78|23|3,4,9;17,19,13
78|24|28,34,1
78|25|13,19,1
78|26|4,6,12;7,12,1
78|27|2,5,0;16,18,17
78|28|10,12,17;21,22,9
78|29|25,26,9;33,34,9
78|30|8,10,17;15,20,1
78|31|2,5,0
78|32|4,6,12;19,20,9
78|34|7,13,6
78|35|29,35,1;44,45,9
78|36|4,6,12;7,13,1;13,18,2;28,30,12
78|37|7,8,15;8,9,16;14,15,9;17,18,9;23,24,15;51,52,15;52,53,16;60,61,9
78|38|15,16,15;16,17,16;26,27,15;33,35,12;46,55,2;96,97,15;97,98,16;105,106,9
78|39|2,3,9;8,9,15;18,19,15;33,37,6;37,39,12;42,43,15;65,66,9
78|40|2,5,0;5,7,13;10,13,6;17,18,9;29,35,6;39,45,1;52,55,6;58,59,15;100,101,15;113,114,9;126,129,6;134,135,9
79|1|2,3,15;3,4,16;4,7,0;7,8,9;12,13,9
79|2|2,3,15;3,4,16;4,7,0;7,8,9;12,13,9
79|3|2,3,15;3,4,16;7,8,9;12,13,9;18,20,14
79|4|2,3,15;3,4,16;7,8,9;12,13,9;18,20,14
79|5|2,3,15;14,15,9
79|6|16,17,15;17,18,16
79|7|12,13,15;13,14,16
79|8|6,11,1;18,23,1
79|9|2,4,14;6,7,9;15,16,9
79|10|15,18,0;39,40,15
79|11|10,13,0;19,20,9;21,28,1
79|12|6,8,17;19,25,6
79|13|4,7,0;18,20,14;23,28,1;28,29,9
79|14|10,14,7;14,15,15;15,16,16
79|15|10,11,9
79|16|11,12,9;22,23,9;26,27,15;35,36,15
79|17|5,7,14;28,31,0;33,34,9
79|18|21,24,13;27,31,6
79|20|7,8,9;11,12,15;26,28,14
79|22|2,5,0;8,10,14
79|24|25,26,15
79|25|11,12,15;27,28,15
79|26|2,5,0;12,13,9;22,24,14;27,33,2;35,39,1
79|27|4,7,6;31,32,15;32,33,16;38,40,12;50,51,9
79|28|25,26,9
79|29|37,38,9
79|30|2,3,15;21,22,9;32,33,9
79|31|19,21,12;36,37,9
79|32|2,3,15;20,21,9
79|33|4,5,9;6,13,2;28,29,9
79|34|10,12,12;17,18,15;18,19,16;22,24,11;24,27,0;30,31,15;35,37,14
79|35|19,20,15;24,27,6;27,28,9
79|36|12,13,15;27,31,1
79|37|4,7,0;11,15,6
79|38|10,11,15;17,18,17;18,19,9;22,23,15;23,24,16
79|39|4,7,0;8,9,15;24,25,15
79|40|4,7,0;35,36,9;45,46,15;46,47,16;47,50,0;60,61,15
79|41|4,7,0;8,9,15;13,16,0;24,25,15
79|42|20,21,15;21,22,16;47,48,9
79|43|8,11,6;14,18,6;23,24,9
79|44|17,20,6;23,24,9
79|45|2,5,0;7,9,13;12,15,6;18,21,6;26,30,1;35,36,9
79|46|4,7,0;44,46,13;46,48,17;76,77,9
80|2|2,6,6;6,8,12;13,14,15
80|3|8,10,14;25,26,9
80|4|20,23,6;28,29,15;29,30,16
80|5|2,5,0;12,13,15
80|6|4,7,6;12,13,9
80|8|4,7,0;11,15,6;15,17,12
80|10|4,7,6
80|11|5,7,13;10,13,0
80|12|4,8,6;8,10,12
80|13|9,15,1
80|14|11,17,1
80|16|6,10,8
80|17|7,8,15;12,15,6;15,16,9;21,23,13
80|19|2,7,1;7,9,14;22,23,9
80|20|2,5,0;6,7,15;7,8,16
80|21|2,5,0;15,16,9;21,23,14
80|22|2,5,0;14,16,12;21,24,6
80|23|9,12,0;16,18,14;23,25,13
80|24|6,9,6;12,13,15;17,20,6;20,21,9
80|25|2,5,0;11,13,14;17,18,15;22,24,12
80|26|2,5,0;10,12,14;16,17,15
80|27|5,7,8
80|28|7,13,1
80|29|10,16,1
80|30|6,8,12
80|31|4,5,9;10,15,1
80|32|5,6,9;7,14,2;29,30,9
80|33|10,12,12;17,18,15;18,19,16;22,24,11
80|34|15,16,15;34,35,10
80|35|4,7,0;9,10,9;17,18,10
80|36|4,5,9;13,14,9;21,22,10
80|37|8,9,15;14,20,1;36,41,6;44,49,1;53,54,10
80|38|6,11,1;18,24,1
80|39|8,14,1;18,20,14
80|40|8,13,1
80|42|2,4,17;6,8,12;18,19,15;30,31,15
81|1|6,7,15;7,8,16
81|2|8,9,15;9,10,16;10,13,0;19,20,15;20,23,6
81|3|8,9,15
81|4|8,9,15
81|5|8,9,15
81|6|8,9,15
81|7|8,9,15;9,10,16;10,13,0
81|8|8,9,15;17,18,9
81|9|11,13,8;13,18,6
81|10|8,9,15;9,10,16
81|11|8,9,15;9,10,16;15,17,12
81|12|8,9,15
81|13|8,9,15;13,16,0
81|14|14,20,1;20,22,13
81|15|4,6,13;9,11,14;18,19,15;23,26,0
81|16|11,12,15;16,19,0
81|17|2,3,15
81|18|2,3,15;3,4,16;7,9,14
81|19|2,5,0;7,8,9;24,29,6;31,32,10
81|20|14,17,6;22,23,15;36,37,10
81|21|7,12,6;12,15,0;20,21,10
81|22|15,19,7;21,23,14;25,26,10
81|23|6,8,14;19,20,15;29,30,15;36,37,10
81|24|17,18,15;33,34,10
81|25|26,27,9;28,34,2;36,37,10
81|26|17,18,10
81|27|22,28,2;32,33,9;37,38,10
81|28|4,8,6;8,10,12;15,18,6;23,27,1;33,34,10
81|29|10,12,12;23,25,13;28,32,1;34,36,12;39,40,15;53,54,15;58,59,9;63,64,10
82|1|6,7,15;7,8,16;13,15,12;18,19,15;19,22,6
82|2|8,9,15;21,22,15;22,25,6
82|3|8,9,15
82|4|8,9,15
82|5|14,20,1
82|6|2,4,13;13,14,15;18,21,6;21,22,9;47,48,15;54,55,10
82|7|25,26,9
82|8|2,4,13;17,23,1;27,29,12
82|9|27,28,15;28,29,16;32,33,10
82|10|4,7,0;23,24,9;28,29,10
82|11|6,12,6;12,13,9;17,18,10
82|12|24,25,10
82|13|2,5,0;6,7,15;11,13,14;29,30,10
82|14|4,7,0;8,9,15;30,31,10
82|15|21,22,15;22,23,16;26,27,10
82|16|23,25,12;29,30,10
82|17|4,6,13;9,11,14;14,15,9;29,30,15;30,31,16;34,35,10
82|18|2,5,0;8,10,13;13,15,14;18,19,9;33,34,15;34,35,16;38,39,10
82|19|25,31,2;36,41,6;45,53,1;53,54,15;72,78,2
83|1|5,11,2;22,23,10
83|2|16,17,15;25,27,17;34,35,15;35,36,16;36,39,0;53,54,10
83|3|44,45,10
83|4|10,13,0;16,18,17;20,22,12;29,32,0;34,39,5;39,41,14;46,47,10
83|5|13,14,10
83|6|15,16,15;16,17,16;17,20,0;32,33,15;37,38,9;42,43,10
83|7|5,7,13;10,13,0;18,19,9;22,23,15;45,46,10
83|8|4,6,13;9,11,14;14,15,9;27,28,10
83|9|4,5,9;6,12,1;16,17,10
83|10|5,10,1;17,23,2;34,35,10
83|11|32,33,15;33,34,16;37,38,10
83|12|20,22,13;49,50,10
83|13|29,30,9;46,47,9;53,54,15;63,64,10
83|14|38,43,5;51,53,17;62,63,10
83|15|5,7,13;10,13,0;20,25,2;42,48,2;57,58,10
83|16|2,5,0;8,11,0;24,26,17;27,28,15;34,35,10
83|17|2,5,0;16,17,9;21,22,15;31,34,6;34,38,7;40,41,9;51,52,10
83|18|5,7,13;10,13,0;18,19,9;22,23,15;27,29,14;49,50,10
83|19|4,6,13;9,11,14;14,15,9;30,31,10
83|20|4,5,9;6,12,1;16,17,10
83|21|11,12,15;23,24,10
83|22|2,5,0;6,7,15;11,13,14;29,30,10
83|23|6,7,15;13,15,12;22,25,6;27,28,10
83|24|34,35,15;35,36,16;36,39,0;41,42,10
83|25|13,18,2;22,28,1;32,33,10
83|26|4,5,9;9,10,9;16,23,1;29,30,9;51,52,15;60,61,9;65,66,10
83|27|11,12,9;15,19,6;23,24,10
83|28|5,11,1;24,25,15;36,37,10
83|29|2,5,0;6,7,15;18,20,14;25,27,17;34,36,17;42,43,15;60,62,17;71,72,10
83|30|14,16,17;35,36,10
83|31|8,9,15;9,12,6;16,18,13;18,20,17;25,28,13;40,41,15;41,44,6;49,51,17;58,59,10
83|32|24,26,13;26,28,17;31,34,0;37,39,12;43,45,12;52,54,11;57,58,10
83|33|4,6,13;16,18,17;32,33,9;37,38,10
83|34|2,3,15;12,13,15;30,32,17;38,39,15;58,59,10
83|35|6,7,15;13,15,12;22,25,6;27,28,10
83|36|13,14,15;35,37,17;46,47,10
84|1|6,7,15;7,8,16;13,15,12;18,19,15;19,22,6
84|3|8,9,15
84|6|2,4,13;13,14,15;18,21,6;21,22,9;27,30,0;58,60,14;61,67,6;71,72,9;74,75,10
84|7|4,7,0;26,27,9;31,32,9
84|8|25,31,1
84|9|4,7,6;16,19,13;28,29,9
84|10|4,7,0;26,27,9;31,32,9;37,39,12
84|11|11,13,14;16,18,17
84|13|2,5,0;7,8,9;17,19,13;28,29,9
84|14|2,5,0;7,8,9;11,14,0;17,22,2;22,26,1;28,29,10
84|15|4,7,13;10,13,0;21,22,9;33,34,9
84|16|4,6,13;9,11,14;18,19,15;19,20,16;25,26,14
84|17|2,3,15;21,22,14
84|18|2,3,15;18,19,15;24,25,14
84|19|10,13,0;24,28,6;30,31,14
84|20|25,26,10
84|21|26,27,15;51,52,10
84|22|5,6,15;22,24,17;34,35,10
84|23|2,3,15;30,31,10
84|24|11,15,7;27,28,10
84|25|7,8,15;25,27,17;37,39,17;40,41,15;41,42,16;45,46,9;50,51,9;63,65,14;81,82,10
85|1|2,3,15;3,4,16;9,11,12;20,21,15;27,28,10;28,29,14
85|2|2,3,15;12,13,15;21,22,10;22,23,14
85|3|8,13,1;19,20,10;20,21,14
85|4|13,14,9;17,18,15;26,27,10;27,28,14
85|5|1,2,16;2,5,0;15,16,15;22,23,10;23,24,14
85|6|24,25,10;25,26,14
85|7|32,33,15;51,52,10;52,53,14
85|8|13,15,17;30,32,13;35,39,1;46,48,17;51,52,15;59,60,15;70,71,15;77,78,10;78,79,14
85|9|12,13,9;21,22,15;22,23,16;28,29,9;31,32,9;37,38,15;51,52,15;77,82,6;84,85,10;85,86,14
85|10|2,5,0;6,7,15;23,25,17;26,27,15;43,44,15;54,55,9;60,63,0;77,79,17;101,104,0;124,125,15;131,132,10;132,133,14
85|11|2,5,0;6,7,15;24,26,17;36,38,17;39,40,15;40,41,16;44,45,9;49,50,9;62,65,0;65,66,9;67,72,6;72,74,14;80,84,6;92,93,15;101,102,9;109,110,9;115,116,15;125,126,15;132,133,10
85|12|2,5,0;8,10,14;27,28,10;28,29,14
85|13|2,5,0;7,8,9;16,18,14;29,30,10;30,31,14
85|14|7,8,15;18,19,15;25,26,10;26,27,14
85|15|4,5,15;14,15,15;21,22,10;22,23,14
85|16|7,13,2;21,22,10;22,23,14
85|17|10,11,9;22,23,15;29,30,10;30,31,14
85|18|17,18,10;18,19,14
85|19|5,6,15;22,24,17;35,36,10;36,37,14
85|20|2,3,15;12,16,1;18,20,12;24,29,5;31,32,10;32,33,14
85|21|18,24,1;26,27,10;27,28,14
85|22|9,15,1;19,20,10
86|1|2,3,15;3,4,16;9,11,12;16,17,15;17,18,16;24,25,14
86|2|4,6,13;9,11,14;14,15,9;22,23,15;23,24,16;30,31,14
86|3|1,2,16;2,5,0;5,7,14;10,11,15;11,12,16;18,19,14
86|4|2,6,6;15,21,2;21,24,0
86|5|6,9,6;12,13,15;17,20,6;20,21,9;26,29,0;34,35,14
86|6|9,14,1;14,16,12;17,22,6;25,26,14
86|7|12,15,8;21,22,15;22,23,16;33,34,15;34,35,16;40,42,12;44,45,14
86|8|2,5,0;7,8,9;18,20,14;24,25,9
86|9|9,11,14;15,16,15;16,17,16;22,24,12
86|10|10,11,9;14,18,6;22,27,1
86|11|2,3,15;3,4,16;9,11,12;20,21,15;21,22,16;25,27,14
86|12|2,3,15;18,19,15;19,20,16;23,25,14
86|13|2,5,0;7,8,9;16,21,6
86|14|13,14,15
86|15|2,5,0
86|17|10,11,15;15,16,9
87|1|8,9,15;22,23,15
87|3|2,3,15
87|4|2,3,15;8,10,13;20,21,15
87|5|10,11,9;16,18,12
87|6|4,6,14;21,24,6
87|7|13,15,12;18,19,15;30,33,0;35,36,9;46,47,15
87|9|12,17,1;24,25,15;25,26,16
87|10|15,19,1
87|11|8,11,0;17,18,15
87|12|16,17,15;17,18,16;18,21,0;25,26,15;30,32,14
87|13|2,5,0
87|14|2,4,14;16,20,6
87|15|9,10,15;22,23,9
87|16|17,18,15;24,25,17;25,26,9;29,30,15;30,31,16
87|17|2,3,15;19,24,1;26,28,14
87|18|2,5,0;8,9,9;19,20,15;20,21,16;29,30,15
87|19|9,11,14;13,14,9
88|1|10,11,9;22,23,15;27,28,9
88|2|6,11,1;22,23,9
88|3|8,14,1
88|6|32,36,6;38,39,10
88|7|30,34,6;34,35,10
88|8|6,11,1;18,24,1
88|10|6,9,0
88|11|23,24,9
88|12|12,17,6
88|13|12,18,1
88|14|10,16,1
88|16|15,17,14
88|17|10,13,6;25,26,15
88|18|8,9,15;9,10,16;15,17,12
88|19|8,9,15
88|20|8,9,15
88|21|12,15,0;17,19,13;22,25,6
88|22|16,20,7
88|23|9,13,6
88|24|14,15,15;22,23,15;33,34,15
88|25|2,5,0;14,16,13
88|26|2,5,0;8,11,0
89|1|2,3,15;7,9,14
89|3|2,3,15;3,4,16;14,15,15
89|4|2,3,15
89|5|11,12,9;22,28,2;34,36,14
89|6|38,39,10;39,40,14
89|7|13,14,15;20,21,10;21,22,14
89|8|19,21,14;36,37,15;43,44,10;44,45,14
89|9|10,11,15;26,28,17;29,30,15;30,31,16;41,42,15;46,47,10;47,48,14
89|10|17,18,15;26,27,10;27,28,14
89|11|16,18,17;23,24,15;30,31,10;31,32,14
89|12|11,13,17;21,22,15;28,29,10;29,30,14
89|13|38,39,10;39,40,14
89|14|2,5,0;18,19,15;27,28,10;28,29,14
89|15|4,7,0;9,10,15;14,17,6;17,18,9;31,32,15;32,34,14;39,40,9;50,51,9;64,65,9;77,78,9;94,96,13
89|16|4,7,0;7,9,13;20,21,15;21,23,14;28,29,9;58,59,9;75,77,13;82,83,9
89|17|30,31,15;37,38,10
89|18|10,12,11;34,35,15;43,44,10
89|19|14,15,15;15,16,16;30,37,2;37,41,0
89|20|13,14,15;26,32,6;32,36,0
89|21|5,7,13;22,23,15;36,42,6
89|22|4,6,12;19,20,15;33,39,6
89|23|4,6,17;6,8,12;20,24,8;29,32,0;46,51,1;61,62,15;66,69,6;69,70,9;77,80,0;88,89,15;89,90,16
89|24|10,11,9
89|25|11,17,2;38,40,13;45,46,14
89|26|23,25,13;30,31,14
89|27|2,4,13;15,16,15;16,17,16;17,20,0;25,26,15;30,32,14;36,39,0
89|28|7,9,13;33,39,1
89|29|2,3,15;3,5,14;19,20,9
89|30|2,3,15;3,5,14;13,16,0
90|1|2,4,13;7,9,14;18,19,9;23,24,15;30,31,14
90|2|4,7,6;12,16,8;19,20,9;24,25,15;31,32,14
90|3|8,13,1;21,22,14
90|4|4,6,14;11,13,14;17,18,15;22,25,6;25,26,9;37,38,14
90|5|13,18,2;18,22,1;22,24,14;42,43,14
90|6|23,30,2
90|7|13,18,2;27,29,13;34,35,14
90|8|9,11,14;20,21,9;28,29,10
90|9|8,14,1;20,21,10
90|10|10,11,9;14,15,15;15,16,16;16,19,0;19,21,14;23,24,10
90|11|6,7,15;7,9,14;16,17,15
90|12|4,6,13;9,11,14;14,15,9;22,23,15
90|14|7,9,14;11,12,9;13,18,6;25,30,6
90|15|6,12,6;16,18,14
90|16|13,19,6
90|17|2,5,0;17,18,15;35,37,17;49,51,17;54,55,15;55,56,16;59,61,14;75,77,17;80,81,15
90|18|2,4,17;6,8,12;19,20,9;23,24,15
90|19|2,3,15;19,21,17;30,31,9;48,49,9;52,53,15
90|20|15,21,1
91|1|2,3,15;3,4,16;19,20,9
91|2|2,3,15;23,24,9
91|3|2,3,15;3,4,16;4,7,0;25,26,9
91|4|2,3,15;24,25,9
91|5|2,3,15;3,4,16;9,11,12;25,26,9
91|6|2,3,15;23,24,9
91|7|7,12,1;22,23,9
91|8|29,31,14;34,35,9
91|9|2,4,14;16,20,6;24,25,9
91|10|4,6,14;15,19,6;23,24,9
91|11|27,28,9
91|12|5,6,15;7,9,8;22,23,9
91|13|23,24,15;39,40,15;51,53,14;55,56,9
91|14|55,59,7;62,64,8;78,79,9
91|15|16,18,14;20,21,9
92|1|2,3,15
92|2|2,3,15;3,4,16;4,7,0
92|3|13,14,15;14,15,16;25,26,15;30,33,6
92|4|2,5,0
92|5|4,7,0;25,26,15
92|6|12,13,15
92|7|15,16,9
92|8|4,7,0;12,15,8;23,24,15
92|9|12,13,15
92|10|15,16,9
92|11|28,30,13
92|12|2,5,0
92|13|4,7,0
92|14|4,7,6;20,26,6
92|15|11,12,9;14,16,13;24,25,15
92|17|8,11,0;17,18,15
92|18|23,24,9
92|19|17,20,6;22,23,9;26,31,1;36,41,6;41,43,14
92|20|7,8,15;8,10,14;14,16,12;21,23,14;34,35,15
93|1|2,3,15;3,4,16
93|2|2,3,15
93|4|20,26,2
93|6|11,13,14;22,28,6
93|7|13,15,11;17,23,6
93|8|13,15,12;18,24,6
93|9|4,7,0;9,10,15;28,30,14
93|10|4,7,0;9,10,15;10,11,16;14,16,12
93|11|4,7,0
94|1|23,25,14
94|2|14,17,6
94|3|6,8,13;11,14,6
94|5|4,7,0;13,14,15
94|6|2,5,0;11,12,15
94|7|19,20,15;20,23,6;23,25,14
94|8|19,20,15;24,25,14
95|1|23,24,10
95|2|13,14,10
95|3|4,5,9;9,10,15;19,20,15;26,27,10
95|4|4,6,14;11,13,14;17,18,15;22,25,6;25,26,9;31,33,13;45,47,14;49,50,10
95|5|2,5,0;10,12,14;14,15,9;29,30,9;34,35,10
95|6|7,8,15;25,27,17;37,39,17;40,41,15;41,42,16;45,46,9;50,51,9;65,67,14;83,84,10
95|7|27,28,15;28,29,16;32,33,10
95|8|9,10,15;28,29,15;33,34,9;38,39,10
96|1|1,3,14;10,11,15;24,25,15;36,37,14
96|2|7,8,15;12,15,6;15,16,9;28,29,14
96|3|1,3,14;18,19,15
96|4|18,19,15
96|5|8,9,15;13,16,6;16,17,9
96|6|5,7,13;10,13,0;14,15,15;19,22,6;22,23,9;30,32,14
96|7|2,7,2;13,14,15
96|8|2,5,0;21,22,15;22,23,16;26,28,14
96|9|11,12,15
96|10|2,4,14
96|11|13,17,6;27,28,15
96|12|14,15,15;15,16,16;19,21,14
96|13|13,17,6
96|14|13,17,7;19,22,0;23,24,15
96|15|11,16,2;21,24,6;36,41,8;42,43,15;43,44,16;44,47,0
96|16|8,13,6;13,14,9
96|17|6,8,14
96|18|4,6,14;9,10,15;10,11,16
96|19|22,23,15;27,29,14;32,33,15;33,35,14;39,42,14
97|1|3,6,0;6,8,13;11,14,6;18,19,9
97|2|4,6,13;9,11,14;14,15,9;31,32,15;36,38,14
97|3|9,10,15;14,16,14;24,30,1
97|4|10,11,15;17,19,12;28,29,15;29,30,16;60,65,5;65,69,6
97|5|4,5,9;23,25,14;30,31,15;35,37,14
98|1|12,13,15;29,31,17;44,45,15;51,52,9;57,58,15;74,77,6;105,106,15
98|2|6,12,1;15,16,15;30,32,17;38,45,1
98|3|12,17,6
98|4|16,17,15;32,34,17;35,36,15;42,43,9;56,59,8;71,73,12;82,83,15
98|5|4,6,13;13,15,13;15,17,17;36,38,17;39,40,15;64,65,15;65,66,16;79,81,12;94,96,17;97,98,15;98,99,16;104,105,17;105,106,9;118,120,17;121,122,15;122,123,16;128,129,17;129,130,9;139,140,9;151,152,15
98|6|2,5,0;6,7,15;23,25,17;38,39,15;45,46,9;51,52,15;80,83,0;88,89,9;102,104,13;109,111,17;113,115,12;131,132,15
98|7|2,5,0;6,7,15;24,26,17;36,38,17;39,40,15;40,41,16;44,45,9;49,50,9;55,57,17;59,61,12;78,79,15
98|8|4,6,12;15,18,6;31,34,0;34,35,9;40,42,14;43,48,6;48,50,14;56,60,6;68,69,15;77,78,9;83,84,9;97,99,13;105,114,2;119,120,15;143,145,17;157,158,9
99|1|17,18,15
99|2|13,14,15
99|3|8,9,15;13,16,6;16,17,9
99|4|9,14,6
99|5|4,7,0
99|6|9,14,1;21,22,15;22,23,16;23,26,0;38,45,2;51,53,17;60,61,9
99|7|4,8,1;38,44,1
99|8|4,8,1;31,36,6;38,44,1
100|1|2,3,15;7,8,9;12,13,9;18,20,14
100|2|2,3,15;12,13,9;18,20,14
100|3|2,3,15;12,13,9;18,20,14
100|4|15,16,9;19,21,14
100|5|6,8,14;15,16,9
100|6|2,5,0;6,7,15;11,14,6;14,15,9;27,28,9;35,36,10;36,37,14
100|7|4,7,0;9,10,9;20,21,9;32,33,10;33,34,14
100|8|4,7,0;9,10,9;19,20,15;35,36,10;36,37,14
100|9|42,43,15;49,50,10
100|10|18,19,15;19,20,16;25,26,10
100|11|2,5,0;13,17,7;31,37,2;41,42,10
101|2|4,5,15
101|3|4,6,13;9,11,14;14,15,9;22,23,15
101|4|15,16,15;16,17,16;17,20,0;26,27,15;37,38,15;42,44,14;46,47,10
101|5|10,11,15;23,24,15;33,34,15;38,41,6;41,42,10
101|6|4,7,0;11,15,6;26,27,9
101|7|17,23,2
101|8|4,7,0;26,27,9
101|9|4,7,0;9,10,9
101|10|4,6,13;9,11,14;14,15,9
102|1|7,8,9;13,14,15;14,15,16
102|2|17,18,15
102|3|22,23,10
102|4|2,5,0;28,29,10
102|5|31,32,15;38,39,10
102|6|8,11,0;12,13,15;19,20,10
102|7|2,5,0;14,17,0;28,29,15;35,36,10
102|8|2,5,0;17,20,0;37,38,15;38,39,16;39,42,0;44,45,10
103|1|2,3,15
103|2|2,5,0;6,7,15;11,14,6;14,15,9
103|3|7,8,15;25,27,17;37,39,17;40,41,15;41,42,16;45,46,9;50,51,9;65,67,17;70,71,15;90,92,17;95,96,15;96,97,16;100,102,14
104|1|5,11,2;24,30,2
104|2|19,25,1
104|3|11,14,0;22,24,13
104|4|14,16,8;19,22,0;27,28,15
104|5|4,6,13;9,11,14;14,15,9;22,23,15
104|6|6,7,15;14,15,15
104|7|24,25,15
104|8|2,5,0;17,22,5
104|9|9,15,1
105|1|42,43,9;46,47,15;51,52,10
105|2|9,11,14;37,38,10
105|3|37,38,10
105|4|9,13,7;21,27,1;27,31,6;34,35,10
105|5|20,26,1;30,31,10
106|1|7,8,9;15,16,10
106|2|2,3,9;5,6,9;22,23,15;23,24,16;29,31,12;36,37,15;37,38,16;41,42,10
106|3|13,15,17;24,25,9;29,30,15;34,35,10
106|4|6,8,13;11,13,14;19,24,5;24,28,6;30,35,1;44,49,5;54,55,10
107|1|11,12,15;31,32,15;32,33,16;36,37,10
107|2|4,5,9;10,11,15;26,27,15;33,34,10
107|3|29,30,15;38,39,10
107|4|7,13,2;22,23,10
107|5|17,21,6;36,37,10
107|6|19,21,12;23,24,10
107|7|14,15,15;22,23,10
108|1|2,5,0;5,7,13;18,19,9;22,23,15
108|2|20,21,15
108|3|2,5,0;21,22,15;26,28,14
109|1|7,9,13;18,19,15;23,24,9;28,29,10
109|2|2,4,13;26,27,10
109|3|4,6,13;9,12,6;17,18,9;28,30,13;37,38,14
109|4|4,6,13;20,26,1;32,33,3
109|5|4,6,13;9,12,6;17,18,9;28,30,13;37,38,14
109|6|26,27,10
110|1|8,10,12;20,21,15;30,31,15
110|2|11,12,15;12,13,16;13,16,0;22,24,14;42,43,15
110|3|29,30,15;47,50,0;52,53,9
111|1|12,14,13;26,31,1;33,34,14
111|2|2,4,13;28,29,9;40,41,14
111|3|15,21,6;29,30,14
111|4|2,3,15;13,14,9;17,20,0;26,27,15;33,34,14
111|5|15,17,14;18,24,1;24,29,1;31,32,14
112|1|10,11,15;22,23,14
112|2|8,9,15;9,10,16;15,16,14
112|3|9,11,14;24,26,14
112|4|11,16,2;18,19,9;32,33,14
113|1|21,22,15;28,29,14
113|2|2,6,6;18,19,14
113|3|4,8,6;30,31,14
113|4|4,8,6;12,13,15;13,14,16;14,17,0;20,21,9;23,24,9;31,32,15;38,39,14
113|5|4,8,6;30,31,14
114|1|21,22,15;22,23,16;23,26,0;26,27,10
114|2|7,8,15;8,9,16;9,12,0;12,13,10
114|3|4,5,9;8,9,15;9,10,16;10,13,0;13,14,10
114|4|2,6,6;10,11,15;23,24,15;28,31,0;31,32,10
114|5|31,32,15;32,33,16;33,36,0;36,37,10
114|6|5,6,15;10,13,0;18,19,15;19,20,16;20,23,0;23,24,10
